Dataset_ID,Buyer_ID,Registration_Date,Search_History,View_History,Wishlist,Favorite,Purchase_History,Recommended_Products,Recommendation_Type,Recommendation_Reason,Confidence_Score,Ground_Truth,Business_Rule,Scenario_Type,Created_Date,Version,Search_History_list,Search_History_count,View_History_list,View_History_count,Wishlist_list,Wishlist_count,Favorite_list,Favorite_count,Purchase_History_list,Purchase_History_count,Recommended_Products_list,Recommended_Products_count
CS000001,BYRNEW00001,2026-08-06,,,,,,PRD002006 | PRD002483 | PRD002695 | PRD002976 | PRD001581,Trending Products,"Cold start - no user history, fallback to Trending Products",0.64,Recommended (Trending Products),BR006,COLD_START,2026-07-27,v1.0,[],0,[],0,[],0,[],0,[],0,"['PRD002006', 'PRD002483', 'PRD002695', 'PRD002976', 'PRD001581']",5
CS000002,BYRNEW00002,2026-08-04,,,,,,PRD001288 | PRD001720 | PRD002921 | PRD002074 | PRD000178,New Arrivals,"Cold start - no user history, fallback to New Arrivals",0.67,Recommended (New Arrivals),BR006,COLD_START,2026-07-09,v1.0,[],0,[],0,[],0,[],0,[],0,"['PRD001288', 'PRD001720', 'PRD002921', 'PRD002074', 'PRD000178']",5
CS000003,BYRNEW00003,2026-07-31,,,,,,PRD001566 | PRD002285 | PRD001760 | PRD001456 | PRD000241 | PRD002547 | PRD002508 | PRD002004,Trending Products,"Cold start - no user history, fallback to Trending Products",0.59,Recommended (Trending Products),BR006,COLD_START,2026-07-17,v1.0,[],0,[],0,[],0,[],0,[],0,"['PRD001566', 'PRD002285', 'PRD001760', 'PRD001456', 'PRD000241', 'PRD002547', 'PRD002508', 'PRD002004']",8
CS000004,BYRNEW00004,2026-08-05,,,,,,PRD000342 | PRD000080 | PRD002601 | PRD000947 | PRD001381,New Arrivals,"Cold start - no user history, fallback to New Arrivals",0.75,Recommended (New Arrivals),BR006,COLD_START,2026-07-15,v1.0,[],0,[],0,[],0,[],0,[],0,"['PRD000342', 'PRD000080', 'PRD002601', 'PRD000947', 'PRD001381']",5
CS000005,BYRNEW00005,2026-08-06,,,,,,PRD000988 | PRD000257 | PRD002978 | PRD001941 | PRD002511 | PRD000725 | PRD002552,New Arrivals,"Cold start - no user history, fallback to New Arrivals",0.55,Recommended (New Arrivals),BR006,COLD_START,2026-07-10,v1.0,[],0,[],0,[],0,[],0,[],0,"['PRD000988', 'PRD000257', 'PRD002978', 'PRD001941', 'PRD002511', 'PRD000725', 'PRD002552']",7
CS000006,BYRNEW00006,2026-07-31,,,,,,PRD001015 | PRD000015 | PRD002610 | PRD001763 | PRD002776,Popular Products,"Cold start - no user history, fallback to Popular Products",0.54,Recommended (Popular Products),BR006,COLD_START,2026-08-02,v1.0,[],0,[],0,[],0,[],0,[],0,"['PRD001015', 'PRD000015', 'PRD002610', 'PRD001763', 'PRD002776']",5
CS000007,BYRNEW00007,2026-08-06,,,,,,PRD001810 | PRD000239 | PRD001612,Best Seller,"Cold start - no user history, fallback to Best Seller",0.65,Recommended (Best Seller),BR006,COLD_START,2026-08-05,v1.0,[],0,[],0,[],0,[],0,[],0,"['PRD001810', 'PRD000239', 'PRD001612']",3
CS000008,BYRNEW00008,2026-08-06,,,,,,PRD001320 | PRD002728 | PRD000699 | PRD000932,Trending Products,"Cold start - no user history, fallback to Trending Products",0.65,Recommended (Trending Products),BR006,COLD_START,2026-07-13,v1.0,[],0,[],0,[],0,[],0,[],0,"['PRD001320', 'PRD002728', 'PRD000699', 'PRD000932']",4
CS000009,BYRNEW00009,2026-08-06,,,,,,PRD000993 | PRD001865 | PRD002858 | PRD000778 | PRD000790 | PRD001069,Popular Products,"Cold start - no user history, fallback to Popular Products",0.61,Recommended (Popular Products),BR006,COLD_START,2026-07-29,v1.0,[],0,[],0,[],0,[],0,[],0,"['PRD000993', 'PRD001865', 'PRD002858', 'PRD000778', 'PRD000790', 'PRD001069']",6
CS000010,BYRNEW00010,2026-08-05,,,,,,PRD000367 | PRD000074 | PRD001960 | PRD000307,Popular Products,"Cold start - no user history, fallback to Popular Products",0.72,Recommended (Popular Products),BR006,COLD_START,2026-07-17,v1.0,[],0,[],0,[],0,[],0,[],0,"['PRD000367', 'PRD000074', 'PRD001960', 'PRD000307']",4
CS000011,BYRNEW00011,2026-07-31,,,,,,PRD000279 | PRD002925 | PRD000031 | PRD002403 | PRD000718,Popular Products,"Cold start - no user history, fallback to Popular Products",0.7,Recommended (Popular Products),BR006,COLD_START,2026-07-25,v1.0,[],0,[],0,[],0,[],0,[],0,"['PRD000279', 'PRD002925', 'PRD000031', 'PRD002403', 'PRD000718']",5
CS000012,BYRNEW00012,2026-07-30,,,,,,PRD000551 | PRD000169 | PRD002575,Best Seller,"Cold start - no user history, fallback to Best Seller",0.51,Recommended (Best Seller),BR006,COLD_START,2026-07-14,v1.0,[],0,[],0,[],0,[],0,[],0,"['PRD000551', 'PRD000169', 'PRD002575']",3
CS000013,BYRNEW00013,2026-08-06,,,,,,PRD000229 | PRD001386 | PRD000123 | PRD000559 | PRD002693 | PRD001782 | PRD002317 | PRD002773,Trending Products,"Cold start - no user history, fallback to Trending Products",0.5,Recommended (Trending Products),BR006,COLD_START,2026-07-12,v1.0,[],0,[],0,[],0,[],0,[],0,"['PRD000229', 'PRD001386', 'PRD000123', 'PRD000559', 'PRD002693', 'PRD001782', 'PRD002317', 'PRD002773']",8
CS000014,BYRNEW00014,2026-08-02,,,,,,PRD002623 | PRD001992 | PRD002638 | PRD001877 | PRD002875 | PRD002569 | PRD000830 | PRD002100,New Arrivals,"Cold start - no user history, fallback to New Arrivals",0.57,Recommended (New Arrivals),BR006,COLD_START,2026-07-21,v1.0,[],0,[],0,[],0,[],0,[],0,"['PRD002623', 'PRD001992', 'PRD002638', 'PRD001877', 'PRD002875', 'PRD002569', 'PRD000830', 'PRD002100']",8
CS000015,BYRNEW00015,2026-08-05,,,,,,PRD002600 | PRD001318 | PRD000934 | PRD001662 | PRD001314 | PRD000688 | PRD001879 | PRD000802,Best Seller,"Cold start - no user history, fallback to Best Seller",0.59,Recommended (Best Seller),BR006,COLD_START,2026-07-25,v1.0,[],0,[],0,[],0,[],0,[],0,"['PRD002600', 'PRD001318', 'PRD000934', 'PRD001662', 'PRD001314', 'PRD000688', 'PRD001879', 'PRD000802']",8
CS000016,BYRNEW00016,2026-07-31,,,,,,PRD002304 | PRD000670 | PRD002845 | PRD001908 | PRD001300 | PRD002388 | PRD001659 | PRD001151,New Arrivals,"Cold start - no user history, fallback to New Arrivals",0.54,Recommended (New Arrivals),BR006,COLD_START,2026-07-29,v1.0,[],0,[],0,[],0,[],0,[],0,"['PRD002304', 'PRD000670', 'PRD002845', 'PRD001908', 'PRD001300', 'PRD002388', 'PRD001659', 'PRD001151']",8
CS000017,BYRNEW00017,2026-08-05,,,,,,PRD001459 | PRD002695 | PRD000750 | PRD000182 | PRD001070 | PRD002315 | PRD000951 | PRD001207,Trending Products,"Cold start - no user history, fallback to Trending Products",0.56,Recommended (Trending Products),BR006,COLD_START,2026-07-28,v1.0,[],0,[],0,[],0,[],0,[],0,"['PRD001459', 'PRD002695', 'PRD000750', 'PRD000182', 'PRD001070', 'PRD002315', 'PRD000951', 'PRD001207']",8
CS000018,BYRNEW00018,2026-07-31,,,,,,PRD002872 | PRD002939 | PRD001306 | PRD000308 | PRD002257,New Arrivals,"Cold start - no user history, fallback to New Arrivals",0.73,Recommended (New Arrivals),BR006,COLD_START,2026-07-21,v1.0,[],0,[],0,[],0,[],0,[],0,"['PRD002872', 'PRD002939', 'PRD001306', 'PRD000308', 'PRD002257']",5
CS000019,BYRNEW00019,2026-08-05,,,,,,PRD001059 | PRD000554 | PRD000694,New Arrivals,"Cold start - no user history, fallback to New Arrivals",0.69,Recommended (New Arrivals),BR006,COLD_START,2026-07-19,v1.0,[],0,[],0,[],0,[],0,[],0,"['PRD001059', 'PRD000554', 'PRD000694']",3
CS000020,BYRNEW00020,2026-08-03,,,,,,PRD000768 | PRD002693 | PRD002569 | PRD002069,Trending Products,"Cold start - no user history, fallback to Trending Products",0.7,Recommended (Trending Products),BR006,COLD_START,2026-07-09,v1.0,[],0,[],0,[],0,[],0,[],0,"['PRD000768', 'PRD002693', 'PRD002569', 'PRD002069']",4
CS000021,BYRNEW00021,2026-08-04,,,,,,PRD002087 | PRD000678 | PRD002679 | PRD002069 | PRD001853 | PRD000137,Trending Products,"Cold start - no user history, fallback to Trending Products",0.74,Recommended (Trending Products),BR006,COLD_START,2026-07-21,v1.0,[],0,[],0,[],0,[],0,[],0,"['PRD002087', 'PRD000678', 'PRD002679', 'PRD002069', 'PRD001853', 'PRD000137']",6
CS000022,BYRNEW00022,2026-08-05,,,,,,PRD001890 | PRD002230 | PRD002632 | PRD002186 | PRD001006 | PRD001452 | PRD000702 | PRD002366,Best Seller,"Cold start - no user history, fallback to Best Seller",0.53,Recommended (Best Seller),BR006,COLD_START,2026-07-07,v1.0,[],0,[],0,[],0,[],0,[],0,"['PRD001890', 'PRD002230', 'PRD002632', 'PRD002186', 'PRD001006', 'PRD001452', 'PRD000702', 'PRD002366']",8
CS000023,BYRNEW00023,2026-07-31,,,,,,PRD001236 | PRD000566 | PRD002533 | PRD002848 | PRD000704 | PRD000363,Best Seller,"Cold start - no user history, fallback to Best Seller",0.74,Recommended (Best Seller),BR006,COLD_START,2026-07-09,v1.0,[],0,[],0,[],0,[],0,[],0,"['PRD001236', 'PRD000566', 'PRD002533', 'PRD002848', 'PRD000704', 'PRD000363']",6
CS000024,BYRNEW00024,2026-08-02,,,,,,PRD000236 | PRD001965 | PRD000064 | PRD001461 | PRD000671 | PRD000299 | PRD002260,Best Seller,"Cold start - no user history, fallback to Best Seller",0.7,Recommended (Best Seller),BR006,COLD_START,2026-07-29,v1.0,[],0,[],0,[],0,[],0,[],0,"['PRD000236', 'PRD001965', 'PRD000064', 'PRD001461', 'PRD000671', 'PRD000299', 'PRD002260']",7
CS000025,BYRNEW00025,2026-08-04,,,,,,PRD000225 | PRD001161 | PRD001668 | PRD002876,Trending Products,"Cold start - no user history, fallback to Trending Products",0.6,Recommended (Trending Products),BR006,COLD_START,2026-07-07,v1.0,[],0,[],0,[],0,[],0,[],0,"['PRD000225', 'PRD001161', 'PRD001668', 'PRD002876']",4
CS000026,BYRNEW00026,2026-08-06,,,,,,PRD002087 | PRD001055 | PRD000922 | PRD001012,Trending Products,"Cold start - no user history, fallback to Trending Products",0.68,Recommended (Trending Products),BR006,COLD_START,2026-07-25,v1.0,[],0,[],0,[],0,[],0,[],0,"['PRD002087', 'PRD001055', 'PRD000922', 'PRD001012']",4
CS000027,BYRNEW00027,2026-07-31,,,,,,PRD000336 | PRD000385 | PRD002767 | PRD002165 | PRD002902 | PRD002723,New Arrivals,"Cold start - no user history, fallback to New Arrivals",0.74,Recommended (New Arrivals),BR006,COLD_START,2026-07-30,v1.0,[],0,[],0,[],0,[],0,[],0,"['PRD000336', 'PRD000385', 'PRD002767', 'PRD002165', 'PRD002902', 'PRD002723']",6
CS000028,BYRNEW00028,2026-08-04,,,,,,PRD001501 | PRD000363 | PRD000570 | PRD002991,New Arrivals,"Cold start - no user history, fallback to New Arrivals",0.68,Recommended (New Arrivals),BR006,COLD_START,2026-07-16,v1.0,[],0,[],0,[],0,[],0,[],0,"['PRD001501', 'PRD000363', 'PRD000570', 'PRD002991']",4
CS000029,BYRNEW00029,2026-07-30,,,,,,PRD000778 | PRD001459 | PRD002492 | PRD001557 | PRD001876 | PRD001797 | PRD000945 | PRD000497,Popular Products,"Cold start - no user history, fallback to Popular Products",0.63,Recommended (Popular Products),BR006,COLD_START,2026-07-22,v1.0,[],0,[],0,[],0,[],0,[],0,"['PRD000778', 'PRD001459', 'PRD002492', 'PRD001557', 'PRD001876', 'PRD001797', 'PRD000945', 'PRD000497']",8
CS000030,BYRNEW00030,2026-08-05,,,,,,PRD000017 | PRD002679 | PRD000363 | PRD001080 | PRD002781,Trending Products,"Cold start - no user history, fallback to Trending Products",0.57,Recommended (Trending Products),BR006,COLD_START,2026-07-14,v1.0,[],0,[],0,[],0,[],0,[],0,"['PRD000017', 'PRD002679', 'PRD000363', 'PRD001080', 'PRD002781']",5
CS000031,BYRNEW00031,2026-08-04,,,,,,PRD000678 | PRD001262 | PRD000851 | PRD000312 | PRD001763 | PRD002165,New Arrivals,"Cold start - no user history, fallback to New Arrivals",0.69,Recommended (New Arrivals),BR006,COLD_START,2026-07-28,v1.0,[],0,[],0,[],0,[],0,[],0,"['PRD000678', 'PRD001262', 'PRD000851', 'PRD000312', 'PRD001763', 'PRD002165']",6
CS000032,BYRNEW00032,2026-08-05,,,,,,PRD000017 | PRD001023 | PRD001096 | PRD000871,Best Seller,"Cold start - no user history, fallback to Best Seller",0.75,Recommended (Best Seller),BR006,COLD_START,2026-07-23,v1.0,[],0,[],0,[],0,[],0,[],0,"['PRD000017', 'PRD001023', 'PRD001096', 'PRD000871']",4
CS000033,BYRNEW00033,2026-07-31,,,,,,PRD001708 | PRD002597 | PRD002901 | PRD001581 | PRD000527 | PRD000982 | PRD000496 | PRD002773,Trending Products,"Cold start - no user history, fallback to Trending Products",0.59,Recommended (Trending Products),BR006,COLD_START,2026-07-17,v1.0,[],0,[],0,[],0,[],0,[],0,"['PRD001708', 'PRD002597', 'PRD002901', 'PRD001581', 'PRD000527', 'PRD000982', 'PRD000496', 'PRD002773']",8
CS000034,BYRNEW00034,2026-08-03,,,,,,PRD001879 | PRD001621 | PRD001108 | PRD002335 | PRD002346,New Arrivals,"Cold start - no user history, fallback to New Arrivals",0.56,Recommended (New Arrivals),BR006,COLD_START,2026-07-30,v1.0,[],0,[],0,[],0,[],0,[],0,"['PRD001879', 'PRD001621', 'PRD001108', 'PRD002335', 'PRD002346']",5
CS000035,BYRNEW00035,2026-07-30,,,,,,PRD001603 | PRD002198 | PRD000034 | PRD002610 | PRD002738 | PRD000945,Popular Products,"Cold start - no user history, fallback to Popular Products",0.74,Recommended (Popular Products),BR006,COLD_START,2026-07-28,v1.0,[],0,[],0,[],0,[],0,[],0,"['PRD001603', 'PRD002198', 'PRD000034', 'PRD002610', 'PRD002738', 'PRD000945']",6
CS000036,BYRNEW00036,2026-08-06,,,,,,PRD000583 | PRD000785 | PRD001412 | PRD001512 | PRD002202 | PRD000157,Trending Products,"Cold start - no user history, fallback to Trending Products",0.59,Recommended (Trending Products),BR006,COLD_START,2026-08-01,v1.0,[],0,[],0,[],0,[],0,[],0,"['PRD000583', 'PRD000785', 'PRD001412', 'PRD001512', 'PRD002202', 'PRD000157']",6
CS000037,BYRNEW00037,2026-08-06,,,,,,PRD000641 | PRD001024 | PRD001362 | PRD000202,Popular Products,"Cold start - no user history, fallback to Popular Products",0.66,Recommended (Popular Products),BR006,COLD_START,2026-07-30,v1.0,[],0,[],0,[],0,[],0,[],0,"['PRD000641', 'PRD001024', 'PRD001362', 'PRD000202']",4
CS000038,BYRNEW00038,2026-08-03,,,,,,PRD002459 | PRD002999 | PRD000275 | PRD002311 | PRD002288 | PRD001851,New Arrivals,"Cold start - no user history, fallback to New Arrivals",0.61,Recommended (New Arrivals),BR006,COLD_START,2026-07-19,v1.0,[],0,[],0,[],0,[],0,[],0,"['PRD002459', 'PRD002999', 'PRD000275', 'PRD002311', 'PRD002288', 'PRD001851']",6
CS000039,BYRNEW00039,2026-08-02,,,,,,PRD002789 | PRD001315 | PRD002384 | PRD000604 | PRD000147 | PRD000619,New Arrivals,"Cold start - no user history, fallback to New Arrivals",0.54,Recommended (New Arrivals),BR006,COLD_START,2026-07-07,v1.0,[],0,[],0,[],0,[],0,[],0,"['PRD002789', 'PRD001315', 'PRD002384', 'PRD000604', 'PRD000147', 'PRD000619']",6
CS000040,BYRNEW00040,2026-08-02,,,,,,PRD001145 | PRD002764 | PRD001984 | PRD002658 | PRD001506 | PRD001295,Best Seller,"Cold start - no user history, fallback to Best Seller",0.65,Recommended (Best Seller),BR006,COLD_START,2026-07-10,v1.0,[],0,[],0,[],0,[],0,[],0,"['PRD001145', 'PRD002764', 'PRD001984', 'PRD002658', 'PRD001506', 'PRD001295']",6
CS000041,BYRNEW00041,2026-08-05,,,,,,PRD002514 | PRD002354 | PRD000358 | PRD000768 | PRD001782 | PRD000309 | PRD000058 | PRD001468,New Arrivals,"Cold start - no user history, fallback to New Arrivals",0.69,Recommended (New Arrivals),BR006,COLD_START,2026-07-29,v1.0,[],0,[],0,[],0,[],0,[],0,"['PRD002514', 'PRD002354', 'PRD000358', 'PRD000768', 'PRD001782', 'PRD000309', 'PRD000058', 'PRD001468']",8
CS000042,BYRNEW00042,2026-08-06,,,,,,PRD002115 | PRD001824 | PRD001512 | PRD001907,Trending Products,"Cold start - no user history, fallback to Trending Products",0.56,Recommended (Trending Products),BR006,COLD_START,2026-07-28,v1.0,[],0,[],0,[],0,[],0,[],0,"['PRD002115', 'PRD001824', 'PRD001512', 'PRD001907']",4
CS000043,BYRNEW00043,2026-08-02,,,,,,PRD001898 | PRD002472 | PRD002067 | PRD001749 | PRD002709,Best Seller,"Cold start - no user history, fallback to Best Seller",0.67,Recommended (Best Seller),BR006,COLD_START,2026-07-14,v1.0,[],0,[],0,[],0,[],0,[],0,"['PRD001898', 'PRD002472', 'PRD002067', 'PRD001749', 'PRD002709']",5
CS000044,BYRNEW00044,2026-08-04,,,,,,PRD002869 | PRD002679 | PRD002087 | PRD001549 | PRD000778 | PRD002474 | PRD002856,Trending Products,"Cold start - no user history, fallback to Trending Products",0.53,Recommended (Trending Products),BR006,COLD_START,2026-08-02,v1.0,[],0,[],0,[],0,[],0,[],0,"['PRD002869', 'PRD002679', 'PRD002087', 'PRD001549', 'PRD000778', 'PRD002474', 'PRD002856']",7
CS000045,BYRNEW00045,2026-07-31,,,,,,PRD000162 | PRD002338 | PRD001416 | PRD001401 | PRD002416,New Arrivals,"Cold start - no user history, fallback to New Arrivals",0.74,Recommended (New Arrivals),BR006,COLD_START,2026-07-24,v1.0,[],0,[],0,[],0,[],0,[],0,"['PRD000162', 'PRD002338', 'PRD001416', 'PRD001401', 'PRD002416']",5
CS000046,BYRNEW00046,2026-08-04,,,,,,PRD002822 | PRD000587 | PRD001897 | PRD001556 | PRD000785,Popular Products,"Cold start - no user history, fallback to Popular Products",0.64,Recommended (Popular Products),BR006,COLD_START,2026-07-24,v1.0,[],0,[],0,[],0,[],0,[],0,"['PRD002822', 'PRD000587', 'PRD001897', 'PRD001556', 'PRD000785']",5
CS000047,BYRNEW00047,2026-07-30,,,,,,PRD001853 | PRD001914 | PRD002839 | PRD000068 | PRD000215 | PRD001012 | PRD002069 | PRD002004,Trending Products,"Cold start - no user history, fallback to Trending Products",0.7,Recommended (Trending Products),BR006,COLD_START,2026-07-12,v1.0,[],0,[],0,[],0,[],0,[],0,"['PRD001853', 'PRD001914', 'PRD002839', 'PRD000068', 'PRD000215', 'PRD001012', 'PRD002069', 'PRD002004']",8
CS000048,BYRNEW00048,2026-08-02,,,,,,PRD001015 | PRD000705 | PRD001252 | PRD001334 | PRD000173 | PRD002482,New Arrivals,"Cold start - no user history, fallback to New Arrivals",0.6,Recommended (New Arrivals),BR006,COLD_START,2026-07-30,v1.0,[],0,[],0,[],0,[],0,[],0,"['PRD001015', 'PRD000705', 'PRD001252', 'PRD001334', 'PRD000173', 'PRD002482']",6
CS000049,BYRNEW00049,2026-08-03,,,,,,PRD001765 | PRD002270 | PRD001368 | PRD000173 | PRD002709 | PRD001909,Best Seller,"Cold start - no user history, fallback to Best Seller",0.73,Recommended (Best Seller),BR006,COLD_START,2026-07-25,v1.0,[],0,[],0,[],0,[],0,[],0,"['PRD001765', 'PRD002270', 'PRD001368', 'PRD000173', 'PRD002709', 'PRD001909']",6
CS000050,BYRNEW00050,2026-08-04,,,,,,PRD000135 | PRD001741 | PRD000759 | PRD002070 | PRD000537 | PRD001775 | PRD002694 | PRD002547,New Arrivals,"Cold start - no user history, fallback to New Arrivals",0.75,Recommended (New Arrivals),BR006,COLD_START,2026-07-31,v1.0,[],0,[],0,[],0,[],0,[],0,"['PRD000135', 'PRD001741', 'PRD000759', 'PRD002070', 'PRD000537', 'PRD001775', 'PRD002694', 'PRD002547']",8
CS000051,BYRNEW00051,2026-08-05,,,,,,PRD001512 | PRD002814 | PRD000967 | PRD000127 | PRD002357,New Arrivals,"Cold start - no user history, fallback to New Arrivals",0.51,Recommended (New Arrivals),BR006,COLD_START,2026-07-26,v1.0,[],0,[],0,[],0,[],0,[],0,"['PRD001512', 'PRD002814', 'PRD000967', 'PRD000127', 'PRD002357']",5
CS000052,BYRNEW00052,2026-08-04,,,,,,PRD002783 | PRD002678 | PRD001704 | PRD002605,Popular Products,"Cold start - no user history, fallback to Popular Products",0.56,Recommended (Popular Products),BR006,COLD_START,2026-08-04,v1.0,[],0,[],0,[],0,[],0,[],0,"['PRD002783', 'PRD002678', 'PRD001704', 'PRD002605']",4
CS000053,BYRNEW00053,2026-08-04,,,,,,PRD001320 | PRD001736 | PRD000068 | PRD000519 | PRD000113 | PRD002547,Trending Products,"Cold start - no user history, fallback to Trending Products",0.55,Recommended (Trending Products),BR006,COLD_START,2026-07-08,v1.0,[],0,[],0,[],0,[],0,[],0,"['PRD001320', 'PRD001736', 'PRD000068', 'PRD000519', 'PRD000113', 'PRD002547']",6
CS000054,BYRNEW00054,2026-08-02,,,,,,PRD000489 | PRD000475 | PRD002202 | PRD002315 | PRD001803 | PRD001805,Trending Products,"Cold start - no user history, fallback to Trending Products",0.55,Recommended (Trending Products),BR006,COLD_START,2026-07-19,v1.0,[],0,[],0,[],0,[],0,[],0,"['PRD000489', 'PRD000475', 'PRD002202', 'PRD002315', 'PRD001803', 'PRD001805']",6
CS000055,BYRNEW00055,2026-07-30,,,,,,PRD000756 | PRD001897 | PRD000361,Popular Products,"Cold start - no user history, fallback to Popular Products",0.55,Recommended (Popular Products),BR006,COLD_START,2026-07-27,v1.0,[],0,[],0,[],0,[],0,[],0,"['PRD000756', 'PRD001897', 'PRD000361']",3
CS000056,BYRNEW00056,2026-08-06,,,,,,PRD000137 | PRD000229 | PRD002004 | PRD001236 | PRD000807 | PRD000523,Trending Products,"Cold start - no user history, fallback to Trending Products",0.67,Recommended (Trending Products),BR006,COLD_START,2026-07-29,v1.0,[],0,[],0,[],0,[],0,[],0,"['PRD000137', 'PRD000229', 'PRD002004', 'PRD001236', 'PRD000807', 'PRD000523']",6
CS000057,BYRNEW00057,2026-08-06,,,,,,PRD000256 | PRD002706 | PRD000408 | PRD001378 | PRD000099,Best Seller,"Cold start - no user history, fallback to Best Seller",0.71,Recommended (Best Seller),BR006,COLD_START,2026-08-01,v1.0,[],0,[],0,[],0,[],0,[],0,"['PRD000256', 'PRD002706', 'PRD000408', 'PRD001378', 'PRD000099']",5
CS000058,BYRNEW00058,2026-08-02,,,,,,PRD002029 | PRD001543 | PRD000866 | PRD002864 | PRD000656,New Arrivals,"Cold start - no user history, fallback to New Arrivals",0.64,Recommended (New Arrivals),BR006,COLD_START,2026-07-12,v1.0,[],0,[],0,[],0,[],0,[],0,"['PRD002029', 'PRD001543', 'PRD000866', 'PRD002864', 'PRD000656']",5
CS000059,BYRNEW00059,2026-07-30,,,,,,PRD002058 | PRD002004 | PRD000814 | PRD000785 | PRD000686 | PRD001161 | PRD001914 | PRD001008,Trending Products,"Cold start - no user history, fallback to Trending Products",0.67,Recommended (Trending Products),BR006,COLD_START,2026-07-15,v1.0,[],0,[],0,[],0,[],0,[],0,"['PRD002058', 'PRD002004', 'PRD000814', 'PRD000785', 'PRD000686', 'PRD001161', 'PRD001914', 'PRD001008']",8
CS000060,BYRNEW00060,2026-07-31,,,,,,PRD001842 | PRD001080 | PRD002824 | PRD001721,New Arrivals,"Cold start - no user history, fallback to New Arrivals",0.57,Recommended (New Arrivals),BR006,COLD_START,2026-07-12,v1.0,[],0,[],0,[],0,[],0,[],0,"['PRD001842', 'PRD001080', 'PRD002824', 'PRD001721']",4
CS000061,BYRNEW00061,2026-07-31,,,,,,PRD000016 | PRD002870 | PRD000074 | PRD000547 | PRD001275 | PRD002610 | PRD002021 | PRD000307,Popular Products,"Cold start - no user history, fallback to Popular Products",0.61,Recommended (Popular Products),BR006,COLD_START,2026-07-09,v1.0,[],0,[],0,[],0,[],0,[],0,"['PRD000016', 'PRD002870', 'PRD000074', 'PRD000547', 'PRD001275', 'PRD002610', 'PRD002021', 'PRD000307']",8
CS000062,BYRNEW00062,2026-07-31,,,,,,PRD002039 | PRD002381 | PRD000488 | PRD002835 | PRD000325 | PRD000801,Best Seller,"Cold start - no user history, fallback to Best Seller",0.66,Recommended (Best Seller),BR006,COLD_START,2026-07-29,v1.0,[],0,[],0,[],0,[],0,[],0,"['PRD002039', 'PRD002381', 'PRD000488', 'PRD002835', 'PRD000325', 'PRD000801']",6
CS000063,BYRNEW00063,2026-08-06,,,,,,PRD001097 | PRD002693 | PRD000807 | PRD001014 | PRD002880 | PRD000915,Trending Products,"Cold start - no user history, fallback to Trending Products",0.54,Recommended (Trending Products),BR006,COLD_START,2026-07-09,v1.0,[],0,[],0,[],0,[],0,[],0,"['PRD001097', 'PRD002693', 'PRD000807', 'PRD001014', 'PRD002880', 'PRD000915']",6
CS000064,BYRNEW00064,2026-08-05,,,,,,PRD000497 | PRD001687 | PRD002858 | PRD002109 | PRD001556,Popular Products,"Cold start - no user history, fallback to Popular Products",0.55,Recommended (Popular Products),BR006,COLD_START,2026-07-18,v1.0,[],0,[],0,[],0,[],0,[],0,"['PRD000497', 'PRD001687', 'PRD002858', 'PRD002109', 'PRD001556']",5
CS000065,BYRNEW00065,2026-08-04,,,,,,PRD001407 | PRD000134 | PRD000390 | PRD001419,Best Seller,"Cold start - no user history, fallback to Best Seller",0.72,Recommended (Best Seller),BR006,COLD_START,2026-07-25,v1.0,[],0,[],0,[],0,[],0,[],0,"['PRD001407', 'PRD000134', 'PRD000390', 'PRD001419']",4
CS000066,BYRNEW00066,2026-08-01,,,,,,PRD001541 | PRD001736 | PRD002695,Trending Products,"Cold start - no user history, fallback to Trending Products",0.66,Recommended (Trending Products),BR006,COLD_START,2026-07-21,v1.0,[],0,[],0,[],0,[],0,[],0,"['PRD001541', 'PRD001736', 'PRD002695']",3
CS000067,BYRNEW00067,2026-07-31,,,,,,PRD002693 | PRD002582 | PRD002507 | PRD001755 | PRD000163 | PRD000153 | PRD000072 | PRD000209,New Arrivals,"Cold start - no user history, fallback to New Arrivals",0.66,Recommended (New Arrivals),BR006,COLD_START,2026-07-08,v1.0,[],0,[],0,[],0,[],0,[],0,"['PRD002693', 'PRD002582', 'PRD002507', 'PRD001755', 'PRD000163', 'PRD000153', 'PRD000072', 'PRD000209']",8
CS000068,BYRNEW00068,2026-08-05,,,,,,PRD001603 | PRD001865 | PRD002550,Popular Products,"Cold start - no user history, fallback to Popular Products",0.54,Recommended (Popular Products),BR006,COLD_START,2026-07-17,v1.0,[],0,[],0,[],0,[],0,[],0,"['PRD001603', 'PRD001865', 'PRD002550']",3
CS000069,BYRNEW00069,2026-08-01,,,,,,PRD001040 | PRD000901 | PRD000855 | PRD002897 | PRD001617 | PRD000809,New Arrivals,"Cold start - no user history, fallback to New Arrivals",0.63,Recommended (New Arrivals),BR006,COLD_START,2026-07-07,v1.0,[],0,[],0,[],0,[],0,[],0,"['PRD001040', 'PRD000901', 'PRD000855', 'PRD002897', 'PRD001617', 'PRD000809']",6
CS000070,BYRNEW00070,2026-07-31,,,,,,PRD001108 | PRD002993 | PRD002865 | PRD002343 | PRD000355 | PRD000715,Best Seller,"Cold start - no user history, fallback to Best Seller",0.74,Recommended (Best Seller),BR006,COLD_START,2026-07-10,v1.0,[],0,[],0,[],0,[],0,[],0,"['PRD001108', 'PRD002993', 'PRD002865', 'PRD002343', 'PRD000355', 'PRD000715']",6
CS000071,BYRNEW00071,2026-08-03,,,,,,PRD000191 | PRD002445 | PRD001241 | PRD002526 | PRD001287 | PRD001092,Best Seller,"Cold start - no user history, fallback to Best Seller",0.52,Recommended (Best Seller),BR006,COLD_START,2026-07-18,v1.0,[],0,[],0,[],0,[],0,[],0,"['PRD000191', 'PRD002445', 'PRD001241', 'PRD002526', 'PRD001287', 'PRD001092']",6
CS000072,BYRNEW00072,2026-08-03,,,,,,PRD001012 | PRD000204 | PRD000310 | PRD002976 | PRD001438 | PRD001495 | PRD001416,Trending Products,"Cold start - no user history, fallback to Trending Products",0.72,Recommended (Trending Products),BR006,COLD_START,2026-07-12,v1.0,[],0,[],0,[],0,[],0,[],0,"['PRD001012', 'PRD000204', 'PRD000310', 'PRD002976', 'PRD001438', 'PRD001495', 'PRD001416']",7
CS000073,BYRNEW00073,2026-08-01,,,,,,PRD001523 | PRD000016 | PRD001249,Popular Products,"Cold start - no user history, fallback to Popular Products",0.74,Recommended (Popular Products),BR006,COLD_START,2026-07-19,v1.0,[],0,[],0,[],0,[],0,[],0,"['PRD001523', 'PRD000016', 'PRD001249']",3
CS000074,BYRNEW00074,2026-08-03,,,,,,PRD002564 | PRD001188 | PRD000781 | PRD001437 | PRD000648 | PRD002539,Best Seller,"Cold start - no user history, fallback to Best Seller",0.51,Recommended (Best Seller),BR006,COLD_START,2026-08-01,v1.0,[],0,[],0,[],0,[],0,[],0,"['PRD002564', 'PRD001188', 'PRD000781', 'PRD001437', 'PRD000648', 'PRD002539']",6
CS000075,BYRNEW00075,2026-08-06,,,,,,PRD002067 | PRD002647 | PRD000836 | PRD002775 | PRD000785 | PRD000528 | PRD002085 | PRD000031,Popular Products,"Cold start - no user history, fallback to Popular Products",0.72,Recommended (Popular Products),BR006,COLD_START,2026-07-23,v1.0,[],0,[],0,[],0,[],0,[],0,"['PRD002067', 'PRD002647', 'PRD000836', 'PRD002775', 'PRD000785', 'PRD000528', 'PRD002085', 'PRD000031']",8
CS000076,BYRNEW00076,2026-07-31,,,,,,PRD000015 | PRD001024 | PRD000641 | PRD002260 | PRD002817 | PRD002540 | PRD002147 | PRD001301,Popular Products,"Cold start - no user history, fallback to Popular Products",0.73,Recommended (Popular Products),BR006,COLD_START,2026-07-28,v1.0,[],0,[],0,[],0,[],0,[],0,"['PRD000015', 'PRD001024', 'PRD000641', 'PRD002260', 'PRD002817', 'PRD002540', 'PRD002147', 'PRD001301']",8
CS000077,BYRNEW00077,2026-07-31,,,,,,PRD000903 | PRD002454 | PRD002625 | PRD000031 | PRD000412 | PRD000683 | PRD001324,Popular Products,"Cold start - no user history, fallback to Popular Products",0.51,Recommended (Popular Products),BR006,COLD_START,2026-07-19,v1.0,[],0,[],0,[],0,[],0,[],0,"['PRD000903', 'PRD002454', 'PRD002625', 'PRD000031', 'PRD000412', 'PRD000683', 'PRD001324']",7
CS000078,BYRNEW00078,2026-08-05,,,,,,PRD000983 | PRD002772 | PRD000344 | PRD002369 | PRD002423 | PRD000713 | PRD000923 | PRD002508,Trending Products,"Cold start - no user history, fallback to Trending Products",0.56,Recommended (Trending Products),BR006,COLD_START,2026-07-09,v1.0,[],0,[],0,[],0,[],0,[],0,"['PRD000983', 'PRD002772', 'PRD000344', 'PRD002369', 'PRD002423', 'PRD000713', 'PRD000923', 'PRD002508']",8
CS000079,BYRNEW00079,2026-08-06,,,,,,PRD000664 | PRD000713 | PRD000269 | PRD002004 | PRD001907 | PRD002880,Trending Products,"Cold start - no user history, fallback to Trending Products",0.62,Recommended (Trending Products),BR006,COLD_START,2026-07-14,v1.0,[],0,[],0,[],0,[],0,[],0,"['PRD000664', 'PRD000713', 'PRD000269', 'PRD002004', 'PRD001907', 'PRD002880']",6
CS000080,BYRNEW00080,2026-07-30,,,,,,PRD001658 | PRD001107 | PRD001457 | PRD002251,Best Seller,"Cold start - no user history, fallback to Best Seller",0.68,Recommended (Best Seller),BR006,COLD_START,2026-07-18,v1.0,[],0,[],0,[],0,[],0,[],0,"['PRD001658', 'PRD001107', 'PRD001457', 'PRD002251']",4
CS000081,BYRNEW00081,2026-08-03,,,,,,PRD001020 | PRD000199 | PRD001115,New Arrivals,"Cold start - no user history, fallback to New Arrivals",0.53,Recommended (New Arrivals),BR006,COLD_START,2026-07-13,v1.0,[],0,[],0,[],0,[],0,[],0,"['PRD001020', 'PRD000199', 'PRD001115']",3
CS000082,BYRNEW00082,2026-08-06,,,,,,PRD000319 | PRD000143 | PRD002282,New Arrivals,"Cold start - no user history, fallback to New Arrivals",0.72,Recommended (New Arrivals),BR006,COLD_START,2026-07-13,v1.0,[],0,[],0,[],0,[],0,[],0,"['PRD000319', 'PRD000143', 'PRD002282']",3
CS000083,BYRNEW00083,2026-08-05,,,,,,PRD000750 | PRD000494 | PRD002733 | PRD002285 | PRD002710 | PRD000698,Trending Products,"Cold start - no user history, fallback to Trending Products",0.65,Recommended (Trending Products),BR006,COLD_START,2026-07-20,v1.0,[],0,[],0,[],0,[],0,[],0,"['PRD000750', 'PRD000494', 'PRD002733', 'PRD002285', 'PRD002710', 'PRD000698']",6
CS000084,BYRNEW00084,2026-07-30,,,,,,PRD001782 | PRD001097 | PRD000540 | PRD002649 | PRD001012 | PRD002547 | PRD002483 | PRD002952,Trending Products,"Cold start - no user history, fallback to Trending Products",0.57,Recommended (Trending Products),BR006,COLD_START,2026-08-04,v1.0,[],0,[],0,[],0,[],0,[],0,"['PRD001782', 'PRD001097', 'PRD000540', 'PRD002649', 'PRD001012', 'PRD002547', 'PRD002483', 'PRD002952']",8
CS000085,BYRNEW00085,2026-08-02,,,,,,PRD000807 | PRD000425 | PRD001236 | PRD002693 | PRD000341,Trending Products,"Cold start - no user history, fallback to Trending Products",0.64,Recommended (Trending Products),BR006,COLD_START,2026-07-12,v1.0,[],0,[],0,[],0,[],0,[],0,"['PRD000807', 'PRD000425', 'PRD001236', 'PRD002693', 'PRD000341']",5
CS000086,BYRNEW00086,2026-08-06,,,,,,PRD000291 | PRD001136 | PRD000089 | PRD002378 | PRD002268 | PRD002123 | PRD000586 | PRD002981,New Arrivals,"Cold start - no user history, fallback to New Arrivals",0.66,Recommended (New Arrivals),BR006,COLD_START,2026-08-01,v1.0,[],0,[],0,[],0,[],0,[],0,"['PRD000291', 'PRD001136', 'PRD000089', 'PRD002378', 'PRD002268', 'PRD002123', 'PRD000586', 'PRD002981']",8
CS000087,BYRNEW00087,2026-08-03,,,,,,PRD000509 | PRD002384 | PRD002699 | PRD001000 | PRD002598,Best Seller,"Cold start - no user history, fallback to Best Seller",0.62,Recommended (Best Seller),BR006,COLD_START,2026-07-13,v1.0,[],0,[],0,[],0,[],0,[],0,"['PRD000509', 'PRD002384', 'PRD002699', 'PRD001000', 'PRD002598']",5
CS000088,BYRNEW00088,2026-08-03,,,,,,PRD001753 | PRD001805 | PRD001320 | PRD001386 | PRD002089 | PRD002869 | PRD000486,Trending Products,"Cold start - no user history, fallback to Trending Products",0.52,Recommended (Trending Products),BR006,COLD_START,2026-07-23,v1.0,[],0,[],0,[],0,[],0,[],0,"['PRD001753', 'PRD001805', 'PRD001320', 'PRD001386', 'PRD002089', 'PRD002869', 'PRD000486']",7
CS000089,BYRNEW00089,2026-08-05,,,,,,PRD002492 | PRD002931 | PRD001704 | PRD000253 | PRD000307 | PRD000210,Popular Products,"Cold start - no user history, fallback to Popular Products",0.58,Recommended (Popular Products),BR006,COLD_START,2026-07-08,v1.0,[],0,[],0,[],0,[],0,[],0,"['PRD002492', 'PRD002931', 'PRD001704', 'PRD000253', 'PRD000307', 'PRD000210']",6
CS000090,BYRNEW00090,2026-08-04,,,,,,PRD001863 | PRD000787 | PRD000332 | PRD000031 | PRD001564 | PRD000328 | PRD000788,Best Seller,"Cold start - no user history, fallback to Best Seller",0.6,Recommended (Best Seller),BR006,COLD_START,2026-07-10,v1.0,[],0,[],0,[],0,[],0,[],0,"['PRD001863', 'PRD000787', 'PRD000332', 'PRD000031', 'PRD001564', 'PRD000328', 'PRD000788']",7
CS000091,BYRNEW00091,2026-07-30,,,,,,PRD002993 | PRD000443 | PRD000587 | PRD000509 | PRD002678 | PRD000164,Popular Products,"Cold start - no user history, fallback to Popular Products",0.56,Recommended (Popular Products),BR006,COLD_START,2026-07-16,v1.0,[],0,[],0,[],0,[],0,[],0,"['PRD002993', 'PRD000443', 'PRD000587', 'PRD000509', 'PRD002678', 'PRD000164']",6
CS000092,BYRNEW00092,2026-08-03,,,,,,PRD000802 | PRD002123 | PRD002668 | PRD002947,Best Seller,"Cold start - no user history, fallback to Best Seller",0.74,Recommended (Best Seller),BR006,COLD_START,2026-07-21,v1.0,[],0,[],0,[],0,[],0,[],0,"['PRD000802', 'PRD002123', 'PRD002668', 'PRD002947']",4
CS000093,BYRNEW00093,2026-08-02,,,,,,PRD002635 | PRD001233 | PRD002550 | PRD000074 | PRD001687,Popular Products,"Cold start - no user history, fallback to Popular Products",0.74,Recommended (Popular Products),BR006,COLD_START,2026-07-16,v1.0,[],0,[],0,[],0,[],0,[],0,"['PRD002635', 'PRD001233', 'PRD002550', 'PRD000074', 'PRD001687']",5
CS000094,BYRNEW00094,2026-08-03,,,,,,PRD002597 | PRD002198 | PRD001302 | PRD002351 | PRD001438,Trending Products,"Cold start - no user history, fallback to Trending Products",0.57,Recommended (Trending Products),BR006,COLD_START,2026-07-17,v1.0,[],0,[],0,[],0,[],0,[],0,"['PRD002597', 'PRD002198', 'PRD001302', 'PRD002351', 'PRD001438']",5
CS000095,BYRNEW00095,2026-07-31,,,,,,PRD000796 | PRD001386 | PRD002315,Trending Products,"Cold start - no user history, fallback to Trending Products",0.53,Recommended (Trending Products),BR006,COLD_START,2026-07-25,v1.0,[],0,[],0,[],0,[],0,[],0,"['PRD000796', 'PRD001386', 'PRD002315']",3
CS000096,BYRNEW00096,2026-08-05,,,,,,PRD000130 | PRD002695 | PRD002948 | PRD001749 | PRD001914 | PRD002855 | PRD000127,Trending Products,"Cold start - no user history, fallback to Trending Products",0.66,Recommended (Trending Products),BR006,COLD_START,2026-07-08,v1.0,[],0,[],0,[],0,[],0,[],0,"['PRD000130', 'PRD002695', 'PRD002948', 'PRD001749', 'PRD001914', 'PRD002855', 'PRD000127']",7
CS000097,BYRNEW00097,2026-08-01,,,,,,PRD000390 | PRD001402 | PRD000443,Popular Products,"Cold start - no user history, fallback to Popular Products",0.53,Recommended (Popular Products),BR006,COLD_START,2026-07-26,v1.0,[],0,[],0,[],0,[],0,[],0,"['PRD000390', 'PRD001402', 'PRD000443']",3
CS000098,BYRNEW00098,2026-08-01,,,,,,PRD001496 | PRD002067 | PRD002248,Popular Products,"Cold start - no user history, fallback to Popular Products",0.6,Recommended (Popular Products),BR006,COLD_START,2026-07-17,v1.0,[],0,[],0,[],0,[],0,[],0,"['PRD001496', 'PRD002067', 'PRD002248']",3
CS000099,BYRNEW00099,2026-07-30,,,,,,PRD002979 | PRD002203 | PRD002625 | PRD001561 | PRD000528 | PRD000881 | PRD002171,New Arrivals,"Cold start - no user history, fallback to New Arrivals",0.53,Recommended (New Arrivals),BR006,COLD_START,2026-07-21,v1.0,[],0,[],0,[],0,[],0,[],0,"['PRD002979', 'PRD002203', 'PRD002625', 'PRD001561', 'PRD000528', 'PRD000881', 'PRD002171']",7
CS000100,BYRNEW00100,2026-08-02,,,,,,PRD001227 | PRD000563 | PRD001955 | PRD000137,Best Seller,"Cold start - no user history, fallback to Best Seller",0.66,Recommended (Best Seller),BR006,COLD_START,2026-07-18,v1.0,[],0,[],0,[],0,[],0,[],0,"['PRD001227', 'PRD000563', 'PRD001955', 'PRD000137']",4
CS000101,BYRNEW00101,2026-08-04,,,,,,PRD001142 | PRD000930 | PRD002983 | PRD001974 | PRD000584 | PRD002343 | PRD002536 | PRD001422,Best Seller,"Cold start - no user history, fallback to Best Seller",0.53,Recommended (Best Seller),BR006,COLD_START,2026-08-01,v1.0,[],0,[],0,[],0,[],0,[],0,"['PRD001142', 'PRD000930', 'PRD002983', 'PRD001974', 'PRD000584', 'PRD002343', 'PRD002536', 'PRD001422']",8
CS000102,BYRNEW00102,2026-08-01,,,,,,PRD001789 | PRD001736 | PRD002058,Trending Products,"Cold start - no user history, fallback to Trending Products",0.72,Recommended (Trending Products),BR006,COLD_START,2026-08-04,v1.0,[],0,[],0,[],0,[],0,[],0,"['PRD001789', 'PRD001736', 'PRD002058']",3
CS000103,BYRNEW00103,2026-08-03,,,,,,PRD003000 | PRD002779 | PRD000904 | PRD002203 | PRD002681,Best Seller,"Cold start - no user history, fallback to Best Seller",0.6,Recommended (Best Seller),BR006,COLD_START,2026-07-10,v1.0,[],0,[],0,[],0,[],0,[],0,"['PRD003000', 'PRD002779', 'PRD000904', 'PRD002203', 'PRD002681']",5
CS000104,BYRNEW00104,2026-08-04,,,,,,PRD000639 | PRD002547 | PRD001691 | PRD001057,Popular Products,"Cold start - no user history, fallback to Popular Products",0.56,Recommended (Popular Products),BR006,COLD_START,2026-07-17,v1.0,[],0,[],0,[],0,[],0,[],0,"['PRD000639', 'PRD002547', 'PRD001691', 'PRD001057']",4
CS000105,BYRNEW00105,2026-07-31,,,,,,PRD002883 | PRD002108 | PRD000320 | PRD002148 | PRD000665 | PRD002705 | PRD001499 | PRD000518,New Arrivals,"Cold start - no user history, fallback to New Arrivals",0.52,Recommended (New Arrivals),BR006,COLD_START,2026-08-01,v1.0,[],0,[],0,[],0,[],0,[],0,"['PRD002883', 'PRD002108', 'PRD000320', 'PRD002148', 'PRD000665', 'PRD002705', 'PRD001499', 'PRD000518']",8
CS000106,BYRNEW00106,2026-08-05,,,,,,PRD002254 | PRD001466 | PRD000443 | PRD000760,Popular Products,"Cold start - no user history, fallback to Popular Products",0.51,Recommended (Popular Products),BR006,COLD_START,2026-07-18,v1.0,[],0,[],0,[],0,[],0,[],0,"['PRD002254', 'PRD001466', 'PRD000443', 'PRD000760']",4
CS000107,BYRNEW00107,2026-08-02,,,,,,PRD001864 | PRD002596 | PRD002907,New Arrivals,"Cold start - no user history, fallback to New Arrivals",0.61,Recommended (New Arrivals),BR006,COLD_START,2026-07-21,v1.0,[],0,[],0,[],0,[],0,[],0,"['PRD001864', 'PRD002596', 'PRD002907']",3
CS000108,BYRNEW00108,2026-08-05,,,,,,PRD001589 | PRD000075 | PRD000760 | PRD002509 | PRD002540,Popular Products,"Cold start - no user history, fallback to Popular Products",0.74,Recommended (Popular Products),BR006,COLD_START,2026-07-09,v1.0,[],0,[],0,[],0,[],0,[],0,"['PRD001589', 'PRD000075', 'PRD000760', 'PRD002509', 'PRD002540']",5
CS000109,BYRNEW00109,2026-08-02,,,,,,PRD000519 | PRD001512 | PRD000865 | PRD001386 | PRD001736 | PRD000496 | PRD000583,Trending Products,"Cold start - no user history, fallback to Trending Products",0.66,Recommended (Trending Products),BR006,COLD_START,2026-07-22,v1.0,[],0,[],0,[],0,[],0,[],0,"['PRD000519', 'PRD001512', 'PRD000865', 'PRD001386', 'PRD001736', 'PRD000496', 'PRD000583']",7
CS000110,BYRNEW00110,2026-08-06,,,,,,PRD001456 | PRD000215 | PRD002143 | PRD002006 | PRD001008 | PRD000094,Trending Products,"Cold start - no user history, fallback to Trending Products",0.62,Recommended (Trending Products),BR006,COLD_START,2026-07-18,v1.0,[],0,[],0,[],0,[],0,[],0,"['PRD001456', 'PRD000215', 'PRD002143', 'PRD002006', 'PRD001008', 'PRD000094']",6
CS000111,BYRNEW00111,2026-08-03,,,,,,PRD002165 | PRD000015 | PRD000785 | PRD000016 | PRD000903 | PRD000799 | PRD000357 | PRD001589,Popular Products,"Cold start - no user history, fallback to Popular Products",0.58,Recommended (Popular Products),BR006,COLD_START,2026-07-13,v1.0,[],0,[],0,[],0,[],0,[],0,"['PRD002165', 'PRD000015', 'PRD000785', 'PRD000016', 'PRD000903', 'PRD000799', 'PRD000357', 'PRD001589']",8
CS000112,BYRNEW00112,2026-08-05,,,,,,PRD002317 | PRD002202 | PRD002474 | PRD001302,Trending Products,"Cold start - no user history, fallback to Trending Products",0.69,Recommended (Trending Products),BR006,COLD_START,2026-07-14,v1.0,[],0,[],0,[],0,[],0,[],0,"['PRD002317', 'PRD002202', 'PRD002474', 'PRD001302']",4
CS000113,BYRNEW00113,2026-07-31,,,,,,PRD000982 | PRD001070 | PRD001940,Trending Products,"Cold start - no user history, fallback to Trending Products",0.51,Recommended (Trending Products),BR006,COLD_START,2026-07-07,v1.0,[],0,[],0,[],0,[],0,[],0,"['PRD000982', 'PRD001070', 'PRD001940']",3
CS000114,BYRNEW00114,2026-08-03,,,,,,PRD002461 | PRD002489 | PRD000436 | PRD001978 | PRD002056 | PRD001324 | PRD002500 | PRD002198,New Arrivals,"Cold start - no user history, fallback to New Arrivals",0.51,Recommended (New Arrivals),BR006,COLD_START,2026-07-31,v1.0,[],0,[],0,[],0,[],0,[],0,"['PRD002461', 'PRD002489', 'PRD000436', 'PRD001978', 'PRD002056', 'PRD001324', 'PRD002500', 'PRD002198']",8
CS000115,BYRNEW00115,2026-08-02,,,,,,PRD000017 | PRD001782 | PRD002569 | PRD000189 | PRD000489 | PRD001456,Trending Products,"Cold start - no user history, fallback to Trending Products",0.69,Recommended (Trending Products),BR006,COLD_START,2026-07-10,v1.0,[],0,[],0,[],0,[],0,[],0,"['PRD000017', 'PRD001782', 'PRD002569', 'PRD000189', 'PRD000489', 'PRD001456']",6
CS000116,BYRNEW00116,2026-08-05,,,,,,PRD002257 | PRD002144 | PRD001489 | PRD000565,Best Seller,"Cold start - no user history, fallback to Best Seller",0.65,Recommended (Best Seller),BR006,COLD_START,2026-07-25,v1.0,[],0,[],0,[],0,[],0,[],0,"['PRD002257', 'PRD002144', 'PRD001489', 'PRD000565']",4
CS000117,BYRNEW00117,2026-08-03,,,,,,PRD002198 | PRD002239 | PRD000559 | PRD000523 | PRD002006 | PRD000923 | PRD002754,Trending Products,"Cold start - no user history, fallback to Trending Products",0.5,Recommended (Trending Products),BR006,COLD_START,2026-08-04,v1.0,[],0,[],0,[],0,[],0,[],0,"['PRD002198', 'PRD002239', 'PRD000559', 'PRD000523', 'PRD002006', 'PRD000923', 'PRD002754']",7
CS000118,BYRNEW00118,2026-07-30,,,,,,PRD002675 | PRD000947 | PRD001637,Popular Products,"Cold start - no user history, fallback to Popular Products",0.65,Recommended (Popular Products),BR006,COLD_START,2026-07-07,v1.0,[],0,[],0,[],0,[],0,[],0,"['PRD002675', 'PRD000947', 'PRD001637']",3
CS000119,BYRNEW00119,2026-08-01,,,,,,PRD002995 | PRD000826 | PRD002437 | PRD001190 | PRD001755 | PRD002858 | PRD001556 | PRD001850,New Arrivals,"Cold start - no user history, fallback to New Arrivals",0.62,Recommended (New Arrivals),BR006,COLD_START,2026-07-13,v1.0,[],0,[],0,[],0,[],0,[],0,"['PRD002995', 'PRD000826', 'PRD002437', 'PRD001190', 'PRD001755', 'PRD002858', 'PRD001556', 'PRD001850']",8
CS000120,BYRNEW00120,2026-08-06,,,,,,PRD002243 | PRD002518 | PRD002852 | PRD002919 | PRD001588,New Arrivals,"Cold start - no user history, fallback to New Arrivals",0.74,Recommended (New Arrivals),BR006,COLD_START,2026-08-04,v1.0,[],0,[],0,[],0,[],0,[],0,"['PRD002243', 'PRD002518', 'PRD002852', 'PRD002919', 'PRD001588']",5
CS000121,BYRNEW00121,2026-07-30,,,,,,PRD000681 | PRD000646 | PRD001261 | PRD001432 | PRD002861 | PRD002246,Best Seller,"Cold start - no user history, fallback to Best Seller",0.72,Recommended (Best Seller),BR006,COLD_START,2026-07-20,v1.0,[],0,[],0,[],0,[],0,[],0,"['PRD000681', 'PRD000646', 'PRD001261', 'PRD001432', 'PRD002861', 'PRD002246']",6
CS000122,BYRNEW00122,2026-08-04,,,,,,PRD000229 | PRD002855 | PRD000425 | PRD002772 | PRD001668 | PRD001541 | PRD000475,Trending Products,"Cold start - no user history, fallback to Trending Products",0.66,Recommended (Trending Products),BR006,COLD_START,2026-07-21,v1.0,[],0,[],0,[],0,[],0,[],0,"['PRD000229', 'PRD002855', 'PRD000425', 'PRD002772', 'PRD001668', 'PRD001541', 'PRD000475']",7
CS000123,BYRNEW00123,2026-07-31,,,,,,PRD001455 | PRD001495 | PRD000804 | PRD002649 | PRD000225 | PRD000523,Trending Products,"Cold start - no user history, fallback to Trending Products",0.5,Recommended (Trending Products),BR006,COLD_START,2026-07-10,v1.0,[],0,[],0,[],0,[],0,[],0,"['PRD001455', 'PRD001495', 'PRD000804', 'PRD002649', 'PRD000225', 'PRD000523']",6
CS000124,BYRNEW00124,2026-08-01,,,,,,PRD002858 | PRD000951 | PRD000683 | PRD000880 | PRD001024,Popular Products,"Cold start - no user history, fallback to Popular Products",0.54,Recommended (Popular Products),BR006,COLD_START,2026-08-06,v1.0,[],0,[],0,[],0,[],0,[],0,"['PRD002858', 'PRD000951', 'PRD000683', 'PRD000880', 'PRD001024']",5
CS000125,BYRNEW00125,2026-08-04,,,,,,PRD001732 | PRD001177 | PRD002835 | PRD000600 | PRD001681 | PRD000240,New Arrivals,"Cold start - no user history, fallback to New Arrivals",0.52,Recommended (New Arrivals),BR006,COLD_START,2026-07-31,v1.0,[],0,[],0,[],0,[],0,[],0,"['PRD001732', 'PRD001177', 'PRD002835', 'PRD000600', 'PRD001681', 'PRD000240']",6
CS000126,BYRNEW00126,2026-08-03,,,,,,PRD000011 | PRD001736 | PRD002880 | PRD000425 | PRD000017,Trending Products,"Cold start - no user history, fallback to Trending Products",0.54,Recommended (Trending Products),BR006,COLD_START,2026-08-05,v1.0,[],0,[],0,[],0,[],0,[],0,"['PRD000011', 'PRD001736', 'PRD002880', 'PRD000425', 'PRD000017']",5
CS000127,BYRNEW00127,2026-08-06,,,,,,PRD000157 | PRD001740 | PRD002733 | PRD002159 | PRD002069 | PRD002597,Trending Products,"Cold start - no user history, fallback to Trending Products",0.71,Recommended (Trending Products),BR006,COLD_START,2026-07-10,v1.0,[],0,[],0,[],0,[],0,[],0,"['PRD000157', 'PRD001740', 'PRD002733', 'PRD002159', 'PRD002069', 'PRD002597']",6
CS000128,BYRNEW00128,2026-08-06,,,,,,PRD001026 | PRD000775 | PRD002245 | PRD001801 | PRD001641,New Arrivals,"Cold start - no user history, fallback to New Arrivals",0.59,Recommended (New Arrivals),BR006,COLD_START,2026-07-17,v1.0,[],0,[],0,[],0,[],0,[],0,"['PRD001026', 'PRD000775', 'PRD002245', 'PRD001801', 'PRD001641']",5
CS000129,BYRNEW00129,2026-08-06,,,,,,PRD000932 | PRD000865 | PRD001008 | PRD001324 | PRD000475,Trending Products,"Cold start - no user history, fallback to Trending Products",0.61,Recommended (Trending Products),BR006,COLD_START,2026-07-29,v1.0,[],0,[],0,[],0,[],0,[],0,"['PRD000932', 'PRD000865', 'PRD001008', 'PRD001324', 'PRD000475']",5
CS000130,BYRNEW00130,2026-07-30,,,,,,PRD001865 | PRD002776 | PRD001275 | PRD000164 | PRD001060,Popular Products,"Cold start - no user history, fallback to Popular Products",0.75,Recommended (Popular Products),BR006,COLD_START,2026-07-19,v1.0,[],0,[],0,[],0,[],0,[],0,"['PRD001865', 'PRD002776', 'PRD001275', 'PRD000164', 'PRD001060']",5
CS000131,BYRNEW00131,2026-07-31,,,,,,PRD000692 | PRD000566 | PRD001837 | PRD002260,New Arrivals,"Cold start - no user history, fallback to New Arrivals",0.69,Recommended (New Arrivals),BR006,COLD_START,2026-08-06,v1.0,[],0,[],0,[],0,[],0,[],0,"['PRD000692', 'PRD000566', 'PRD001837', 'PRD002260']",4
CS000132,BYRNEW00132,2026-07-31,,,,,,PRD002778 | PRD001345 | PRD000455 | PRD001561 | PRD002726 | PRD000270 | PRD000187,New Arrivals,"Cold start - no user history, fallback to New Arrivals",0.71,Recommended (New Arrivals),BR006,COLD_START,2026-08-04,v1.0,[],0,[],0,[],0,[],0,[],0,"['PRD002778', 'PRD001345', 'PRD000455', 'PRD001561', 'PRD002726', 'PRD000270', 'PRD000187']",7
CS000133,BYRNEW00133,2026-08-01,,,,,,PRD002634 | PRD002931 | PRD002547 | PRD002059,Popular Products,"Cold start - no user history, fallback to Popular Products",0.57,Recommended (Popular Products),BR006,COLD_START,2026-07-10,v1.0,[],0,[],0,[],0,[],0,[],0,"['PRD002634', 'PRD002931', 'PRD002547', 'PRD002059']",4
CS000134,BYRNEW00134,2026-08-05,,,,,,PRD001201 | PRD002991 | PRD000236 | PRD002107 | PRD002535 | PRD002132 | PRD001121,New Arrivals,"Cold start - no user history, fallback to New Arrivals",0.65,Recommended (New Arrivals),BR006,COLD_START,2026-07-29,v1.0,[],0,[],0,[],0,[],0,[],0,"['PRD001201', 'PRD002991', 'PRD000236', 'PRD002107', 'PRD002535', 'PRD002132', 'PRD001121']",7
CS000135,BYRNEW00135,2026-08-05,,,,,,PRD001272 | PRD000204 | PRD001906 | PRD001456 | PRD000796 | PRD002781 | PRD002115,Trending Products,"Cold start - no user history, fallback to Trending Products",0.64,Recommended (Trending Products),BR006,COLD_START,2026-07-28,v1.0,[],0,[],0,[],0,[],0,[],0,"['PRD001272', 'PRD000204', 'PRD001906', 'PRD001456', 'PRD000796', 'PRD002781', 'PRD002115']",7
CS000136,BYRNEW00136,2026-08-03,,,,,,PRD000008 | PRD002603 | PRD002728 | PRD001668 | PRD001456,Trending Products,"Cold start - no user history, fallback to Trending Products",0.6,Recommended (Trending Products),BR006,COLD_START,2026-07-27,v1.0,[],0,[],0,[],0,[],0,[],0,"['PRD000008', 'PRD002603', 'PRD002728', 'PRD001668', 'PRD001456']",5
CS000137,BYRNEW00137,2026-08-03,,,,,,PRD001069 | PRD002260 | PRD002775 | PRD000846 | PRD001029,Popular Products,"Cold start - no user history, fallback to Popular Products",0.64,Recommended (Popular Products),BR006,COLD_START,2026-07-15,v1.0,[],0,[],0,[],0,[],0,[],0,"['PRD001069', 'PRD002260', 'PRD002775', 'PRD000846', 'PRD001029']",5
CS000138,BYRNEW00138,2026-08-05,,,,,,PRD002119 | PRD002008 | PRD001396 | PRD002890 | PRD002936,Best Seller,"Cold start - no user history, fallback to Best Seller",0.74,Recommended (Best Seller),BR006,COLD_START,2026-07-21,v1.0,[],0,[],0,[],0,[],0,[],0,"['PRD002119', 'PRD002008', 'PRD001396', 'PRD002890', 'PRD002936']",5
CS000139,BYRNEW00139,2026-08-04,,,,,,PRD002375 | PRD001687 | PRD002647 | PRD000846 | PRD002870,Popular Products,"Cold start - no user history, fallback to Popular Products",0.53,Recommended (Popular Products),BR006,COLD_START,2026-08-03,v1.0,[],0,[],0,[],0,[],0,[],0,"['PRD002375', 'PRD001687', 'PRD002647', 'PRD000846', 'PRD002870']",5
CS000140,BYRNEW00140,2026-08-01,,,,,,PRD001740 | PRD001619 | PRD002483 | PRD002336,Trending Products,"Cold start - no user history, fallback to Trending Products",0.74,Recommended (Trending Products),BR006,COLD_START,2026-07-20,v1.0,[],0,[],0,[],0,[],0,[],0,"['PRD001740', 'PRD001619', 'PRD002483', 'PRD002336']",4
CS000141,BYRNEW00141,2026-08-05,,,,,,PRD001637 | PRD002067 | PRD000990 | PRD002634 | PRD002198,Popular Products,"Cold start - no user history, fallback to Popular Products",0.57,Recommended (Popular Products),BR006,COLD_START,2026-07-18,v1.0,[],0,[],0,[],0,[],0,[],0,"['PRD001637', 'PRD002067', 'PRD000990', 'PRD002634', 'PRD002198']",5
CS000142,BYRNEW00142,2026-07-31,,,,,,PRD001025 | PRD001809 | PRD000062 | PRD002144 | PRD000659,Best Seller,"Cold start - no user history, fallback to Best Seller",0.7,Recommended (Best Seller),BR006,COLD_START,2026-07-29,v1.0,[],0,[],0,[],0,[],0,[],0,"['PRD001025', 'PRD001809', 'PRD000062', 'PRD002144', 'PRD000659']",5
CS000143,BYRNEW00143,2026-08-02,,,,,,PRD002157 | PRD002980 | PRD001585 | PRD002381 | PRD002937,New Arrivals,"Cold start - no user history, fallback to New Arrivals",0.61,Recommended (New Arrivals),BR006,COLD_START,2026-07-23,v1.0,[],0,[],0,[],0,[],0,[],0,"['PRD002157', 'PRD002980', 'PRD001585', 'PRD002381', 'PRD002937']",5
CS000144,BYRNEW00144,2026-08-03,,,,,,PRD001914 | PRD001726 | PRD001587 | PRD002869 | PRD001278,Trending Products,"Cold start - no user history, fallback to Trending Products",0.67,Recommended (Trending Products),BR006,COLD_START,2026-07-16,v1.0,[],0,[],0,[],0,[],0,[],0,"['PRD001914', 'PRD001726', 'PRD001587', 'PRD002869', 'PRD001278']",5
CS000145,BYRNEW00145,2026-08-04,,,,,,PRD001130 | PRD001374 | PRD000513 | PRD001362 | PRD000250 | PRD000982 | PRD000902,Best Seller,"Cold start - no user history, fallback to Best Seller",0.74,Recommended (Best Seller),BR006,COLD_START,2026-07-21,v1.0,[],0,[],0,[],0,[],0,[],0,"['PRD001130', 'PRD001374', 'PRD000513', 'PRD001362', 'PRD000250', 'PRD000982', 'PRD000902']",7
CS000146,BYRNEW00146,2026-08-02,,,,,,PRD002674 | PRD001906 | PRD002067 | PRD000836 | PRD002675 | PRD002508 | PRD000566 | PRD001525,Popular Products,"Cold start - no user history, fallback to Popular Products",0.64,Recommended (Popular Products),BR006,COLD_START,2026-07-09,v1.0,[],0,[],0,[],0,[],0,[],0,"['PRD002674', 'PRD001906', 'PRD002067', 'PRD000836', 'PRD002675', 'PRD002508', 'PRD000566', 'PRD001525']",8
CS000147,BYRNEW00147,2026-08-04,,,,,,PRD002870 | PRD001946 | PRD000486 | PRD000480,Trending Products,"Cold start - no user history, fallback to Trending Products",0.6,Recommended (Trending Products),BR006,COLD_START,2026-07-23,v1.0,[],0,[],0,[],0,[],0,[],0,"['PRD002870', 'PRD001946', 'PRD000486', 'PRD000480']",4
CS000148,BYRNEW00148,2026-08-02,,,,,,PRD000446 | PRD001853 | PRD001097 | PRD002474 | PRD000415 | PRD000894 | PRD001708 | PRD001760,Trending Products,"Cold start - no user history, fallback to Trending Products",0.7,Recommended (Trending Products),BR006,COLD_START,2026-07-13,v1.0,[],0,[],0,[],0,[],0,[],0,"['PRD000446', 'PRD001853', 'PRD001097', 'PRD002474', 'PRD000415', 'PRD000894', 'PRD001708', 'PRD001760']",8
CS000149,BYRNEW00149,2026-08-05,,,,,,PRD001194 | PRD001282 | PRD001737,Best Seller,"Cold start - no user history, fallback to Best Seller",0.57,Recommended (Best Seller),BR006,COLD_START,2026-07-28,v1.0,[],0,[],0,[],0,[],0,[],0,"['PRD001194', 'PRD001282', 'PRD001737']",3
CS000150,BYRNEW00150,2026-08-03,,,,,,PRD002952 | PRD002541 | PRD001888 | PRD002143 | PRD001395 | PRD000341 | PRD002004,Trending Products,"Cold start - no user history, fallback to Trending Products",0.59,Recommended (Trending Products),BR006,COLD_START,2026-07-23,v1.0,[],0,[],0,[],0,[],0,[],0,"['PRD002952', 'PRD002541', 'PRD001888', 'PRD002143', 'PRD001395', 'PRD000341', 'PRD002004']",7
CS000151,BYRNEW00151,2026-07-31,,,,,,PRD001551 | PRD000519 | PRD001844 | PRD001008 | PRD001805 | PRD001853,Trending Products,"Cold start - no user history, fallback to Trending Products",0.55,Recommended (Trending Products),BR006,COLD_START,2026-08-06,v1.0,[],0,[],0,[],0,[],0,[],0,"['PRD001551', 'PRD000519', 'PRD001844', 'PRD001008', 'PRD001805', 'PRD001853']",6
CS000152,BYRNEW00152,2026-08-03,,,,,,PRD000494 | PRD001161 | PRD000447 | PRD001412 | PRD001805 | PRD001324 | PRD000519,Trending Products,"Cold start - no user history, fallback to Trending Products",0.66,Recommended (Trending Products),BR006,COLD_START,2026-07-30,v1.0,[],0,[],0,[],0,[],0,[],0,"['PRD000494', 'PRD001161', 'PRD000447', 'PRD001412', 'PRD001805', 'PRD001324', 'PRD000519']",7
CS000153,BYRNEW00153,2026-08-06,,,,,,PRD001054 | PRD002513 | PRD001057 | PRD000647,New Arrivals,"Cold start - no user history, fallback to New Arrivals",0.74,Recommended (New Arrivals),BR006,COLD_START,2026-07-24,v1.0,[],0,[],0,[],0,[],0,[],0,"['PRD001054', 'PRD002513', 'PRD001057', 'PRD000647']",4
CS000154,BYRNEW00154,2026-08-02,,,,,,PRD002336 | PRD002327 | PRD000496 | PRD000604 | PRD002239 | PRD000778,Trending Products,"Cold start - no user history, fallback to Trending Products",0.75,Recommended (Trending Products),BR006,COLD_START,2026-07-29,v1.0,[],0,[],0,[],0,[],0,[],0,"['PRD002336', 'PRD002327', 'PRD000496', 'PRD000604', 'PRD002239', 'PRD000778']",6
CS000155,BYRNEW00155,2026-08-05,,,,,,PRD002662 | PRD002629 | PRD002729 | PRD000783 | PRD000101 | PRD001926 | PRD000389 | PRD002807,Best Seller,"Cold start - no user history, fallback to Best Seller",0.55,Recommended (Best Seller),BR006,COLD_START,2026-07-19,v1.0,[],0,[],0,[],0,[],0,[],0,"['PRD002662', 'PRD002629', 'PRD002729', 'PRD000783', 'PRD000101', 'PRD001926', 'PRD000389', 'PRD002807']",8
CS000156,BYRNEW00156,2026-08-06,,,,,,PRD001104 | PRD000597 | PRD001356 | PRD000654 | PRD001271,New Arrivals,"Cold start - no user history, fallback to New Arrivals",0.5,Recommended (New Arrivals),BR006,COLD_START,2026-07-20,v1.0,[],0,[],0,[],0,[],0,[],0,"['PRD001104', 'PRD000597', 'PRD001356', 'PRD000654', 'PRD001271']",5
CS000157,BYRNEW00157,2026-07-31,,,,,,PRD001906 | PRD002694 | PRD001704 | PRD002198 | PRD002255 | PRD002783 | PRD001069,Popular Products,"Cold start - no user history, fallback to Popular Products",0.75,Recommended (Popular Products),BR006,COLD_START,2026-07-10,v1.0,[],0,[],0,[],0,[],0,[],0,"['PRD001906', 'PRD002694', 'PRD001704', 'PRD002198', 'PRD002255', 'PRD002783', 'PRD001069']",7
CS000158,BYRNEW00158,2026-08-02,,,,,,PRD000583 | PRD000698 | PRD002728 | PRD001726 | PRD002547 | PRD001824 | PRD000750 | PRD002315,Trending Products,"Cold start - no user history, fallback to Trending Products",0.72,Recommended (Trending Products),BR006,COLD_START,2026-08-02,v1.0,[],0,[],0,[],0,[],0,[],0,"['PRD000583', 'PRD000698', 'PRD002728', 'PRD001726', 'PRD002547', 'PRD001824', 'PRD000750', 'PRD002315']",8
CS000159,BYRNEW00159,2026-08-03,,,,,,PRD000699 | PRD002855 | PRD001446 | PRD001014 | PRD001236 | PRD000204,Trending Products,"Cold start - no user history, fallback to Trending Products",0.61,Recommended (Trending Products),BR006,COLD_START,2026-07-13,v1.0,[],0,[],0,[],0,[],0,[],0,"['PRD000699', 'PRD002855', 'PRD001446', 'PRD001014', 'PRD001236', 'PRD000204']",6
CS000160,BYRNEW00160,2026-08-06,,,,,,PRD001060 | PRD000171 | PRD002996 | PRD002540 | PRD002021 | PRD000798,Popular Products,"Cold start - no user history, fallback to Popular Products",0.68,Recommended (Popular Products),BR006,COLD_START,2026-07-24,v1.0,[],0,[],0,[],0,[],0,[],0,"['PRD001060', 'PRD000171', 'PRD002996', 'PRD002540', 'PRD002021', 'PRD000798']",6
CS000161,BYRNEW00161,2026-07-31,,,,,,PRD000865 | PRD000956 | PRD000475 | PRD001446,Trending Products,"Cold start - no user history, fallback to Trending Products",0.65,Recommended (Trending Products),BR006,COLD_START,2026-07-22,v1.0,[],0,[],0,[],0,[],0,[],0,"['PRD000865', 'PRD000956', 'PRD000475', 'PRD001446']",4
CS000162,BYRNEW00162,2026-08-06,,,,,,PRD001207 | PRD001603 | PRD001004,Popular Products,"Cold start - no user history, fallback to Popular Products",0.6,Recommended (Popular Products),BR006,COLD_START,2026-07-09,v1.0,[],0,[],0,[],0,[],0,[],0,"['PRD001207', 'PRD001603', 'PRD001004']",3
CS000163,BYRNEW00163,2026-08-05,,,,,,PRD002674 | PRD000307 | PRD001301 | PRD001385 | PRD002198 | PRD002781 | PRD001897 | PRD000443,Popular Products,"Cold start - no user history, fallback to Popular Products",0.68,Recommended (Popular Products),BR006,COLD_START,2026-07-30,v1.0,[],0,[],0,[],0,[],0,[],0,"['PRD002674', 'PRD000307', 'PRD001301', 'PRD001385', 'PRD002198', 'PRD002781', 'PRD001897', 'PRD000443']",8
CS000164,BYRNEW00164,2026-08-02,,,,,,PRD000099 | PRD000008 | PRD001324 | PRD000303 | PRD002817 | PRD001249 | PRD000356 | PRD000639,Popular Products,"Cold start - no user history, fallback to Popular Products",0.53,Recommended (Popular Products),BR006,COLD_START,2026-07-11,v1.0,[],0,[],0,[],0,[],0,[],0,"['PRD000099', 'PRD000008', 'PRD001324', 'PRD000303', 'PRD002817', 'PRD001249', 'PRD000356', 'PRD000639']",8
CS000165,BYRNEW00165,2026-08-01,,,,,,PRD002625 | PRD002678 | PRD001603 | PRD000412,Popular Products,"Cold start - no user history, fallback to Popular Products",0.64,Recommended (Popular Products),BR006,COLD_START,2026-07-28,v1.0,[],0,[],0,[],0,[],0,[],0,"['PRD002625', 'PRD002678', 'PRD001603', 'PRD000412']",4
CS000166,BYRNEW00166,2026-07-30,,,,,,PRD000310 | PRD001907 | PRD000475 | PRD001070,Trending Products,"Cold start - no user history, fallback to Trending Products",0.67,Recommended (Trending Products),BR006,COLD_START,2026-07-16,v1.0,[],0,[],0,[],0,[],0,[],0,"['PRD000310', 'PRD001907', 'PRD000475', 'PRD001070']",4
CS000167,BYRNEW00167,2026-08-06,,,,,,PRD002422 | PRD001665 | PRD002496 | PRD002730 | PRD001651,New Arrivals,"Cold start - no user history, fallback to New Arrivals",0.65,Recommended (New Arrivals),BR006,COLD_START,2026-07-17,v1.0,[],0,[],0,[],0,[],0,[],0,"['PRD002422', 'PRD001665', 'PRD002496', 'PRD002730', 'PRD001651']",5
CS000168,BYRNEW00168,2026-08-02,,,,,,PRD002879 | PRD001619 | PRD002479 | PRD001837 | PRD001340 | PRD000534 | PRD001896,New Arrivals,"Cold start - no user history, fallback to New Arrivals",0.65,Recommended (New Arrivals),BR006,COLD_START,2026-07-10,v1.0,[],0,[],0,[],0,[],0,[],0,"['PRD002879', 'PRD001619', 'PRD002479', 'PRD001837', 'PRD001340', 'PRD000534', 'PRD001896']",7
CS000169,BYRNEW00169,2026-07-31,,,,,,PRD000494 | PRD000685 | PRD000101 | PRD002932 | PRD000931 | PRD000686,Best Seller,"Cold start - no user history, fallback to Best Seller",0.7,Recommended (Best Seller),BR006,COLD_START,2026-07-10,v1.0,[],0,[],0,[],0,[],0,[],0,"['PRD000494', 'PRD000685', 'PRD000101', 'PRD002932', 'PRD000931', 'PRD000686']",6
CS000170,BYRNEW00170,2026-08-01,,,,,,PRD000865 | PRD000778 | PRD001581 | PRD000363 | PRD000527 | PRD000807,Trending Products,"Cold start - no user history, fallback to Trending Products",0.72,Recommended (Trending Products),BR006,COLD_START,2026-07-14,v1.0,[],0,[],0,[],0,[],0,[],0,"['PRD000865', 'PRD000778', 'PRD001581', 'PRD000363', 'PRD000527', 'PRD000807']",6
CS000171,BYRNEW00171,2026-08-04,,,,,,PRD002069 | PRD001395 | PRD000922,Trending Products,"Cold start - no user history, fallback to Trending Products",0.62,Recommended (Trending Products),BR006,COLD_START,2026-07-19,v1.0,[],0,[],0,[],0,[],0,[],0,"['PRD002069', 'PRD001395', 'PRD000922']",3
CS000172,BYRNEW00172,2026-07-31,,,,,,PRD001556 | PRD001612 | PRD000784 | PRD002861 | PRD001127 | PRD001459 | PRD000545 | PRD000785,Popular Products,"Cold start - no user history, fallback to Popular Products",0.51,Recommended (Popular Products),BR006,COLD_START,2026-07-21,v1.0,[],0,[],0,[],0,[],0,[],0,"['PRD001556', 'PRD001612', 'PRD000784', 'PRD002861', 'PRD001127', 'PRD001459', 'PRD000545', 'PRD000785']",8
CS000173,BYRNEW00173,2026-08-04,,,,,,PRD001236 | PRD002796 | PRD000094 | PRD001805,Trending Products,"Cold start - no user history, fallback to Trending Products",0.68,Recommended (Trending Products),BR006,COLD_START,2026-07-27,v1.0,[],0,[],0,[],0,[],0,[],0,"['PRD001236', 'PRD002796', 'PRD000094', 'PRD001805']",4
CS000174,BYRNEW00174,2026-07-31,,,,,,PRD002634 | PRD000099 | PRD000008 | PRD002526,Popular Products,"Cold start - no user history, fallback to Popular Products",0.56,Recommended (Popular Products),BR006,COLD_START,2026-07-25,v1.0,[],0,[],0,[],0,[],0,[],0,"['PRD002634', 'PRD000099', 'PRD000008', 'PRD002526']",4
CS000175,BYRNEW00175,2026-08-06,,,,,,PRD001553 | PRD002757 | PRD000678,New Arrivals,"Cold start - no user history, fallback to New Arrivals",0.63,Recommended (New Arrivals),BR006,COLD_START,2026-07-11,v1.0,[],0,[],0,[],0,[],0,[],0,"['PRD001553', 'PRD002757', 'PRD000678']",3
CS000176,BYRNEW00176,2026-08-03,,,,,,PRD000824 | PRD000542 | PRD001728 | PRD000618 | PRD001596 | PRD000036,New Arrivals,"Cold start - no user history, fallback to New Arrivals",0.74,Recommended (New Arrivals),BR006,COLD_START,2026-07-29,v1.0,[],0,[],0,[],0,[],0,[],0,"['PRD000824', 'PRD000542', 'PRD001728', 'PRD000618', 'PRD001596', 'PRD000036']",6
CS000177,BYRNEW00177,2026-08-06,,,,,,PRD002159 | PRD000559 | PRD002149,Trending Products,"Cold start - no user history, fallback to Trending Products",0.75,Recommended (Trending Products),BR006,COLD_START,2026-08-04,v1.0,[],0,[],0,[],0,[],0,[],0,"['PRD002159', 'PRD000559', 'PRD002149']",3
CS000178,BYRNEW00178,2026-07-31,,,,,,PRD001943 | PRD000893 | PRD001906 | PRD002149,Trending Products,"Cold start - no user history, fallback to Trending Products",0.71,Recommended (Trending Products),BR006,COLD_START,2026-07-29,v1.0,[],0,[],0,[],0,[],0,[],0,"['PRD001943', 'PRD000893', 'PRD001906', 'PRD002149']",4
CS000179,BYRNEW00179,2026-08-03,,,,,,PRD000760 | PRD001482 | PRD001589 | PRD000202 | PRD000031 | PRD001099,Popular Products,"Cold start - no user history, fallback to Popular Products",0.69,Recommended (Popular Products),BR006,COLD_START,2026-07-28,v1.0,[],0,[],0,[],0,[],0,[],0,"['PRD000760', 'PRD001482', 'PRD001589', 'PRD000202', 'PRD000031', 'PRD001099']",6
CS000180,BYRNEW00180,2026-07-30,,,,,,PRD001556 | PRD001249 | PRD000361 | PRD000836 | PRD001324 | PRD000547 | PRD000945,Popular Products,"Cold start - no user history, fallback to Popular Products",0.66,Recommended (Popular Products),BR006,COLD_START,2026-07-23,v1.0,[],0,[],0,[],0,[],0,[],0,"['PRD001556', 'PRD001249', 'PRD000361', 'PRD000836', 'PRD001324', 'PRD000547', 'PRD000945']",7
CS000181,BYRNEW00181,2026-08-06,,,,,,PRD002870 | PRD001525 | PRD000760 | PRD001583 | PRD001531 | PRD000074,Popular Products,"Cold start - no user history, fallback to Popular Products",0.53,Recommended (Popular Products),BR006,COLD_START,2026-07-22,v1.0,[],0,[],0,[],0,[],0,[],0,"['PRD002870', 'PRD001525', 'PRD000760', 'PRD001583', 'PRD001531', 'PRD000074']",6
CS000182,BYRNEW00182,2026-07-30,,,,,,PRD000047 | PRD000304 | PRD000977 | PRD001128 | PRD002868 | PRD000075 | PRD001472 | PRD001737,New Arrivals,"Cold start - no user history, fallback to New Arrivals",0.53,Recommended (New Arrivals),BR006,COLD_START,2026-07-24,v1.0,[],0,[],0,[],0,[],0,[],0,"['PRD000047', 'PRD000304', 'PRD000977', 'PRD001128', 'PRD002868', 'PRD000075', 'PRD001472', 'PRD001737']",8
CS000183,BYRNEW00183,2026-08-02,,,,,,PRD000412 | PRD000171 | PRD000547,Popular Products,"Cold start - no user history, fallback to Popular Products",0.61,Recommended (Popular Products),BR006,COLD_START,2026-08-04,v1.0,[],0,[],0,[],0,[],0,[],0,"['PRD000412', 'PRD000171', 'PRD000547']",3
CS000184,BYRNEW00184,2026-08-06,,,,,,PRD002198 | PRD000099 | PRD000509 | PRD000951 | PRD001932 | PRD000497,Popular Products,"Cold start - no user history, fallback to Popular Products",0.61,Recommended (Popular Products),BR006,COLD_START,2026-07-25,v1.0,[],0,[],0,[],0,[],0,[],0,"['PRD002198', 'PRD000099', 'PRD000509', 'PRD000951', 'PRD001932', 'PRD000497']",6
CS000185,BYRNEW00185,2026-08-03,,,,,,PRD001401 | PRD002776 | PRD002947 | PRD001176 | PRD000801 | PRD002129 | PRD000051,New Arrivals,"Cold start - no user history, fallback to New Arrivals",0.65,Recommended (New Arrivals),BR006,COLD_START,2026-07-09,v1.0,[],0,[],0,[],0,[],0,[],0,"['PRD001401', 'PRD002776', 'PRD002947', 'PRD001176', 'PRD000801', 'PRD002129', 'PRD000051']",7
CS000186,BYRNEW00186,2026-08-01,,,,,,PRD002775 | PRD000307 | PRD000279 | PRD000254 | PRD002550 | PRD000202 | PRD001531 | PRD001080,Popular Products,"Cold start - no user history, fallback to Popular Products",0.65,Recommended (Popular Products),BR006,COLD_START,2026-07-13,v1.0,[],0,[],0,[],0,[],0,[],0,"['PRD002775', 'PRD000307', 'PRD000279', 'PRD000254', 'PRD002550', 'PRD000202', 'PRD001531', 'PRD001080']",8
CS000187,BYRNEW00187,2026-08-04,,,,,,PRD002781 | PRD001566 | PRD001456 | PRD001943 | PRD000686 | PRD001946 | PRD001963 | PRD001940,Trending Products,"Cold start - no user history, fallback to Trending Products",0.65,Recommended (Trending Products),BR006,COLD_START,2026-08-06,v1.0,[],0,[],0,[],0,[],0,[],0,"['PRD002781', 'PRD001566', 'PRD001456', 'PRD001943', 'PRD000686', 'PRD001946', 'PRD001963', 'PRD001940']",8
CS000188,BYRNEW00188,2026-07-30,,,,,,PRD000526 | PRD000804 | PRD002239 | PRD000894,Trending Products,"Cold start - no user history, fallback to Trending Products",0.65,Recommended (Trending Products),BR006,COLD_START,2026-07-07,v1.0,[],0,[],0,[],0,[],0,[],0,"['PRD000526', 'PRD000804', 'PRD002239', 'PRD000894']",4
CS000189,BYRNEW00189,2026-07-31,,,,,,PRD002669 | PRD000893 | PRD000094,Trending Products,"Cold start - no user history, fallback to Trending Products",0.54,Recommended (Trending Products),BR006,COLD_START,2026-08-04,v1.0,[],0,[],0,[],0,[],0,[],0,"['PRD002669', 'PRD000893', 'PRD000094']",3
CS000190,BYRNEW00190,2026-08-01,,,,,,PRD002109 | PRD002085 | PRD000566 | PRD002775,Popular Products,"Cold start - no user history, fallback to Popular Products",0.74,Recommended (Popular Products),BR006,COLD_START,2026-07-19,v1.0,[],0,[],0,[],0,[],0,[],0,"['PRD002109', 'PRD002085', 'PRD000566', 'PRD002775']",4
CS000191,BYRNEW00191,2026-07-30,,,,,,PRD002474 | PRD000730 | PRD002952 | PRD000225 | PRD001967 | PRD001888 | PRD000017 | PRD000982,Trending Products,"Cold start - no user history, fallback to Trending Products",0.56,Recommended (Trending Products),BR006,COLD_START,2026-08-04,v1.0,[],0,[],0,[],0,[],0,[],0,"['PRD002474', 'PRD000730', 'PRD002952', 'PRD000225', 'PRD001967', 'PRD001888', 'PRD000017', 'PRD000982']",8
CS000192,BYRNEW00192,2026-08-05,,,,,,PRD002634 | PRD002931 | PRD002553 | PRD000891 | PRD001603 | PRD000993 | PRD002822 | PRD002694,Popular Products,"Cold start - no user history, fallback to Popular Products",0.75,Recommended (Popular Products),BR006,COLD_START,2026-07-15,v1.0,[],0,[],0,[],0,[],0,[],0,"['PRD002634', 'PRD002931', 'PRD002553', 'PRD000891', 'PRD001603', 'PRD000993', 'PRD002822', 'PRD002694']",8
CS000193,BYRNEW00193,2026-08-05,,,,,,PRD000807 | PRD001736 | PRD001946 | PRD002695 | PRD000922,Trending Products,"Cold start - no user history, fallback to Trending Products",0.74,Recommended (Trending Products),BR006,COLD_START,2026-07-14,v1.0,[],0,[],0,[],0,[],0,[],0,"['PRD000807', 'PRD001736', 'PRD001946', 'PRD002695', 'PRD000922']",5
CS000194,BYRNEW00194,2026-07-30,,,,,,PRD001100 | PRD002762 | PRD001485,New Arrivals,"Cold start - no user history, fallback to New Arrivals",0.75,Recommended (New Arrivals),BR006,COLD_START,2026-08-04,v1.0,[],0,[],0,[],0,[],0,[],0,"['PRD001100', 'PRD002762', 'PRD001485']",3
CS000195,BYRNEW00195,2026-08-06,,,,,,PRD002327 | PRD001668 | PRD001906,Trending Products,"Cold start - no user history, fallback to Trending Products",0.53,Recommended (Trending Products),BR006,COLD_START,2026-08-02,v1.0,[],0,[],0,[],0,[],0,[],0,"['PRD002327', 'PRD001668', 'PRD001906']",3
CS000196,BYRNEW00196,2026-08-06,,,,,,PRD002558 | PRD002279 | PRD001982,New Arrivals,"Cold start - no user history, fallback to New Arrivals",0.72,Recommended (New Arrivals),BR006,COLD_START,2026-07-27,v1.0,[],0,[],0,[],0,[],0,[],0,"['PRD002558', 'PRD002279', 'PRD001982']",3
CS000197,BYRNEW00197,2026-07-30,,,,,,PRD000060 | PRD001788 | PRD001960 | PRD000370,New Arrivals,"Cold start - no user history, fallback to New Arrivals",0.64,Recommended (New Arrivals),BR006,COLD_START,2026-07-23,v1.0,[],0,[],0,[],0,[],0,[],0,"['PRD000060', 'PRD001788', 'PRD001960', 'PRD000370']",4
CS000198,BYRNEW00198,2026-08-02,,,,,,PRD000273 | PRD002483 | PRD000229 | PRD000814 | PRD002796,Trending Products,"Cold start - no user history, fallback to Trending Products",0.6,Recommended (Trending Products),BR006,COLD_START,2026-08-05,v1.0,[],0,[],0,[],0,[],0,[],0,"['PRD000273', 'PRD002483', 'PRD000229', 'PRD000814', 'PRD002796']",5
CS000199,BYRNEW00199,2026-08-03,,,,,,PRD002524 | PRD001385 | PRD001103 | PRD000902 | PRD000868 | PRD000937 | PRD001465 | PRD000858,New Arrivals,"Cold start - no user history, fallback to New Arrivals",0.51,Recommended (New Arrivals),BR006,COLD_START,2026-07-13,v1.0,[],0,[],0,[],0,[],0,[],0,"['PRD002524', 'PRD001385', 'PRD001103', 'PRD000902', 'PRD000868', 'PRD000937', 'PRD001465', 'PRD000858']",8
CS000200,BYRNEW00200,2026-07-30,,,,,,PRD002260 | PRD001876 | PRD001556 | PRD001459,Popular Products,"Cold start - no user history, fallback to Popular Products",0.64,Recommended (Popular Products),BR006,COLD_START,2026-07-11,v1.0,[],0,[],0,[],0,[],0,[],0,"['PRD002260', 'PRD001876', 'PRD001556', 'PRD001459']",4
CS000201,BYRNEW00201,2026-08-05,,,,,,PRD002884 | PRD002275 | PRD002829 | PRD002297,Best Seller,"Cold start - no user history, fallback to Best Seller",0.55,Recommended (Best Seller),BR006,COLD_START,2026-08-05,v1.0,[],0,[],0,[],0,[],0,[],0,"['PRD002884', 'PRD002275', 'PRD002829', 'PRD002297']",4
CS000202,BYRNEW00202,2026-07-31,,,,,,PRD001768 | PRD001886 | PRD001828 | PRD000343 | PRD000446 | PRD002035,Best Seller,"Cold start - no user history, fallback to Best Seller",0.66,Recommended (Best Seller),BR006,COLD_START,2026-07-23,v1.0,[],0,[],0,[],0,[],0,[],0,"['PRD001768', 'PRD001886', 'PRD001828', 'PRD000343', 'PRD000446', 'PRD002035']",6
CS000203,BYRNEW00203,2026-08-05,,,,,,PRD002248 | PRD002205 | PRD001237 | PRD001858 | PRD001521 | PRD000977 | PRD002014 | PRD000796,Best Seller,"Cold start - no user history, fallback to Best Seller",0.55,Recommended (Best Seller),BR006,COLD_START,2026-08-05,v1.0,[],0,[],0,[],0,[],0,[],0,"['PRD002248', 'PRD002205', 'PRD001237', 'PRD001858', 'PRD001521', 'PRD000977', 'PRD002014', 'PRD000796']",8
CS000204,BYRNEW00204,2026-08-04,,,,,,PRD000425 | PRD001782 | PRD000496 | PRD001272 | PRD002728 | PRD002474 | PRD002069 | PRD002038,Trending Products,"Cold start - no user history, fallback to Trending Products",0.61,Recommended (Trending Products),BR006,COLD_START,2026-07-31,v1.0,[],0,[],0,[],0,[],0,[],0,"['PRD000425', 'PRD001782', 'PRD000496', 'PRD001272', 'PRD002728', 'PRD002474', 'PRD002069', 'PRD002038']",8
CS000205,BYRNEW00205,2026-08-05,,,,,,PRD001324 | PRD000903 | PRD000882,Popular Products,"Cold start - no user history, fallback to Popular Products",0.57,Recommended (Popular Products),BR006,COLD_START,2026-07-19,v1.0,[],0,[],0,[],0,[],0,[],0,"['PRD001324', 'PRD000903', 'PRD000882']",3
CS000206,BYRNEW00206,2026-08-04,,,,,,PRD000334 | PRD002454 | PRD001465 | PRD001872 | PRD002349 | PRD002706 | PRD002771 | PRD000044,Best Seller,"Cold start - no user history, fallback to Best Seller",0.74,Recommended (Best Seller),BR006,COLD_START,2026-08-04,v1.0,[],0,[],0,[],0,[],0,[],0,"['PRD000334', 'PRD002454', 'PRD001465', 'PRD001872', 'PRD002349', 'PRD002706', 'PRD002771', 'PRD000044']",8
CS000207,BYRNEW00207,2026-08-01,,,,,,PRD001557 | PRD001121 | PRD001876 | PRD000443 | PRD000348 | PRD002021 | PRD002540 | PRD000566,Popular Products,"Cold start - no user history, fallback to Popular Products",0.51,Recommended (Popular Products),BR006,COLD_START,2026-07-14,v1.0,[],0,[],0,[],0,[],0,[],0,"['PRD001557', 'PRD001121', 'PRD001876', 'PRD000443', 'PRD000348', 'PRD002021', 'PRD002540', 'PRD000566']",8
CS000208,BYRNEW00208,2026-08-06,,,,,,PRD002853 | PRD001664 | PRD001057,New Arrivals,"Cold start - no user history, fallback to New Arrivals",0.55,Recommended (New Arrivals),BR006,COLD_START,2026-07-28,v1.0,[],0,[],0,[],0,[],0,[],0,"['PRD002853', 'PRD001664', 'PRD001057']",3
CS000209,BYRNEW00209,2026-07-31,,,,,,PRD000723 | PRD001916 | PRD001215 | PRD001182 | PRD001334,New Arrivals,"Cold start - no user history, fallback to New Arrivals",0.65,Recommended (New Arrivals),BR006,COLD_START,2026-07-07,v1.0,[],0,[],0,[],0,[],0,[],0,"['PRD000723', 'PRD001916', 'PRD001215', 'PRD001182', 'PRD001334']",5
CS000210,BYRNEW00210,2026-08-05,,,,,,PRD000693 | PRD000102 | PRD001115 | PRD002628 | PRD002709 | PRD001936,New Arrivals,"Cold start - no user history, fallback to New Arrivals",0.75,Recommended (New Arrivals),BR006,COLD_START,2026-07-30,v1.0,[],0,[],0,[],0,[],0,[],0,"['PRD000693', 'PRD000102', 'PRD001115', 'PRD002628', 'PRD002709', 'PRD001936']",6
CS000211,BYRNEW00211,2026-08-02,,,,,,PRD001029 | PRD000357 | PRD000756,Popular Products,"Cold start - no user history, fallback to Popular Products",0.57,Recommended (Popular Products),BR006,COLD_START,2026-07-21,v1.0,[],0,[],0,[],0,[],0,[],0,"['PRD001029', 'PRD000357', 'PRD000756']",3
CS000212,BYRNEW00212,2026-07-31,,,,,,PRD000028 | PRD000940 | PRD001794 | PRD001328 | PRD001302 | PRD002636 | PRD002739,New Arrivals,"Cold start - no user history, fallback to New Arrivals",0.67,Recommended (New Arrivals),BR006,COLD_START,2026-08-04,v1.0,[],0,[],0,[],0,[],0,[],0,"['PRD000028', 'PRD000940', 'PRD001794', 'PRD001328', 'PRD001302', 'PRD002636', 'PRD002739']",7
CS000213,BYRNEW00213,2026-08-01,,,,,,PRD001476 | PRD000343 | PRD000364 | PRD002353 | PRD002044 | PRD002040,New Arrivals,"Cold start - no user history, fallback to New Arrivals",0.53,Recommended (New Arrivals),BR006,COLD_START,2026-08-04,v1.0,[],0,[],0,[],0,[],0,[],0,"['PRD001476', 'PRD000343', 'PRD000364', 'PRD002353', 'PRD002044', 'PRD002040']",6
CS000214,BYRNEW00214,2026-08-05,,,,,,PRD002644 | PRD000040 | PRD002516 | PRD002169 | PRD002607 | PRD002858 | PRD002523 | PRD002576,New Arrivals,"Cold start - no user history, fallback to New Arrivals",0.62,Recommended (New Arrivals),BR006,COLD_START,2026-07-14,v1.0,[],0,[],0,[],0,[],0,[],0,"['PRD002644', 'PRD000040', 'PRD002516', 'PRD002169', 'PRD002607', 'PRD002858', 'PRD002523', 'PRD002576']",8
CS000215,BYRNEW00215,2026-08-04,,,,,,PRD001587 | PRD001239 | PRD002862 | PRD002655 | PRD002552,Best Seller,"Cold start - no user history, fallback to Best Seller",0.73,Recommended (Best Seller),BR006,COLD_START,2026-08-01,v1.0,[],0,[],0,[],0,[],0,[],0,"['PRD001587', 'PRD001239', 'PRD002862', 'PRD002655', 'PRD002552']",5
CS000216,BYRNEW00216,2026-08-06,,,,,,PRD001686 | PRD000882 | PRD000357 | PRD000015 | PRD002979,Popular Products,"Cold start - no user history, fallback to Popular Products",0.73,Recommended (Popular Products),BR006,COLD_START,2026-08-05,v1.0,[],0,[],0,[],0,[],0,[],0,"['PRD001686', 'PRD000882', 'PRD000357', 'PRD000015', 'PRD002979']",5
CS000217,BYRNEW00217,2026-07-31,,,,,,PRD000157 | PRD002948 | PRD002754,Trending Products,"Cold start - no user history, fallback to Trending Products",0.68,Recommended (Trending Products),BR006,COLD_START,2026-08-04,v1.0,[],0,[],0,[],0,[],0,[],0,"['PRD000157', 'PRD002948', 'PRD002754']",3
CS000218,BYRNEW00218,2026-08-03,,,,,,PRD001121 | PRD001739 | PRD000254 | PRD002326 | PRD002776,Popular Products,"Cold start - no user history, fallback to Popular Products",0.54,Recommended (Popular Products),BR006,COLD_START,2026-07-20,v1.0,[],0,[],0,[],0,[],0,[],0,"['PRD001121', 'PRD001739', 'PRD000254', 'PRD002326', 'PRD002776']",5
CS000219,BYRNEW00219,2026-08-06,,,,,,PRD001466 | PRD002473 | PRD001763 | PRD000443 | PRD001797 | PRD002326 | PRD001402,Popular Products,"Cold start - no user history, fallback to Popular Products",0.54,Recommended (Popular Products),BR006,COLD_START,2026-07-25,v1.0,[],0,[],0,[],0,[],0,[],0,"['PRD001466', 'PRD002473', 'PRD001763', 'PRD000443', 'PRD001797', 'PRD002326', 'PRD001402']",7
CS000220,BYRNEW00220,2026-07-30,,,,,,PRD000008 | PRD002067 | PRD001459 | PRD002605 | PRD001496,Popular Products,"Cold start - no user history, fallback to Popular Products",0.58,Recommended (Popular Products),BR006,COLD_START,2026-07-10,v1.0,[],0,[],0,[],0,[],0,[],0,"['PRD000008', 'PRD002067', 'PRD001459', 'PRD002605', 'PRD001496']",5
CS000221,BYRNEW00221,2026-08-04,,,,,,PRD000153 | PRD002008 | PRD002238 | PRD000084,Best Seller,"Cold start - no user history, fallback to Best Seller",0.6,Recommended (Best Seller),BR006,COLD_START,2026-07-14,v1.0,[],0,[],0,[],0,[],0,[],0,"['PRD000153', 'PRD002008', 'PRD002238', 'PRD000084']",4
CS000222,BYRNEW00222,2026-08-04,,,,,,PRD000836 | PRD000718 | PRD000015 | PRD002442 | PRD000990 | PRD000155 | PRD001233 | PRD000443,Popular Products,"Cold start - no user history, fallback to Popular Products",0.55,Recommended (Popular Products),BR006,COLD_START,2026-07-28,v1.0,[],0,[],0,[],0,[],0,[],0,"['PRD000836', 'PRD000718', 'PRD000015', 'PRD002442', 'PRD000990', 'PRD000155', 'PRD001233', 'PRD000443']",8
CS000223,BYRNEW00223,2026-08-03,,,,,,PRD001729 | PRD001661 | PRD001761 | PRD002154 | PRD001405 | PRD002548,Best Seller,"Cold start - no user history, fallback to Best Seller",0.61,Recommended (Best Seller),BR006,COLD_START,2026-07-27,v1.0,[],0,[],0,[],0,[],0,[],0,"['PRD001729', 'PRD001661', 'PRD001761', 'PRD002154', 'PRD001405', 'PRD002548']",6
CS000224,BYRNEW00224,2026-08-03,,,,,,PRD001014 | PRD002547 | PRD000778,Trending Products,"Cold start - no user history, fallback to Trending Products",0.62,Recommended (Trending Products),BR006,COLD_START,2026-07-14,v1.0,[],0,[],0,[],0,[],0,[],0,"['PRD001014', 'PRD002547', 'PRD000778']",3
CS000225,BYRNEW00225,2026-08-06,,,,,,PRD000540 | PRD002004 | PRD000583 | PRD002087 | PRD002839 | PRD001914 | PRD001455,Trending Products,"Cold start - no user history, fallback to Trending Products",0.73,Recommended (Trending Products),BR006,COLD_START,2026-07-07,v1.0,[],0,[],0,[],0,[],0,[],0,"['PRD000540', 'PRD002004', 'PRD000583', 'PRD002087', 'PRD002839', 'PRD001914', 'PRD001455']",7
CS000226,BYRNEW00226,2026-08-06,,,,,,PRD000341 | PRD000137 | PRD002038,Trending Products,"Cold start - no user history, fallback to Trending Products",0.54,Recommended (Trending Products),BR006,COLD_START,2026-08-02,v1.0,[],0,[],0,[],0,[],0,[],0,"['PRD000341', 'PRD000137', 'PRD002038']",3
CS000227,BYRNEW00227,2026-08-03,,,,,,PRD001135 | PRD000373 | PRD000855 | PRD002972 | PRD001870 | PRD001256,Best Seller,"Cold start - no user history, fallback to Best Seller",0.51,Recommended (Best Seller),BR006,COLD_START,2026-07-19,v1.0,[],0,[],0,[],0,[],0,[],0,"['PRD001135', 'PRD000373', 'PRD000855', 'PRD002972', 'PRD001870', 'PRD001256']",6
CS000228,BYRNEW00228,2026-08-03,,,,,,PRD002976 | PRD000341 | PRD001416 | PRD001446 | PRD002695,Trending Products,"Cold start - no user history, fallback to Trending Products",0.64,Recommended (Trending Products),BR006,COLD_START,2026-07-26,v1.0,[],0,[],0,[],0,[],0,[],0,"['PRD002976', 'PRD000341', 'PRD001416', 'PRD001446', 'PRD002695']",5
CS000229,BYRNEW00229,2026-07-30,,,,,,PRD000760 | PRD001396 | PRD000076 | PRD000128 | PRD001549 | PRD000258 | PRD001260 | PRD001729,Best Seller,"Cold start - no user history, fallback to Best Seller",0.65,Recommended (Best Seller),BR006,COLD_START,2026-07-08,v1.0,[],0,[],0,[],0,[],0,[],0,"['PRD000760', 'PRD001396', 'PRD000076', 'PRD000128', 'PRD001549', 'PRD000258', 'PRD001260', 'PRD001729']",8
CS000230,BYRNEW00230,2026-07-30,,,,,,PRD002781 | PRD000657 | PRD001763 | PRD002987,Popular Products,"Cold start - no user history, fallback to Popular Products",0.54,Recommended (Popular Products),BR006,COLD_START,2026-08-02,v1.0,[],0,[],0,[],0,[],0,[],0,"['PRD002781', 'PRD000657', 'PRD001763', 'PRD002987']",4
CS000231,BYRNEW00231,2026-08-02,,,,,,PRD002560 | PRD002739 | PRD001700 | PRD002646 | PRD000937 | PRD002319 | PRD002676 | PRD001864,New Arrivals,"Cold start - no user history, fallback to New Arrivals",0.72,Recommended (New Arrivals),BR006,COLD_START,2026-07-08,v1.0,[],0,[],0,[],0,[],0,[],0,"['PRD002560', 'PRD002739', 'PRD001700', 'PRD002646', 'PRD000937', 'PRD002319', 'PRD002676', 'PRD001864']",8
CS000232,BYRNEW00232,2026-08-03,,,,,,PRD001436 | PRD000367 | PRD000880 | PRD002668 | PRD001975 | PRD002870 | PRD001015,Popular Products,"Cold start - no user history, fallback to Popular Products",0.72,Recommended (Popular Products),BR006,COLD_START,2026-07-09,v1.0,[],0,[],0,[],0,[],0,[],0,"['PRD001436', 'PRD000367', 'PRD000880', 'PRD002668', 'PRD001975', 'PRD002870', 'PRD001015']",7
CS000233,BYRNEW00233,2026-07-30,,,,,,PRD000155 | PRD002776 | PRD000547,Popular Products,"Cold start - no user history, fallback to Popular Products",0.53,Recommended (Popular Products),BR006,COLD_START,2026-08-03,v1.0,[],0,[],0,[],0,[],0,[],0,"['PRD000155', 'PRD002776', 'PRD000547']",3
CS000234,BYRNEW00234,2026-08-01,,,,,,PRD000028 | PRD000817 | PRD002771 | PRD002333 | PRD000900 | PRD000022,New Arrivals,"Cold start - no user history, fallback to New Arrivals",0.63,Recommended (New Arrivals),BR006,COLD_START,2026-08-06,v1.0,[],0,[],0,[],0,[],0,[],0,"['PRD000028', 'PRD000817', 'PRD002771', 'PRD002333', 'PRD000900', 'PRD000022']",6
CS000235,BYRNEW00235,2026-08-06,,,,,,PRD000891 | PRD000390 | PRD001015,Popular Products,"Cold start - no user history, fallback to Popular Products",0.59,Recommended (Popular Products),BR006,COLD_START,2026-07-13,v1.0,[],0,[],0,[],0,[],0,[],0,"['PRD000891', 'PRD000390', 'PRD001015']",3
CS000236,BYRNEW00236,2026-07-30,,,,,,PRD001876 | PRD000016 | PRD001496 | PRD002783,Popular Products,"Cold start - no user history, fallback to Popular Products",0.71,Recommended (Popular Products),BR006,COLD_START,2026-08-02,v1.0,[],0,[],0,[],0,[],0,[],0,"['PRD001876', 'PRD000016', 'PRD001496', 'PRD002783']",4
CS000237,BYRNEW00237,2026-07-31,,,,,,PRD002019 | PRD000541 | PRD000407 | PRD002112 | PRD001656 | PRD002241 | PRD002115 | PRD002809,New Arrivals,"Cold start - no user history, fallback to New Arrivals",0.64,Recommended (New Arrivals),BR006,COLD_START,2026-07-31,v1.0,[],0,[],0,[],0,[],0,[],0,"['PRD002019', 'PRD000541', 'PRD000407', 'PRD002112', 'PRD001656', 'PRD002241', 'PRD002115', 'PRD002809']",8
CS000238,BYRNEW00238,2026-08-01,,,,,,PRD000822 | PRD001666 | PRD001828 | PRD002103 | PRD000864,New Arrivals,"Cold start - no user history, fallback to New Arrivals",0.52,Recommended (New Arrivals),BR006,COLD_START,2026-07-31,v1.0,[],0,[],0,[],0,[],0,[],0,"['PRD000822', 'PRD001666', 'PRD001828', 'PRD002103', 'PRD000864']",5
CS000239,BYRNEW00239,2026-08-05,,,,,,PRD001844 | PRD001708 | PRD001455 | PRD000494 | PRD000678 | PRD001967 | PRD002198,Trending Products,"Cold start - no user history, fallback to Trending Products",0.53,Recommended (Trending Products),BR006,COLD_START,2026-07-22,v1.0,[],0,[],0,[],0,[],0,[],0,"['PRD001844', 'PRD001708', 'PRD001455', 'PRD000494', 'PRD000678', 'PRD001967', 'PRD002198']",7
CS000240,BYRNEW00240,2026-08-05,,,,,,PRD000676 | PRD000201 | PRD002855 | PRD002818 | PRD001157 | PRD002912,Best Seller,"Cold start - no user history, fallback to Best Seller",0.57,Recommended (Best Seller),BR006,COLD_START,2026-07-22,v1.0,[],0,[],0,[],0,[],0,[],0,"['PRD000676', 'PRD000201', 'PRD002855', 'PRD002818', 'PRD001157', 'PRD002912']",6
CS000241,BYRNEW00241,2026-08-06,,,,,,PRD001743 | PRD000047 | PRD002267 | PRD001215 | PRD001459 | PRD002562,Best Seller,"Cold start - no user history, fallback to Best Seller",0.61,Recommended (Best Seller),BR006,COLD_START,2026-07-30,v1.0,[],0,[],0,[],0,[],0,[],0,"['PRD001743', 'PRD000047', 'PRD002267', 'PRD001215', 'PRD001459', 'PRD002562']",6
CS000242,BYRNEW00242,2026-08-02,,,,,,PRD002268 | PRD001024 | PRD001556 | PRD001249 | PRD000575 | PRD000254,Popular Products,"Cold start - no user history, fallback to Popular Products",0.65,Recommended (Popular Products),BR006,COLD_START,2026-07-18,v1.0,[],0,[],0,[],0,[],0,[],0,"['PRD002268', 'PRD001024', 'PRD001556', 'PRD001249', 'PRD000575', 'PRD000254']",6
CS000243,BYRNEW00243,2026-08-05,,,,,,PRD000357 | PRD001482 | PRD002492,Popular Products,"Cold start - no user history, fallback to Popular Products",0.65,Recommended (Popular Products),BR006,COLD_START,2026-07-31,v1.0,[],0,[],0,[],0,[],0,[],0,"['PRD000357', 'PRD001482', 'PRD002492']",3
CS000244,BYRNEW00244,2026-08-01,,,,,,PRD000713 | PRD002276 | PRD002254 | PRD000958,Best Seller,"Cold start - no user history, fallback to Best Seller",0.57,Recommended (Best Seller),BR006,COLD_START,2026-08-03,v1.0,[],0,[],0,[],0,[],0,[],0,"['PRD000713', 'PRD002276', 'PRD002254', 'PRD000958']",4
CS000245,BYRNEW00245,2026-08-06,,,,,,PRD001627 | PRD002895 | PRD000617 | PRD000556 | PRD002281 | PRD001562,Best Seller,"Cold start - no user history, fallback to Best Seller",0.75,Recommended (Best Seller),BR006,COLD_START,2026-07-10,v1.0,[],0,[],0,[],0,[],0,[],0,"['PRD001627', 'PRD002895', 'PRD000617', 'PRD000556', 'PRD002281', 'PRD001562']",6
CS000246,BYRNEW00246,2026-08-06,,,,,,PRD000269 | PRD000559 | PRD002679 | PRD000130 | PRD000807 | PRD002336 | PRD000204 | PRD002855,Trending Products,"Cold start - no user history, fallback to Trending Products",0.56,Recommended (Trending Products),BR006,COLD_START,2026-07-20,v1.0,[],0,[],0,[],0,[],0,[],0,"['PRD000269', 'PRD000559', 'PRD002679', 'PRD000130', 'PRD000807', 'PRD002336', 'PRD000204', 'PRD002855']",8
CS000247,BYRNEW00247,2026-07-30,,,,,,PRD002045 | PRD000978 | PRD001303,New Arrivals,"Cold start - no user history, fallback to New Arrivals",0.55,Recommended (New Arrivals),BR006,COLD_START,2026-08-02,v1.0,[],0,[],0,[],0,[],0,[],0,"['PRD002045', 'PRD000978', 'PRD001303']",3
CS000248,BYRNEW00248,2026-07-31,,,,,,PRD001624 | PRD001505 | PRD001751 | PRD001206,Best Seller,"Cold start - no user history, fallback to Best Seller",0.5,Recommended (Best Seller),BR006,COLD_START,2026-07-11,v1.0,[],0,[],0,[],0,[],0,[],0,"['PRD001624', 'PRD001505', 'PRD001751', 'PRD001206']",4
CS000249,BYRNEW00249,2026-08-01,,,,,,PRD000638 | PRD002320 | PRD001256 | PRD000380 | PRD001009 | PRD001111 | PRD001822 | PRD002178,New Arrivals,"Cold start - no user history, fallback to New Arrivals",0.66,Recommended (New Arrivals),BR006,COLD_START,2026-07-18,v1.0,[],0,[],0,[],0,[],0,[],0,"['PRD000638', 'PRD002320', 'PRD001256', 'PRD000380', 'PRD001009', 'PRD001111', 'PRD001822', 'PRD002178']",8
CS000250,BYRNEW00250,2026-08-02,,,,,,PRD001587 | PRD002962 | PRD001549 | PRD000778 | PRD001967 | PRD000526 | PRD000480 | PRD001943,Trending Products,"Cold start - no user history, fallback to Trending Products",0.61,Recommended (Trending Products),BR006,COLD_START,2026-08-01,v1.0,[],0,[],0,[],0,[],0,[],0,"['PRD001587', 'PRD002962', 'PRD001549', 'PRD000778', 'PRD001967', 'PRD000526', 'PRD000480', 'PRD001943']",8
CS000251,BYRNEW00251,2026-08-04,,,,,,PRD002198 | PRD000790 | PRD001763,Popular Products,"Cold start - no user history, fallback to Popular Products",0.62,Recommended (Popular Products),BR006,COLD_START,2026-08-02,v1.0,[],0,[],0,[],0,[],0,[],0,"['PRD002198', 'PRD000790', 'PRD001763']",3
CS000252,BYRNEW00252,2026-08-05,,,,,,PRD002932 | PRD000465 | PRD001571,Best Seller,"Cold start - no user history, fallback to Best Seller",0.61,Recommended (Best Seller),BR006,COLD_START,2026-08-03,v1.0,[],0,[],0,[],0,[],0,[],0,"['PRD002932', 'PRD000465', 'PRD001571']",3
CS000253,BYRNEW00253,2026-07-31,,,,,,PRD000575 | PRD000307 | PRD000412 | PRD001099 | PRD002925 | PRD002993 | PRD000155 | PRD001105,Popular Products,"Cold start - no user history, fallback to Popular Products",0.51,Recommended (Popular Products),BR006,COLD_START,2026-07-08,v1.0,[],0,[],0,[],0,[],0,[],0,"['PRD000575', 'PRD000307', 'PRD000412', 'PRD001099', 'PRD002925', 'PRD002993', 'PRD000155', 'PRD001105']",8
CS000254,BYRNEW00254,2026-08-04,,,,,,PRD000367 | PRD000356 | PRD000481 | PRD000253,Popular Products,"Cold start - no user history, fallback to Popular Products",0.51,Recommended (Popular Products),BR006,COLD_START,2026-07-31,v1.0,[],0,[],0,[],0,[],0,[],0,"['PRD000367', 'PRD000356', 'PRD000481', 'PRD000253']",4
CS000255,BYRNEW00255,2026-08-04,,,,,,PRD000657 | PRD002870 | PRD002550 | PRD002059 | PRD002634 | PRD000361 | PRD002987 | PRD000390,Popular Products,"Cold start - no user history, fallback to Popular Products",0.51,Recommended (Popular Products),BR006,COLD_START,2026-07-20,v1.0,[],0,[],0,[],0,[],0,[],0,"['PRD000657', 'PRD002870', 'PRD002550', 'PRD002059', 'PRD002634', 'PRD000361', 'PRD002987', 'PRD000390']",8
CS000256,BYRNEW00256,2026-08-04,,,,,,PRD000011 | PRD001541 | PRD002351 | PRD002202 | PRD001708 | PRD000123 | PRD001619 | PRD000923,Trending Products,"Cold start - no user history, fallback to Trending Products",0.53,Recommended (Trending Products),BR006,COLD_START,2026-07-27,v1.0,[],0,[],0,[],0,[],0,[],0,"['PRD000011', 'PRD001541', 'PRD002351', 'PRD002202', 'PRD001708', 'PRD000123', 'PRD001619', 'PRD000923']",8
CS000257,BYRNEW00257,2026-08-04,,,,,,PRD002248 | PRD000356 | PRD000615 | PRD000357 | PRD000074 | PRD000300 | PRD002835 | PRD000171,Popular Products,"Cold start - no user history, fallback to Popular Products",0.68,Recommended (Popular Products),BR006,COLD_START,2026-07-14,v1.0,[],0,[],0,[],0,[],0,[],0,"['PRD002248', 'PRD000356', 'PRD000615', 'PRD000357', 'PRD000074', 'PRD000300', 'PRD002835', 'PRD000171']",8
CS000258,BYRNEW00258,2026-08-03,,,,,,PRD000210 | PRD002706 | PRD002437 | PRD001320 | PRD002317 | PRD002076,Best Seller,"Cold start - no user history, fallback to Best Seller",0.54,Recommended (Best Seller),BR006,COLD_START,2026-07-28,v1.0,[],0,[],0,[],0,[],0,[],0,"['PRD000210', 'PRD002706', 'PRD002437', 'PRD001320', 'PRD002317', 'PRD002076']",6
CS000259,BYRNEW00259,2026-08-02,,,,,,PRD001070 | PRD002962 | PRD001456,Trending Products,"Cold start - no user history, fallback to Trending Products",0.5,Recommended (Trending Products),BR006,COLD_START,2026-07-09,v1.0,[],0,[],0,[],0,[],0,[],0,"['PRD001070', 'PRD002962', 'PRD001456']",3
CS000260,BYRNEW00260,2026-08-01,,,,,,PRD002444 | PRD002456 | PRD001628,Best Seller,"Cold start - no user history, fallback to Best Seller",0.72,Recommended (Best Seller),BR006,COLD_START,2026-07-11,v1.0,[],0,[],0,[],0,[],0,[],0,"['PRD002444', 'PRD002456', 'PRD001628']",3
CS000261,BYRNEW00261,2026-08-03,,,,,,PRD002996 | PRD002509 | PRD000790 | PRD001249,Popular Products,"Cold start - no user history, fallback to Popular Products",0.51,Recommended (Popular Products),BR006,COLD_START,2026-07-24,v1.0,[],0,[],0,[],0,[],0,[],0,"['PRD002996', 'PRD002509', 'PRD000790', 'PRD001249']",4
CS000262,BYRNEW00262,2026-08-04,,,,,,PRD001595 | PRD002084 | PRD000297 | PRD001601 | PRD000574 | PRD000290,New Arrivals,"Cold start - no user history, fallback to New Arrivals",0.6,Recommended (New Arrivals),BR006,COLD_START,2026-08-01,v1.0,[],0,[],0,[],0,[],0,[],0,"['PRD001595', 'PRD002084', 'PRD000297', 'PRD001601', 'PRD000574', 'PRD000290']",6
CS000263,BYRNEW00263,2026-07-30,,,,,,PRD001591 | PRD000422 | PRD000582 | PRD002281 | PRD001046 | PRD001363,Best Seller,"Cold start - no user history, fallback to Best Seller",0.52,Recommended (Best Seller),BR006,COLD_START,2026-08-04,v1.0,[],0,[],0,[],0,[],0,[],0,"['PRD001591', 'PRD000422', 'PRD000582', 'PRD002281', 'PRD001046', 'PRD001363']",6
CS000264,BYRNEW00264,2026-08-01,,,,,,PRD001556 | PRD000015 | PRD001385 | PRD001739 | PRD002668 | PRD001099 | PRD002858 | PRD001839,Popular Products,"Cold start - no user history, fallback to Popular Products",0.73,Recommended (Popular Products),BR006,COLD_START,2026-07-20,v1.0,[],0,[],0,[],0,[],0,[],0,"['PRD001556', 'PRD000015', 'PRD001385', 'PRD001739', 'PRD002668', 'PRD001099', 'PRD002858', 'PRD001839']",8
CS000265,BYRNEW00265,2026-07-31,,,,,,PRD001459 | PRD002625 | PRD002870,Popular Products,"Cold start - no user history, fallback to Popular Products",0.57,Recommended (Popular Products),BR006,COLD_START,2026-08-04,v1.0,[],0,[],0,[],0,[],0,[],0,"['PRD001459', 'PRD002625', 'PRD002870']",3
CS000266,BYRNEW00266,2026-07-30,,,,,,PRD000584 | PRD002298 | PRD000278 | PRD002291 | PRD000031 | PRD000430,Best Seller,"Cold start - no user history, fallback to Best Seller",0.55,Recommended (Best Seller),BR006,COLD_START,2026-07-27,v1.0,[],0,[],0,[],0,[],0,[],0,"['PRD000584', 'PRD002298', 'PRD000278', 'PRD002291', 'PRD000031', 'PRD000430']",6
CS000267,BYRNEW00267,2026-08-05,,,,,,PRD001050 | PRD000476 | PRD000760 | PRD000581 | PRD000221 | PRD002732,New Arrivals,"Cold start - no user history, fallback to New Arrivals",0.6,Recommended (New Arrivals),BR006,COLD_START,2026-07-09,v1.0,[],0,[],0,[],0,[],0,[],0,"['PRD001050', 'PRD000476', 'PRD000760', 'PRD000581', 'PRD000221', 'PRD002732']",6
CS000268,BYRNEW00268,2026-07-31,,,,,,PRD001303 | PRD002995 | PRD002693 | PRD000188 | PRD002970 | PRD002598 | PRD000289 | PRD000590,New Arrivals,"Cold start - no user history, fallback to New Arrivals",0.67,Recommended (New Arrivals),BR006,COLD_START,2026-08-05,v1.0,[],0,[],0,[],0,[],0,[],0,"['PRD001303', 'PRD002995', 'PRD002693', 'PRD000188', 'PRD002970', 'PRD002598', 'PRD000289', 'PRD000590']",8
CS000269,BYRNEW00269,2026-08-03,,,,,,PRD000607 | PRD000907 | PRD001041 | PRD001021 | PRD001855 | PRD002218,Best Seller,"Cold start - no user history, fallback to Best Seller",0.75,Recommended (Best Seller),BR006,COLD_START,2026-07-10,v1.0,[],0,[],0,[],0,[],0,[],0,"['PRD000607', 'PRD000907', 'PRD001041', 'PRD001021', 'PRD001855', 'PRD002218']",6
CS000270,BYRNEW00270,2026-08-04,,,,,,PRD001114 | PRD000187 | PRD002885 | PRD001128 | PRD001104 | PRD001563 | PRD000257 | PRD000421,New Arrivals,"Cold start - no user history, fallback to New Arrivals",0.63,Recommended (New Arrivals),BR006,COLD_START,2026-07-20,v1.0,[],0,[],0,[],0,[],0,[],0,"['PRD001114', 'PRD000187', 'PRD002885', 'PRD001128', 'PRD001104', 'PRD001563', 'PRD000257', 'PRD000421']",8
CS000271,BYRNEW00271,2026-08-04,,,,,,PRD000273 | PRD001324 | PRD002695 | PRD001888 | PRD000302,Trending Products,"Cold start - no user history, fallback to Trending Products",0.65,Recommended (Trending Products),BR006,COLD_START,2026-08-02,v1.0,[],0,[],0,[],0,[],0,[],0,"['PRD000273', 'PRD001324', 'PRD002695', 'PRD001888', 'PRD000302']",5
CS000272,BYRNEW00272,2026-07-30,,,,,,PRD001197 | PRD000813 | PRD000447 | PRD001282 | PRD000785,Best Seller,"Cold start - no user history, fallback to Best Seller",0.66,Recommended (Best Seller),BR006,COLD_START,2026-08-05,v1.0,[],0,[],0,[],0,[],0,[],0,"['PRD001197', 'PRD000813', 'PRD000447', 'PRD001282', 'PRD000785']",5
CS000273,BYRNEW00273,2026-07-31,,,,,,PRD000903 | PRD001612 | PRD000506 | PRD000536 | PRD000497,Popular Products,"Cold start - no user history, fallback to Popular Products",0.6,Recommended (Popular Products),BR006,COLD_START,2026-07-22,v1.0,[],0,[],0,[],0,[],0,[],0,"['PRD000903', 'PRD001612', 'PRD000506', 'PRD000536', 'PRD000497']",5
CS000274,BYRNEW00274,2026-08-03,,,,,,PRD000279 | PRD002404 | PRD001357 | PRD000072 | PRD002552 | PRD002205 | PRD001729,Best Seller,"Cold start - no user history, fallback to Best Seller",0.53,Recommended (Best Seller),BR006,COLD_START,2026-08-02,v1.0,[],0,[],0,[],0,[],0,[],0,"['PRD000279', 'PRD002404', 'PRD001357', 'PRD000072', 'PRD002552', 'PRD002205', 'PRD001729']",7
CS000275,BYRNEW00275,2026-07-30,,,,,,PRD002255 | PRD000034 | PRD002198,Popular Products,"Cold start - no user history, fallback to Popular Products",0.69,Recommended (Popular Products),BR006,COLD_START,2026-08-05,v1.0,[],0,[],0,[],0,[],0,[],0,"['PRD002255', 'PRD000034', 'PRD002198']",3
CS000276,BYRNEW00276,2026-08-04,,,,,,PRD000651 | PRD000956 | PRD000241 | PRD000500 | PRD000730 | PRD001708 | PRD001386 | PRD002508,Trending Products,"Cold start - no user history, fallback to Trending Products",0.67,Recommended (Trending Products),BR006,COLD_START,2026-07-21,v1.0,[],0,[],0,[],0,[],0,[],0,"['PRD000651', 'PRD000956', 'PRD000241', 'PRD000500', 'PRD000730', 'PRD001708', 'PRD001386', 'PRD002508']",8
CS000277,BYRNEW00277,2026-08-01,,,,,,PRD002939 | PRD000565 | PRD000666,New Arrivals,"Cold start - no user history, fallback to New Arrivals",0.65,Recommended (New Arrivals),BR006,COLD_START,2026-08-01,v1.0,[],0,[],0,[],0,[],0,[],0,"['PRD002939', 'PRD000565', 'PRD000666']",3
CS000278,BYRNEW00278,2026-08-03,,,,,,PRD002447 | PRD000918 | PRD001366,Best Seller,"Cold start - no user history, fallback to Best Seller",0.66,Recommended (Best Seller),BR006,COLD_START,2026-07-07,v1.0,[],0,[],0,[],0,[],0,[],0,"['PRD002447', 'PRD000918', 'PRD001366']",3
CS000279,BYRNEW00279,2026-08-05,,,,,,PRD001481 | PRD001740 | PRD000417,New Arrivals,"Cold start - no user history, fallback to New Arrivals",0.61,Recommended (New Arrivals),BR006,COLD_START,2026-07-07,v1.0,[],0,[],0,[],0,[],0,[],0,"['PRD001481', 'PRD001740', 'PRD000417']",3
CS000280,BYRNEW00280,2026-08-03,,,,,,PRD001362 | PRD000798 | PRD002297 | PRD002326 | PRD000361,Popular Products,"Cold start - no user history, fallback to Popular Products",0.71,Recommended (Popular Products),BR006,COLD_START,2026-07-09,v1.0,[],0,[],0,[],0,[],0,[],0,"['PRD001362', 'PRD000798', 'PRD002297', 'PRD002326', 'PRD000361']",5
CS000281,BYRNEW00281,2026-07-31,,,,,,PRD002921 | PRD000920 | PRD001019,New Arrivals,"Cold start - no user history, fallback to New Arrivals",0.71,Recommended (New Arrivals),BR006,COLD_START,2026-07-11,v1.0,[],0,[],0,[],0,[],0,[],0,"['PRD002921', 'PRD000920', 'PRD001019']",3
CS000282,BYRNEW00282,2026-08-01,,,,,,PRD000670 | PRD001334 | PRD000817 | PRD002492 | PRD000138 | PRD002012 | PRD000292 | PRD002569,New Arrivals,"Cold start - no user history, fallback to New Arrivals",0.69,Recommended (New Arrivals),BR006,COLD_START,2026-07-19,v1.0,[],0,[],0,[],0,[],0,[],0,"['PRD000670', 'PRD001334', 'PRD000817', 'PRD002492', 'PRD000138', 'PRD002012', 'PRD000292', 'PRD002569']",8
CS000283,BYRNEW00283,2026-07-30,,,,,,PRD000723 | PRD000625 | PRD001221,Best Seller,"Cold start - no user history, fallback to Best Seller",0.51,Recommended (Best Seller),BR006,COLD_START,2026-08-01,v1.0,[],0,[],0,[],0,[],0,[],0,"['PRD000723', 'PRD000625', 'PRD001221']",3
CS000284,BYRNEW00284,2026-08-02,,,,,,PRD000581 | PRD001830 | PRD002542 | PRD001558 | PRD000604 | PRD001124,Best Seller,"Cold start - no user history, fallback to Best Seller",0.66,Recommended (Best Seller),BR006,COLD_START,2026-07-30,v1.0,[],0,[],0,[],0,[],0,[],0,"['PRD000581', 'PRD001830', 'PRD002542', 'PRD001558', 'PRD000604', 'PRD001124']",6
CS000285,BYRNEW00285,2026-07-30,,,,,,PRD002038 | PRD001888 | PRD000447 | PRD002856 | PRD002089 | PRD000988 | PRD000639,Trending Products,"Cold start - no user history, fallback to Trending Products",0.71,Recommended (Trending Products),BR006,COLD_START,2026-08-05,v1.0,[],0,[],0,[],0,[],0,[],0,"['PRD002038', 'PRD001888', 'PRD000447', 'PRD002856', 'PRD002089', 'PRD000988', 'PRD000639']",7
CS000286,BYRNEW00286,2026-08-06,,,,,,PRD001317 | PRD001523 | PRD002454,Popular Products,"Cold start - no user history, fallback to Popular Products",0.62,Recommended (Popular Products),BR006,COLD_START,2026-07-16,v1.0,[],0,[],0,[],0,[],0,[],0,"['PRD001317', 'PRD001523', 'PRD002454']",3
CS000287,BYRNEW00287,2026-08-06,,,,,,PRD002327 | PRD000768 | PRD002773 | PRD000583 | PRD001907,Trending Products,"Cold start - no user history, fallback to Trending Products",0.7,Recommended (Trending Products),BR006,COLD_START,2026-07-07,v1.0,[],0,[],0,[],0,[],0,[],0,"['PRD002327', 'PRD000768', 'PRD002773', 'PRD000583', 'PRD001907']",5
CS000288,BYRNEW00288,2026-08-04,,,,,,PRD000363 | PRD001941 | PRD001412 | PRD000785,Trending Products,"Cold start - no user history, fallback to Trending Products",0.55,Recommended (Trending Products),BR006,COLD_START,2026-07-13,v1.0,[],0,[],0,[],0,[],0,[],0,"['PRD000363', 'PRD001941', 'PRD001412', 'PRD000785']",4
CS000289,BYRNEW00289,2026-08-04,,,,,,PRD001124 | PRD002085 | PRD001556 | PRD001324 | PRD001704 | PRD001557 | PRD000536 | PRD002931,Popular Products,"Cold start - no user history, fallback to Popular Products",0.73,Recommended (Popular Products),BR006,COLD_START,2026-07-13,v1.0,[],0,[],0,[],0,[],0,[],0,"['PRD001124', 'PRD002085', 'PRD001556', 'PRD001324', 'PRD001704', 'PRD001557', 'PRD000536', 'PRD002931']",8
CS000290,BYRNEW00290,2026-08-01,,,,,,PRD001944 | PRD002795 | PRD002086,Best Seller,"Cold start - no user history, fallback to Best Seller",0.52,Recommended (Best Seller),BR006,COLD_START,2026-07-08,v1.0,[],0,[],0,[],0,[],0,[],0,"['PRD001944', 'PRD002795', 'PRD002086']",3
CS000291,BYRNEW00291,2026-08-01,,,,,,PRD000446 | PRD000893 | PRD000486 | PRD001324 | PRD001236,Trending Products,"Cold start - no user history, fallback to Trending Products",0.65,Recommended (Trending Products),BR006,COLD_START,2026-07-10,v1.0,[],0,[],0,[],0,[],0,[],0,"['PRD000446', 'PRD000893', 'PRD000486', 'PRD001324', 'PRD001236']",5
CS000292,BYRNEW00292,2026-08-06,,,,,,PRD001858 | PRD000547 | PRD001127 | PRD000136 | PRD002442 | PRD001387,Best Seller,"Cold start - no user history, fallback to Best Seller",0.6,Recommended (Best Seller),BR006,COLD_START,2026-07-25,v1.0,[],0,[],0,[],0,[],0,[],0,"['PRD001858', 'PRD000547', 'PRD001127', 'PRD000136', 'PRD002442', 'PRD001387']",6
CS000293,BYRNEW00293,2026-07-31,,,,,,PRD000993 | PRD002795 | PRD000210 | PRD000641,Popular Products,"Cold start - no user history, fallback to Popular Products",0.59,Recommended (Popular Products),BR006,COLD_START,2026-07-23,v1.0,[],0,[],0,[],0,[],0,[],0,"['PRD000993', 'PRD002795', 'PRD000210', 'PRD000641']",4
CS000294,BYRNEW00294,2026-08-05,,,,,,PRD000807 | PRD000229 | PRD001782 | PRD002508 | PRD000146,Trending Products,"Cold start - no user history, fallback to Trending Products",0.66,Recommended (Trending Products),BR006,COLD_START,2026-07-29,v1.0,[],0,[],0,[],0,[],0,[],0,"['PRD000807', 'PRD000229', 'PRD001782', 'PRD002508', 'PRD000146']",5
CS000295,BYRNEW00295,2026-07-31,,,,,,PRD001908 | PRD002187 | PRD002471,Best Seller,"Cold start - no user history, fallback to Best Seller",0.66,Recommended (Best Seller),BR006,COLD_START,2026-07-07,v1.0,[],0,[],0,[],0,[],0,[],0,"['PRD001908', 'PRD002187', 'PRD002471']",3
CS000296,BYRNEW00296,2026-07-30,,,,,,PRD000505 | PRD001665 | PRD002103 | PRD000260 | PRD001471 | PRD001106 | PRD000266 | PRD001698,New Arrivals,"Cold start - no user history, fallback to New Arrivals",0.72,Recommended (New Arrivals),BR006,COLD_START,2026-07-18,v1.0,[],0,[],0,[],0,[],0,[],0,"['PRD000505', 'PRD001665', 'PRD002103', 'PRD000260', 'PRD001471', 'PRD001106', 'PRD000266', 'PRD001698']",8
CS000297,BYRNEW00297,2026-08-01,,,,,,PRD002114 | PRD000322 | PRD001190 | PRD001421 | PRD002913,New Arrivals,"Cold start - no user history, fallback to New Arrivals",0.74,Recommended (New Arrivals),BR006,COLD_START,2026-07-20,v1.0,[],0,[],0,[],0,[],0,[],0,"['PRD002114', 'PRD000322', 'PRD001190', 'PRD001421', 'PRD002913']",5
CS000298,BYRNEW00298,2026-08-03,,,,,,PRD002147 | PRD002993 | PRD001800,Popular Products,"Cold start - no user history, fallback to Popular Products",0.62,Recommended (Popular Products),BR006,COLD_START,2026-07-26,v1.0,[],0,[],0,[],0,[],0,[],0,"['PRD002147', 'PRD002993', 'PRD001800']",3
CS000299,BYRNEW00299,2026-08-05,,,,,,PRD000683 | PRD000836 | PRD001704 | PRD002678 | PRD002979,Popular Products,"Cold start - no user history, fallback to Popular Products",0.57,Recommended (Popular Products),BR006,COLD_START,2026-07-21,v1.0,[],0,[],0,[],0,[],0,[],0,"['PRD000683', 'PRD000836', 'PRD001704', 'PRD002678', 'PRD002979']",5
CS000300,BYRNEW00300,2026-07-31,,,,,,PRD002861 | PRD002198 | PRD002675 | PRD000778 | PRD002795,Popular Products,"Cold start - no user history, fallback to Popular Products",0.71,Recommended (Popular Products),BR006,COLD_START,2026-07-13,v1.0,[],0,[],0,[],0,[],0,[],0,"['PRD002861', 'PRD002198', 'PRD002675', 'PRD000778', 'PRD002795']",5
CS000301,BYRNEW00301,2026-08-01,,,,,,PRD000359 | PRD002778 | PRD000111,Best Seller,"Cold start - no user history, fallback to Best Seller",0.63,Recommended (Best Seller),BR006,COLD_START,2026-08-01,v1.0,[],0,[],0,[],0,[],0,[],0,"['PRD000359', 'PRD002778', 'PRD000111']",3
CS000302,BYRNEW00302,2026-08-04,,,,,,PRD000790 | PRD000322 | PRD000361 | PRD001127 | PRD000798,Popular Products,"Cold start - no user history, fallback to Popular Products",0.71,Recommended (Popular Products),BR006,COLD_START,2026-07-15,v1.0,[],0,[],0,[],0,[],0,[],0,"['PRD000790', 'PRD000322', 'PRD000361', 'PRD001127', 'PRD000798']",5
CS000303,BYRNEW00303,2026-08-01,,,,,,PRD001015 | PRD000547 | PRD000545,Popular Products,"Cold start - no user history, fallback to Popular Products",0.64,Recommended (Popular Products),BR006,COLD_START,2026-08-05,v1.0,[],0,[],0,[],0,[],0,[],0,"['PRD001015', 'PRD000547', 'PRD000545']",3
CS000304,BYRNEW00304,2026-07-30,,,,,,PRD002618 | PRD001057 | PRD002520 | PRD001990 | PRD000785 | PRD000973 | PRD002725 | PRD000246,New Arrivals,"Cold start - no user history, fallback to New Arrivals",0.67,Recommended (New Arrivals),BR006,COLD_START,2026-07-11,v1.0,[],0,[],0,[],0,[],0,[],0,"['PRD002618', 'PRD001057', 'PRD002520', 'PRD001990', 'PRD000785', 'PRD000973', 'PRD002725', 'PRD000246']",8
CS000305,BYRNEW00305,2026-08-06,,,,,,PRD000526 | PRD002474 | PRD001668 | PRD002695 | PRD000157,Trending Products,"Cold start - no user history, fallback to Trending Products",0.53,Recommended (Trending Products),BR006,COLD_START,2026-07-27,v1.0,[],0,[],0,[],0,[],0,[],0,"['PRD000526', 'PRD002474', 'PRD001668', 'PRD002695', 'PRD000157']",5
CS000306,BYRNEW00306,2026-08-02,,,,,,PRD001278 | PRD000869 | PRD001941 | PRD000480,Trending Products,"Cold start - no user history, fallback to Trending Products",0.55,Recommended (Trending Products),BR006,COLD_START,2026-07-07,v1.0,[],0,[],0,[],0,[],0,[],0,"['PRD001278', 'PRD000869', 'PRD001941', 'PRD000480']",4
CS000307,BYRNEW00307,2026-08-05,,,,,,PRD000427 | PRD002669 | PRD000492 | PRD001024 | PRD001122 | PRD000204 | PRD000842,Best Seller,"Cold start - no user history, fallback to Best Seller",0.68,Recommended (Best Seller),BR006,COLD_START,2026-07-31,v1.0,[],0,[],0,[],0,[],0,[],0,"['PRD000427', 'PRD002669', 'PRD000492', 'PRD001024', 'PRD001122', 'PRD000204', 'PRD000842']",7
CS000308,BYRNEW00308,2026-08-05,,,,,,PRD001097 | PRD001250 | PRD000494 | PRD001595 | PRD000738 | PRD001346 | PRD000497,New Arrivals,"Cold start - no user history, fallback to New Arrivals",0.64,Recommended (New Arrivals),BR006,COLD_START,2026-07-16,v1.0,[],0,[],0,[],0,[],0,[],0,"['PRD001097', 'PRD001250', 'PRD000494', 'PRD001595', 'PRD000738', 'PRD001346', 'PRD000497']",7
CS000309,BYRNEW00309,2026-08-02,,,,,,PRD002678 | PRD000545 | PRD001385,Popular Products,"Cold start - no user history, fallback to Popular Products",0.6,Recommended (Popular Products),BR006,COLD_START,2026-07-23,v1.0,[],0,[],0,[],0,[],0,[],0,"['PRD002678', 'PRD000545', 'PRD001385']",3
CS000310,BYRNEW00310,2026-08-01,,,,,,PRD001012 | PRD000451 | PRD000664 | PRD001008 | PRD001446 | PRD000730 | PRD001044,Trending Products,"Cold start - no user history, fallback to Trending Products",0.61,Recommended (Trending Products),BR006,COLD_START,2026-07-07,v1.0,[],0,[],0,[],0,[],0,[],0,"['PRD001012', 'PRD000451', 'PRD000664', 'PRD001008', 'PRD001446', 'PRD000730', 'PRD001044']",7
CS000311,BYRNEW00311,2026-08-06,,,,,,PRD000341 | PRD001788 | PRD002224 | PRD000768 | PRD002014 | PRD002269,New Arrivals,"Cold start - no user history, fallback to New Arrivals",0.71,Recommended (New Arrivals),BR006,COLD_START,2026-08-02,v1.0,[],0,[],0,[],0,[],0,[],0,"['PRD000341', 'PRD001788', 'PRD002224', 'PRD000768', 'PRD002014', 'PRD002269']",6
CS000312,BYRNEW00312,2026-08-04,,,,,,PRD002255 | PRD000657 | PRD001704 | PRD000545,Popular Products,"Cold start - no user history, fallback to Popular Products",0.75,Recommended (Popular Products),BR006,COLD_START,2026-07-19,v1.0,[],0,[],0,[],0,[],0,[],0,"['PRD002255', 'PRD000657', 'PRD001704', 'PRD000545']",4
CS000313,BYRNEW00313,2026-08-05,,,,,,PRD000799 | PRD000202 | PRD002783 | PRD001722,Popular Products,"Cold start - no user history, fallback to Popular Products",0.67,Recommended (Popular Products),BR006,COLD_START,2026-07-16,v1.0,[],0,[],0,[],0,[],0,[],0,"['PRD000799', 'PRD000202', 'PRD002783', 'PRD001722']",4
CS000314,BYRNEW00314,2026-07-30,,,,,,PRD000737 | PRD001899 | PRD000882 | PRD002613 | PRD001276 | PRD002946 | PRD000097 | PRD001416,Best Seller,"Cold start - no user history, fallback to Best Seller",0.62,Recommended (Best Seller),BR006,COLD_START,2026-07-22,v1.0,[],0,[],0,[],0,[],0,[],0,"['PRD000737', 'PRD001899', 'PRD000882', 'PRD002613', 'PRD001276', 'PRD002946', 'PRD000097', 'PRD001416']",8
CS000315,BYRNEW00315,2026-08-02,,,,,,PRD002540 | PRD002781 | PRD000814 | PRD000361 | PRD000015 | PRD001691 | PRD000254 | PRD002165,Popular Products,"Cold start - no user history, fallback to Popular Products",0.67,Recommended (Popular Products),BR006,COLD_START,2026-07-22,v1.0,[],0,[],0,[],0,[],0,[],0,"['PRD002540', 'PRD002781', 'PRD000814', 'PRD000361', 'PRD000015', 'PRD001691', 'PRD000254', 'PRD002165']",8
CS000316,BYRNEW00316,2026-08-01,,,,,,PRD001251 | PRD001907 | PRD000700 | PRD002115 | PRD000191 | PRD001876 | PRD000596,Best Seller,"Cold start - no user history, fallback to Best Seller",0.53,Recommended (Best Seller),BR006,COLD_START,2026-07-13,v1.0,[],0,[],0,[],0,[],0,[],0,"['PRD001251', 'PRD001907', 'PRD000700', 'PRD002115', 'PRD000191', 'PRD001876', 'PRD000596']",7
CS000317,BYRNEW00317,2026-08-05,,,,,,PRD002004 | PRD001302 | PRD002773 | PRD002679 | PRD002474 | PRD001012 | PRD001649 | PRD000204,Trending Products,"Cold start - no user history, fallback to Trending Products",0.55,Recommended (Trending Products),BR006,COLD_START,2026-07-29,v1.0,[],0,[],0,[],0,[],0,[],0,"['PRD002004', 'PRD001302', 'PRD002773', 'PRD002679', 'PRD002474', 'PRD001012', 'PRD001649', 'PRD000204']",8
CS000318,BYRNEW00318,2026-07-30,,,,,,PRD002776 | PRD002610 | PRD001024 | PRD001496,Popular Products,"Cold start - no user history, fallback to Popular Products",0.67,Recommended (Popular Products),BR006,COLD_START,2026-08-05,v1.0,[],0,[],0,[],0,[],0,[],0,"['PRD002776', 'PRD002610', 'PRD001024', 'PRD001496']",4
CS000319,BYRNEW00319,2026-08-03,,,,,,PRD002669 | PRD001080 | PRD002603 | PRD002115 | PRD000750,Trending Products,"Cold start - no user history, fallback to Trending Products",0.68,Recommended (Trending Products),BR006,COLD_START,2026-07-17,v1.0,[],0,[],0,[],0,[],0,[],0,"['PRD002669', 'PRD001080', 'PRD002603', 'PRD002115', 'PRD000750']",5
CS000320,BYRNEW00320,2026-07-31,,,,,,PRD000013 | PRD002147 | PRD000157 | PRD002775 | PRD000825,New Arrivals,"Cold start - no user history, fallback to New Arrivals",0.66,Recommended (New Arrivals),BR006,COLD_START,2026-07-29,v1.0,[],0,[],0,[],0,[],0,[],0,"['PRD000013', 'PRD002147', 'PRD000157', 'PRD002775', 'PRD000825']",5
CS000321,BYRNEW00321,2026-08-06,,,,,,PRD000747 | PRD002442 | PRD001754 | PRD002059 | PRD002996 | PRD002550,Popular Products,"Cold start - no user history, fallback to Popular Products",0.51,Recommended (Popular Products),BR006,COLD_START,2026-07-15,v1.0,[],0,[],0,[],0,[],0,[],0,"['PRD000747', 'PRD002442', 'PRD001754', 'PRD002059', 'PRD002996', 'PRD002550']",6
CS000322,BYRNEW00322,2026-07-30,,,,,,PRD001988 | PRD000621 | PRD001013 | PRD001422,New Arrivals,"Cold start - no user history, fallback to New Arrivals",0.58,Recommended (New Arrivals),BR006,COLD_START,2026-07-09,v1.0,[],0,[],0,[],0,[],0,[],0,"['PRD001988', 'PRD000621', 'PRD001013', 'PRD001422']",4
CS000323,BYRNEW00323,2026-07-30,,,,,,PRD002553 | PRD000348 | PRD002326 | PRD002781 | PRD000031 | PRD002674,Popular Products,"Cold start - no user history, fallback to Popular Products",0.64,Recommended (Popular Products),BR006,COLD_START,2026-07-19,v1.0,[],0,[],0,[],0,[],0,[],0,"['PRD002553', 'PRD000348', 'PRD002326', 'PRD002781', 'PRD000031', 'PRD002674']",6
CS000324,BYRNEW00324,2026-08-02,,,,,,PRD000157 | PRD000011 | PRD000137 | PRD001566 | PRD001070 | PRD001649,Trending Products,"Cold start - no user history, fallback to Trending Products",0.69,Recommended (Trending Products),BR006,COLD_START,2026-07-25,v1.0,[],0,[],0,[],0,[],0,[],0,"['PRD000157', 'PRD000011', 'PRD000137', 'PRD001566', 'PRD001070', 'PRD001649']",6
CS000325,BYRNEW00325,2026-07-30,,,,,,PRD000095 | PRD001338 | PRD001308 | PRD000871 | PRD000201,Best Seller,"Cold start - no user history, fallback to Best Seller",0.72,Recommended (Best Seller),BR006,COLD_START,2026-08-03,v1.0,[],0,[],0,[],0,[],0,[],0,"['PRD000095', 'PRD001338', 'PRD001308', 'PRD000871', 'PRD000201']",5
CS000326,BYRNEW00326,2026-07-31,,,,,,PRD001455 | PRD000559 | PRD002876 | PRD002327 | PRD000008 | PRD000982 | PRD000215,Trending Products,"Cold start - no user history, fallback to Trending Products",0.55,Recommended (Trending Products),BR006,COLD_START,2026-07-29,v1.0,[],0,[],0,[],0,[],0,[],0,"['PRD001455', 'PRD000559', 'PRD002876', 'PRD002327', 'PRD000008', 'PRD000982', 'PRD000215']",7
CS000327,BYRNEW00327,2026-08-03,,,,,,PRD001175 | PRD000762 | PRD002838 | PRD002149 | PRD000552,New Arrivals,"Cold start - no user history, fallback to New Arrivals",0.71,Recommended (New Arrivals),BR006,COLD_START,2026-07-11,v1.0,[],0,[],0,[],0,[],0,[],0,"['PRD001175', 'PRD000762', 'PRD002838', 'PRD002149', 'PRD000552']",5
CS000328,BYRNEW00328,2026-08-05,,,,,,PRD001237 | PRD002136 | PRD001880 | PRD001826 | PRD000152 | PRD002142 | PRD001714 | PRD002019,New Arrivals,"Cold start - no user history, fallback to New Arrivals",0.7,Recommended (New Arrivals),BR006,COLD_START,2026-07-09,v1.0,[],0,[],0,[],0,[],0,[],0,"['PRD001237', 'PRD002136', 'PRD001880', 'PRD001826', 'PRD000152', 'PRD002142', 'PRD001714', 'PRD002019']",8
CS000329,BYRNEW00329,2026-08-03,,,,,,PRD001276 | PRD002558 | PRD002332,New Arrivals,"Cold start - no user history, fallback to New Arrivals",0.57,Recommended (New Arrivals),BR006,COLD_START,2026-07-20,v1.0,[],0,[],0,[],0,[],0,[],0,"['PRD001276', 'PRD002558', 'PRD002332']",3
CS000330,BYRNEW00330,2026-08-02,,,,,,PRD002859 | PRD002006 | PRD001376 | PRD002766 | PRD001952,Best Seller,"Cold start - no user history, fallback to Best Seller",0.74,Recommended (Best Seller),BR006,COLD_START,2026-07-18,v1.0,[],0,[],0,[],0,[],0,[],0,"['PRD002859', 'PRD002006', 'PRD001376', 'PRD002766', 'PRD001952']",5
CS000331,BYRNEW00331,2026-08-03,,,,,,PRD000713 | PRD000988 | PRD002869 | PRD001708 | PRD000229 | PRD001668,Trending Products,"Cold start - no user history, fallback to Trending Products",0.64,Recommended (Trending Products),BR006,COLD_START,2026-07-31,v1.0,[],0,[],0,[],0,[],0,[],0,"['PRD000713', 'PRD000988', 'PRD002869', 'PRD001708', 'PRD000229', 'PRD001668']",6
CS000332,BYRNEW00332,2026-08-01,,,,,,PRD002760 | PRD001092 | PRD001938 | PRD000143 | PRD000144 | PRD002521 | PRD000105 | PRD002947,Best Seller,"Cold start - no user history, fallback to Best Seller",0.71,Recommended (Best Seller),BR006,COLD_START,2026-07-19,v1.0,[],0,[],0,[],0,[],0,[],0,"['PRD002760', 'PRD001092', 'PRD001938', 'PRD000143', 'PRD000144', 'PRD002521', 'PRD000105', 'PRD002947']",8
CS000333,BYRNEW00333,2026-08-02,,,,,,PRD002947 | PRD000040 | PRD002631 | PRD001473 | PRD001189 | PRD000646 | PRD002068,Best Seller,"Cold start - no user history, fallback to Best Seller",0.53,Recommended (Best Seller),BR006,COLD_START,2026-07-15,v1.0,[],0,[],0,[],0,[],0,[],0,"['PRD002947', 'PRD000040', 'PRD002631', 'PRD001473', 'PRD001189', 'PRD000646', 'PRD002068']",7
CS000334,BYRNEW00334,2026-08-06,,,,,,PRD000846 | PRD002248 | PRD001385 | PRD000747,Popular Products,"Cold start - no user history, fallback to Popular Products",0.51,Recommended (Popular Products),BR006,COLD_START,2026-08-02,v1.0,[],0,[],0,[],0,[],0,[],0,"['PRD000846', 'PRD002248', 'PRD001385', 'PRD000747']",4
CS000335,BYRNEW00335,2026-08-04,,,,,,PRD000823 | PRD001643 | PRD001157,Best Seller,"Cold start - no user history, fallback to Best Seller",0.72,Recommended (Best Seller),BR006,COLD_START,2026-07-21,v1.0,[],0,[],0,[],0,[],0,[],0,"['PRD000823', 'PRD001643', 'PRD001157']",3
CS000336,BYRNEW00336,2026-08-03,,,,,,PRD001166 | PRD002391 | PRD002670 | PRD000404 | PRD001225 | PRD001927 | PRD000188,Best Seller,"Cold start - no user history, fallback to Best Seller",0.71,Recommended (Best Seller),BR006,COLD_START,2026-07-24,v1.0,[],0,[],0,[],0,[],0,[],0,"['PRD001166', 'PRD002391', 'PRD002670', 'PRD000404', 'PRD001225', 'PRD001927', 'PRD000188']",7
CS000337,BYRNEW00337,2026-08-05,,,,,,PRD001967 | PRD000045 | PRD000762,New Arrivals,"Cold start - no user history, fallback to New Arrivals",0.54,Recommended (New Arrivals),BR006,COLD_START,2026-08-01,v1.0,[],0,[],0,[],0,[],0,[],0,"['PRD001967', 'PRD000045', 'PRD000762']",3
CS000338,BYRNEW00338,2026-08-03,,,,,,PRD000238 | PRD000946 | PRD002436,Best Seller,"Cold start - no user history, fallback to Best Seller",0.61,Recommended (Best Seller),BR006,COLD_START,2026-07-12,v1.0,[],0,[],0,[],0,[],0,[],0,"['PRD000238', 'PRD000946', 'PRD002436']",3
CS000339,BYRNEW00339,2026-07-30,,,,,,PRD000210 | PRD000075 | PRD002268 | PRD002553,Popular Products,"Cold start - no user history, fallback to Popular Products",0.57,Recommended (Popular Products),BR006,COLD_START,2026-08-03,v1.0,[],0,[],0,[],0,[],0,[],0,"['PRD000210', 'PRD000075', 'PRD002268', 'PRD002553']",4
CS000340,BYRNEW00340,2026-08-02,,,,,,PRD002856 | PRD001272 | PRD001456,Trending Products,"Cold start - no user history, fallback to Trending Products",0.75,Recommended (Trending Products),BR006,COLD_START,2026-07-21,v1.0,[],0,[],0,[],0,[],0,[],0,"['PRD002856', 'PRD001272', 'PRD001456']",3
CS000341,BYRNEW00341,2026-08-03,,,,,,PRD000500 | PRD001668 | PRD002669,Trending Products,"Cold start - no user history, fallback to Trending Products",0.57,Recommended (Trending Products),BR006,COLD_START,2026-08-03,v1.0,[],0,[],0,[],0,[],0,[],0,"['PRD000500', 'PRD001668', 'PRD002669']",3
CS000342,BYRNEW00342,2026-08-05,,,,,,PRD000325 | PRD000420 | PRD001987,New Arrivals,"Cold start - no user history, fallback to New Arrivals",0.53,Recommended (New Arrivals),BR006,COLD_START,2026-07-26,v1.0,[],0,[],0,[],0,[],0,[],0,"['PRD000325', 'PRD000420', 'PRD001987']",3
CS000343,BYRNEW00343,2026-08-02,,,,,,PRD002510 | PRD002517 | PRD001045 | PRD002730 | PRD002946,New Arrivals,"Cold start - no user history, fallback to New Arrivals",0.53,Recommended (New Arrivals),BR006,COLD_START,2026-07-29,v1.0,[],0,[],0,[],0,[],0,[],0,"['PRD002510', 'PRD002517', 'PRD001045', 'PRD002730', 'PRD002946']",5
CS000344,BYRNEW00344,2026-07-30,,,,,,PRD002874 | PRD001019 | PRD001739 | PRD000327 | PRD000938 | PRD000947 | PRD002707 | PRD002921,New Arrivals,"Cold start - no user history, fallback to New Arrivals",0.7,Recommended (New Arrivals),BR006,COLD_START,2026-07-21,v1.0,[],0,[],0,[],0,[],0,[],0,"['PRD002874', 'PRD001019', 'PRD001739', 'PRD000327', 'PRD000938', 'PRD000947', 'PRD002707', 'PRD002921']",8
CS000345,BYRNEW00345,2026-08-01,,,,,,PRD000775 | PRD001683 | PRD001089 | PRD001352 | PRD002755 | PRD000354 | PRD001956,New Arrivals,"Cold start - no user history, fallback to New Arrivals",0.59,Recommended (New Arrivals),BR006,COLD_START,2026-07-15,v1.0,[],0,[],0,[],0,[],0,[],0,"['PRD000775', 'PRD001683', 'PRD001089', 'PRD001352', 'PRD002755', 'PRD000354', 'PRD001956']",7
CS000346,BYRNEW00346,2026-08-05,,,,,,PRD000587 | PRD000799 | PRD002869 | PRD002625,Popular Products,"Cold start - no user history, fallback to Popular Products",0.71,Recommended (Popular Products),BR006,COLD_START,2026-07-28,v1.0,[],0,[],0,[],0,[],0,[],0,"['PRD000587', 'PRD000799', 'PRD002869', 'PRD002625']",4
CS000347,BYRNEW00347,2026-08-05,,,,,,PRD000287 | PRD000581 | PRD002787 | PRD000968 | PRD000017,New Arrivals,"Cold start - no user history, fallback to New Arrivals",0.54,Recommended (New Arrivals),BR006,COLD_START,2026-08-03,v1.0,[],0,[],0,[],0,[],0,[],0,"['PRD000287', 'PRD000581', 'PRD002787', 'PRD000968', 'PRD000017']",5
CS000348,BYRNEW00348,2026-08-02,,,,,,PRD000683 | PRD001641 | PRD002315 | PRD002269 | PRD002021 | PRD001179 | PRD000570 | PRD000543,New Arrivals,"Cold start - no user history, fallback to New Arrivals",0.51,Recommended (New Arrivals),BR006,COLD_START,2026-07-22,v1.0,[],0,[],0,[],0,[],0,[],0,"['PRD000683', 'PRD001641', 'PRD002315', 'PRD002269', 'PRD002021', 'PRD001179', 'PRD000570', 'PRD000543']",8
CS000349,BYRNEW00349,2026-07-31,,,,,,PRD000113 | PRD000475 | PRD000157 | PRD002006,Trending Products,"Cold start - no user history, fallback to Trending Products",0.71,Recommended (Trending Products),BR006,COLD_START,2026-07-12,v1.0,[],0,[],0,[],0,[],0,[],0,"['PRD000113', 'PRD000475', 'PRD000157', 'PRD002006']",4
CS000350,BYRNEW00350,2026-08-03,,,,,,PRD001127 | PRD001839 | PRD000103 | PRD000034 | PRD001704 | PRD002668 | PRD002822 | PRD001029,Popular Products,"Cold start - no user history, fallback to Popular Products",0.71,Recommended (Popular Products),BR006,COLD_START,2026-07-16,v1.0,[],0,[],0,[],0,[],0,[],0,"['PRD001127', 'PRD001839', 'PRD000103', 'PRD000034', 'PRD001704', 'PRD002668', 'PRD002822', 'PRD001029']",8
CS000351,BYRNEW00351,2026-07-31,,,,,,PRD002143 | PRD000559 | PRD001446 | PRD001207 | PRD002087 | PRD001888,Trending Products,"Cold start - no user history, fallback to Trending Products",0.52,Recommended (Trending Products),BR006,COLD_START,2026-07-27,v1.0,[],0,[],0,[],0,[],0,[],0,"['PRD002143', 'PRD000559', 'PRD001446', 'PRD001207', 'PRD002087', 'PRD001888']",6
CS000352,BYRNEW00352,2026-07-31,,,,,,PRD002508 | PRD001523 | PRD001004 | PRD002509 | PRD001556 | PRD000615 | PRD002675,Popular Products,"Cold start - no user history, fallback to Popular Products",0.58,Recommended (Popular Products),BR006,COLD_START,2026-07-22,v1.0,[],0,[],0,[],0,[],0,[],0,"['PRD002508', 'PRD001523', 'PRD001004', 'PRD002509', 'PRD001556', 'PRD000615', 'PRD002675']",7
CS000353,BYRNEW00353,2026-08-02,,,,,,PRD002547 | PRD001963 | PRD002508 | PRD001587 | PRD002058 | PRD000344,Trending Products,"Cold start - no user history, fallback to Trending Products",0.73,Recommended (Trending Products),BR006,COLD_START,2026-07-21,v1.0,[],0,[],0,[],0,[],0,[],0,"['PRD002547', 'PRD001963', 'PRD002508', 'PRD001587', 'PRD002058', 'PRD000344']",6
CS000354,BYRNEW00354,2026-08-03,,,,,,PRD001753 | PRD002508 | PRD002006 | PRD001726 | PRD001161 | PRD001963,Trending Products,"Cold start - no user history, fallback to Trending Products",0.7,Recommended (Trending Products),BR006,COLD_START,2026-07-21,v1.0,[],0,[],0,[],0,[],0,[],0,"['PRD001753', 'PRD002508', 'PRD002006', 'PRD001726', 'PRD001161', 'PRD001963']",6
CS000355,BYRNEW00355,2026-08-01,,,,,,PRD001253 | PRD000887 | PRD000514 | PRD002172 | PRD000735 | PRD000816,Best Seller,"Cold start - no user history, fallback to Best Seller",0.69,Recommended (Best Seller),BR006,COLD_START,2026-07-22,v1.0,[],0,[],0,[],0,[],0,[],0,"['PRD001253', 'PRD000887', 'PRD000514', 'PRD002172', 'PRD000735', 'PRD000816']",6
CS000356,BYRNEW00356,2026-07-30,,,,,,PRD002038 | PRD000017 | PRD001940 | PRD001708 | PRD001907,Trending Products,"Cold start - no user history, fallback to Trending Products",0.59,Recommended (Trending Products),BR006,COLD_START,2026-07-11,v1.0,[],0,[],0,[],0,[],0,[],0,"['PRD002038', 'PRD000017', 'PRD001940', 'PRD001708', 'PRD001907']",5
CS000357,BYRNEW00357,2026-08-02,,,,,,PRD000199 | PRD000515 | PRD002321 | PRD000496 | PRD002570 | PRD000317 | PRD000352 | PRD001661,Best Seller,"Cold start - no user history, fallback to Best Seller",0.6,Recommended (Best Seller),BR006,COLD_START,2026-07-08,v1.0,[],0,[],0,[],0,[],0,[],0,"['PRD000199', 'PRD000515', 'PRD002321', 'PRD000496', 'PRD002570', 'PRD000317', 'PRD000352', 'PRD001661']",8
CS000358,BYRNEW00358,2026-08-02,,,,,,PRD000363 | PRD001946 | PRD002143 | PRD002839 | PRD001963 | PRD001272,Trending Products,"Cold start - no user history, fallback to Trending Products",0.58,Recommended (Trending Products),BR006,COLD_START,2026-07-22,v1.0,[],0,[],0,[],0,[],0,[],0,"['PRD000363', 'PRD001946', 'PRD002143', 'PRD002839', 'PRD001963', 'PRD001272']",6
CS000359,BYRNEW00359,2026-08-02,,,,,,PRD002773 | PRD000894 | PRD000241 | PRD001097 | PRD002976 | PRD000778 | PRD000215 | PRD000157,Trending Products,"Cold start - no user history, fallback to Trending Products",0.59,Recommended (Trending Products),BR006,COLD_START,2026-07-29,v1.0,[],0,[],0,[],0,[],0,[],0,"['PRD002773', 'PRD000894', 'PRD000241', 'PRD001097', 'PRD002976', 'PRD000778', 'PRD000215', 'PRD000157']",8
CS000360,BYRNEW00360,2026-08-03,,,,,,PRD002931 | PRD002870 | PRD001932 | PRD002817 | PRD001557 | PRD002442 | PRD002550 | PRD000778,Popular Products,"Cold start - no user history, fallback to Popular Products",0.7,Recommended (Popular Products),BR006,COLD_START,2026-07-29,v1.0,[],0,[],0,[],0,[],0,[],0,"['PRD002931', 'PRD002870', 'PRD001932', 'PRD002817', 'PRD001557', 'PRD002442', 'PRD002550', 'PRD000778']",8
CS000361,BYRNEW00361,2026-08-06,,,,,,PRD000731 | PRD000814 | PRD002006 | PRD001541 | PRD002198 | PRD001012 | PRD001914 | PRD002870,Trending Products,"Cold start - no user history, fallback to Trending Products",0.73,Recommended (Trending Products),BR006,COLD_START,2026-07-17,v1.0,[],0,[],0,[],0,[],0,[],0,"['PRD000731', 'PRD000814', 'PRD002006', 'PRD001541', 'PRD002198', 'PRD001012', 'PRD001914', 'PRD002870']",8
CS000362,BYRNEW00362,2026-08-02,,,,,,PRD000113 | PRD001581 | PRD000273 | PRD002772,Trending Products,"Cold start - no user history, fallback to Trending Products",0.63,Recommended (Trending Products),BR006,COLD_START,2026-07-25,v1.0,[],0,[],0,[],0,[],0,[],0,"['PRD000113', 'PRD001581', 'PRD000273', 'PRD002772']",4
CS000363,BYRNEW00363,2026-08-04,,,,,,PRD001708 | PRD002781 | PRD000486 | PRD002962 | PRD000814 | PRD000923 | PRD000260,Trending Products,"Cold start - no user history, fallback to Trending Products",0.51,Recommended (Trending Products),BR006,COLD_START,2026-08-02,v1.0,[],0,[],0,[],0,[],0,[],0,"['PRD001708', 'PRD002781', 'PRD000486', 'PRD002962', 'PRD000814', 'PRD000923', 'PRD000260']",7
CS000364,BYRNEW00364,2026-08-02,,,,,,PRD000587 | PRD002781 | PRD002931 | PRD002861 | PRD001275 | PRD000885 | PRD001839,Popular Products,"Cold start - no user history, fallback to Popular Products",0.54,Recommended (Popular Products),BR006,COLD_START,2026-07-09,v1.0,[],0,[],0,[],0,[],0,[],0,"['PRD000587', 'PRD002781', 'PRD002931', 'PRD002861', 'PRD001275', 'PRD000885', 'PRD001839']",7
CS000365,BYRNEW00365,2026-08-01,,,,,,PRD001169 | PRD000961 | PRD002617 | PRD002202,New Arrivals,"Cold start - no user history, fallback to New Arrivals",0.61,Recommended (New Arrivals),BR006,COLD_START,2026-08-06,v1.0,[],0,[],0,[],0,[],0,[],0,"['PRD001169', 'PRD000961', 'PRD002617', 'PRD002202']",4
CS000366,BYRNEW00366,2026-08-03,,,,,,PRD001302 | PRD002474 | PRD001967,Trending Products,"Cold start - no user history, fallback to Trending Products",0.5,Recommended (Trending Products),BR006,COLD_START,2026-07-30,v1.0,[],0,[],0,[],0,[],0,[],0,"['PRD001302', 'PRD002474', 'PRD001967']",3
CS000367,BYRNEW00367,2026-07-31,,,,,,PRD000785 | PRD000528 | PRD001127 | PRD001482 | PRD002375 | PRD002675 | PRD000155 | PRD000099,Popular Products,"Cold start - no user history, fallback to Popular Products",0.62,Recommended (Popular Products),BR006,COLD_START,2026-07-29,v1.0,[],0,[],0,[],0,[],0,[],0,"['PRD000785', 'PRD000528', 'PRD001127', 'PRD001482', 'PRD002375', 'PRD002675', 'PRD000155', 'PRD000099']",8
CS000368,BYRNEW00368,2026-07-30,,,,,,PRD001715 | PRD001808 | PRD001586 | PRD002190 | PRD002318,Best Seller,"Cold start - no user history, fallback to Best Seller",0.56,Recommended (Best Seller),BR006,COLD_START,2026-07-22,v1.0,[],0,[],0,[],0,[],0,[],0,"['PRD001715', 'PRD001808', 'PRD001586', 'PRD002190', 'PRD002318']",5
CS000369,BYRNEW00369,2026-08-06,,,,,,PRD000068 | PRD000893 | PRD001668 | PRD000988 | PRD001853 | PRD000489,Trending Products,"Cold start - no user history, fallback to Trending Products",0.57,Recommended (Trending Products),BR006,COLD_START,2026-08-03,v1.0,[],0,[],0,[],0,[],0,[],0,"['PRD000068', 'PRD000893', 'PRD001668', 'PRD000988', 'PRD001853', 'PRD000489']",6
CS000370,BYRNEW00370,2026-08-03,,,,,,PRD000498 | PRD000166 | PRD000203,New Arrivals,"Cold start - no user history, fallback to New Arrivals",0.74,Recommended (New Arrivals),BR006,COLD_START,2026-07-15,v1.0,[],0,[],0,[],0,[],0,[],0,"['PRD000498', 'PRD000166', 'PRD000203']",3
CS000371,BYRNEW00371,2026-08-05,,,,,,PRD000511 | PRD002518 | PRD001236 | PRD001159 | PRD001789 | PRD000175,New Arrivals,"Cold start - no user history, fallback to New Arrivals",0.64,Recommended (New Arrivals),BR006,COLD_START,2026-07-20,v1.0,[],0,[],0,[],0,[],0,[],0,"['PRD000511', 'PRD002518', 'PRD001236', 'PRD001159', 'PRD001789', 'PRD000175']",6
CS000372,BYRNEW00372,2026-08-03,,,,,,PRD002149 | PRD001395 | PRD000068 | PRD000540,Trending Products,"Cold start - no user history, fallback to Trending Products",0.55,Recommended (Trending Products),BR006,COLD_START,2026-07-16,v1.0,[],0,[],0,[],0,[],0,[],0,"['PRD002149', 'PRD001395', 'PRD000068', 'PRD000540']",4
CS000373,BYRNEW00373,2026-08-02,,,,,,PRD000068 | PRD000146 | PRD000130 | PRD001941 | PRD000204 | PRD002198 | PRD001619,Trending Products,"Cold start - no user history, fallback to Trending Products",0.68,Recommended (Trending Products),BR006,COLD_START,2026-07-22,v1.0,[],0,[],0,[],0,[],0,[],0,"['PRD000068', 'PRD000146', 'PRD000130', 'PRD001941', 'PRD000204', 'PRD002198', 'PRD001619']",7
CS000374,BYRNEW00374,2026-07-31,,,,,,PRD000357 | PRD001612 | PRD002931 | PRD000390 | PRD002067,Popular Products,"Cold start - no user history, fallback to Popular Products",0.67,Recommended (Popular Products),BR006,COLD_START,2026-07-08,v1.0,[],0,[],0,[],0,[],0,[],0,"['PRD000357', 'PRD001612', 'PRD002931', 'PRD000390', 'PRD002067']",5
CS000375,BYRNEW00375,2026-07-31,,,,,,PRD001060 | PRD001556 | PRD000951 | PRD001080 | PRD001557 | PRD002634 | PRD001865,Popular Products,"Cold start - no user history, fallback to Popular Products",0.58,Recommended (Popular Products),BR006,COLD_START,2026-07-12,v1.0,[],0,[],0,[],0,[],0,[],0,"['PRD001060', 'PRD001556', 'PRD000951', 'PRD001080', 'PRD001557', 'PRD002634', 'PRD001865']",7
CS000376,BYRNEW00376,2026-07-31,,,,,,PRD002473 | PRD001124 | PRD000254 | PRD000891 | PRD000566,Popular Products,"Cold start - no user history, fallback to Popular Products",0.68,Recommended (Popular Products),BR006,COLD_START,2026-07-07,v1.0,[],0,[],0,[],0,[],0,[],0,"['PRD002473', 'PRD001124', 'PRD000254', 'PRD000891', 'PRD000566']",5
CS000377,BYRNEW00377,2026-08-01,,,,,,PRD002668 | PRD002109 | PRD002775 | PRD002547 | PRD002925 | PRD002691 | PRD002473,Popular Products,"Cold start - no user history, fallback to Popular Products",0.64,Recommended (Popular Products),BR006,COLD_START,2026-08-01,v1.0,[],0,[],0,[],0,[],0,[],0,"['PRD002668', 'PRD002109', 'PRD002775', 'PRD002547', 'PRD002925', 'PRD002691', 'PRD002473']",7
CS000378,BYRNEW00378,2026-07-31,,,,,,PRD001070 | PRD002149 | PRD000698 | PRD002143 | PRD001963 | PRD001012,Trending Products,"Cold start - no user history, fallback to Trending Products",0.68,Recommended (Trending Products),BR006,COLD_START,2026-07-27,v1.0,[],0,[],0,[],0,[],0,[],0,"['PRD001070', 'PRD002149', 'PRD000698', 'PRD002143', 'PRD001963', 'PRD001012']",6
CS000379,BYRNEW00379,2026-07-30,,,,,,PRD001412 | PRD000068 | PRD001803,Trending Products,"Cold start - no user history, fallback to Trending Products",0.57,Recommended (Trending Products),BR006,COLD_START,2026-07-23,v1.0,[],0,[],0,[],0,[],0,[],0,"['PRD001412', 'PRD000068', 'PRD001803']",3
CS000380,BYRNEW00380,2026-08-06,,,,,,PRD000947 | PRD002647 | PRD000718 | PRD002109 | PRD000348 | PRD000785,Popular Products,"Cold start - no user history, fallback to Popular Products",0.69,Recommended (Popular Products),BR006,COLD_START,2026-07-24,v1.0,[],0,[],0,[],0,[],0,[],0,"['PRD000947', 'PRD002647', 'PRD000718', 'PRD002109', 'PRD000348', 'PRD000785']",6
CS000381,BYRNEW00381,2026-08-05,,,,,,PRD000189 | PRD002474 | PRD000523,Trending Products,"Cold start - no user history, fallback to Trending Products",0.5,Recommended (Trending Products),BR006,COLD_START,2026-08-04,v1.0,[],0,[],0,[],0,[],0,[],0,"['PRD000189', 'PRD002474', 'PRD000523']",3
CS000382,BYRNEW00382,2026-08-04,,,,,,PRD000786 | PRD000402 | PRD000964 | PRD000361 | PRD000502 | PRD000403 | PRD002463 | PRD002102,Best Seller,"Cold start - no user history, fallback to Best Seller",0.7,Recommended (Best Seller),BR006,COLD_START,2026-07-09,v1.0,[],0,[],0,[],0,[],0,[],0,"['PRD000786', 'PRD000402', 'PRD000964', 'PRD000361', 'PRD000502', 'PRD000403', 'PRD002463', 'PRD002102']",8
CS000383,BYRNEW00383,2026-07-31,,,,,,PRD001301 | PRD002417 | PRD002758 | PRD001819 | PRD000316 | PRD002246 | PRD000056,Best Seller,"Cold start - no user history, fallback to Best Seller",0.69,Recommended (Best Seller),BR006,COLD_START,2026-07-21,v1.0,[],0,[],0,[],0,[],0,[],0,"['PRD001301', 'PRD002417', 'PRD002758', 'PRD001819', 'PRD000316', 'PRD002246', 'PRD000056']",7
CS000384,BYRNEW00384,2026-08-01,,,,,,PRD000496 | PRD002772 | PRD001008 | PRD000923 | PRD001097 | PRD000269 | PRD001907,Trending Products,"Cold start - no user history, fallback to Trending Products",0.56,Recommended (Trending Products),BR006,COLD_START,2026-07-07,v1.0,[],0,[],0,[],0,[],0,[],0,"['PRD000496', 'PRD002772', 'PRD001008', 'PRD000923', 'PRD001097', 'PRD000269', 'PRD001907']",7
CS000385,BYRNEW00385,2026-08-04,,,,,,PRD001925 | PRD001972 | PRD002624 | PRD002783 | PRD001711 | PRD002972 | PRD002889,Best Seller,"Cold start - no user history, fallback to Best Seller",0.71,Recommended (Best Seller),BR006,COLD_START,2026-07-27,v1.0,[],0,[],0,[],0,[],0,[],0,"['PRD001925', 'PRD001972', 'PRD002624', 'PRD002783', 'PRD001711', 'PRD002972', 'PRD002889']",7
CS000386,BYRNEW00386,2026-08-01,,,,,,PRD000241 | PRD000657 | PRD000112 | PRD000670 | PRD000065 | PRD002550,New Arrivals,"Cold start - no user history, fallback to New Arrivals",0.62,Recommended (New Arrivals),BR006,COLD_START,2026-07-13,v1.0,[],0,[],0,[],0,[],0,[],0,"['PRD000241', 'PRD000657', 'PRD000112', 'PRD000670', 'PRD000065', 'PRD002550']",6
CS000387,BYRNEW00387,2026-08-03,,,,,,PRD001368 | PRD002343 | PRD002760 | PRD002909 | PRD000202,Best Seller,"Cold start - no user history, fallback to Best Seller",0.53,Recommended (Best Seller),BR006,COLD_START,2026-07-23,v1.0,[],0,[],0,[],0,[],0,[],0,"['PRD001368', 'PRD002343', 'PRD002760', 'PRD002909', 'PRD000202']",5
CS000388,BYRNEW00388,2026-08-06,,,,,,PRD002404 | PRD000743 | PRD001581 | PRD002461 | PRD001837 | PRD001797,New Arrivals,"Cold start - no user history, fallback to New Arrivals",0.5,Recommended (New Arrivals),BR006,COLD_START,2026-07-09,v1.0,[],0,[],0,[],0,[],0,[],0,"['PRD002404', 'PRD000743', 'PRD001581', 'PRD002461', 'PRD001837', 'PRD001797']",6
CS000389,BYRNEW00389,2026-08-01,,,,,,PRD002231 | PRD001193 | PRD002159 | PRD000545 | PRD001638,New Arrivals,"Cold start - no user history, fallback to New Arrivals",0.67,Recommended (New Arrivals),BR006,COLD_START,2026-08-02,v1.0,[],0,[],0,[],0,[],0,[],0,"['PRD002231', 'PRD001193', 'PRD002159', 'PRD000545', 'PRD001638']",5
CS000390,BYRNEW00390,2026-08-05,,,,,,PRD002149 | PRD002115 | PRD002856,Trending Products,"Cold start - no user history, fallback to Trending Products",0.68,Recommended (Trending Products),BR006,COLD_START,2026-07-21,v1.0,[],0,[],0,[],0,[],0,[],0,"['PRD002149', 'PRD002115', 'PRD002856']",3
CS000391,BYRNEW00391,2026-08-03,,,,,,PRD000290 | PRD002195 | PRD002682 | PRD000245 | PRD000226 | PRD001044 | PRD002126 | PRD000390,New Arrivals,"Cold start - no user history, fallback to New Arrivals",0.53,Recommended (New Arrivals),BR006,COLD_START,2026-07-17,v1.0,[],0,[],0,[],0,[],0,[],0,"['PRD000290', 'PRD002195', 'PRD002682', 'PRD000245', 'PRD000226', 'PRD001044', 'PRD002126', 'PRD000390']",8
CS000392,BYRNEW00392,2026-07-30,,,,,,PRD000489 | PRD001495 | PRD000982 | PRD000123,Trending Products,"Cold start - no user history, fallback to Trending Products",0.72,Recommended (Trending Products),BR006,COLD_START,2026-07-12,v1.0,[],0,[],0,[],0,[],0,[],0,"['PRD000489', 'PRD001495', 'PRD000982', 'PRD000123']",4
CS000393,BYRNEW00393,2026-08-05,,,,,,PRD000945 | PRD001317 | PRD002783 | PRD002403 | PRD001324 | PRD000357 | PRD000615,Popular Products,"Cold start - no user history, fallback to Popular Products",0.71,Recommended (Popular Products),BR006,COLD_START,2026-07-12,v1.0,[],0,[],0,[],0,[],0,[],0,"['PRD000945', 'PRD001317', 'PRD002783', 'PRD002403', 'PRD001324', 'PRD000357', 'PRD000615']",7
CS000394,BYRNEW00394,2026-07-30,,,,,,PRD000146 | PRD000241 | PRD000976 | PRD002710 | PRD000923 | PRD002649 | PRD001076 | PRD000730,Trending Products,"Cold start - no user history, fallback to Trending Products",0.69,Recommended (Trending Products),BR006,COLD_START,2026-07-29,v1.0,[],0,[],0,[],0,[],0,[],0,"['PRD000146', 'PRD000241', 'PRD000976', 'PRD002710', 'PRD000923', 'PRD002649', 'PRD001076', 'PRD000730']",8
CS000395,BYRNEW00395,2026-07-31,,,,,,PRD000559 | PRD001395 | PRD002198,Trending Products,"Cold start - no user history, fallback to Trending Products",0.55,Recommended (Trending Products),BR006,COLD_START,2026-07-10,v1.0,[],0,[],0,[],0,[],0,[],0,"['PRD000559', 'PRD001395', 'PRD002198']",3
CS000396,BYRNEW00396,2026-07-31,,,,,,PRD000519 | PRD001161 | PRD000486 | PRD001446 | PRD001888 | PRD000778,Trending Products,"Cold start - no user history, fallback to Trending Products",0.66,Recommended (Trending Products),BR006,COLD_START,2026-07-19,v1.0,[],0,[],0,[],0,[],0,[],0,"['PRD000519', 'PRD001161', 'PRD000486', 'PRD001446', 'PRD001888', 'PRD000778']",6
CS000397,BYRNEW00397,2026-08-04,,,,,,PRD001380 | PRD002784 | PRD001022 | PRD000592 | PRD000541 | PRD001339,New Arrivals,"Cold start - no user history, fallback to New Arrivals",0.55,Recommended (New Arrivals),BR006,COLD_START,2026-07-16,v1.0,[],0,[],0,[],0,[],0,[],0,"['PRD001380', 'PRD002784', 'PRD001022', 'PRD000592', 'PRD000541', 'PRD001339']",6
CS000398,BYRNEW00398,2026-08-05,,,,,,PRD001467 | PRD000288 | PRD000260 | PRD000592 | PRD001132 | PRD000134 | PRD001019 | PRD000244,New Arrivals,"Cold start - no user history, fallback to New Arrivals",0.67,Recommended (New Arrivals),BR006,COLD_START,2026-08-03,v1.0,[],0,[],0,[],0,[],0,[],0,"['PRD001467', 'PRD000288', 'PRD000260', 'PRD000592', 'PRD001132', 'PRD000134', 'PRD001019', 'PRD000244']",8
CS000399,BYRNEW00399,2026-07-30,,,,,,PRD001278 | PRD000651 | PRD001012 | PRD002149 | PRD000983 | PRD001446,Trending Products,"Cold start - no user history, fallback to Trending Products",0.62,Recommended (Trending Products),BR006,COLD_START,2026-08-04,v1.0,[],0,[],0,[],0,[],0,[],0,"['PRD001278', 'PRD000651', 'PRD001012', 'PRD002149', 'PRD000983', 'PRD001446']",6
CS000400,BYRNEW00400,2026-07-31,,,,,,PRD001653 | PRD001082 | PRD001872 | PRD002658 | PRD000554 | PRD000143,New Arrivals,"Cold start - no user history, fallback to New Arrivals",0.62,Recommended (New Arrivals),BR006,COLD_START,2026-07-10,v1.0,[],0,[],0,[],0,[],0,[],0,"['PRD001653', 'PRD001082', 'PRD001872', 'PRD002658', 'PRD000554', 'PRD000143']",6
CS000401,BYRNEW00401,2026-07-31,,,,,,PRD002925 | PRD002131 | PRD000157 | PRD001058 | PRD000155,New Arrivals,"Cold start - no user history, fallback to New Arrivals",0.62,Recommended (New Arrivals),BR006,COLD_START,2026-07-29,v1.0,[],0,[],0,[],0,[],0,[],0,"['PRD002925', 'PRD002131', 'PRD000157', 'PRD001058', 'PRD000155']",5
CS000402,BYRNEW00402,2026-08-02,,,,,,PRD002315 | PRD002597 | PRD001888 | PRD001012 | PRD001070,Trending Products,"Cold start - no user history, fallback to Trending Products",0.53,Recommended (Trending Products),BR006,COLD_START,2026-07-09,v1.0,[],0,[],0,[],0,[],0,[],0,"['PRD002315', 'PRD002597', 'PRD001888', 'PRD001012', 'PRD001070']",5
CS000403,BYRNEW00403,2026-08-06,,,,,,PRD000523 | PRD000385 | PRD000354 | PRD002766 | PRD000994 | PRD002000,New Arrivals,"Cold start - no user history, fallback to New Arrivals",0.73,Recommended (New Arrivals),BR006,COLD_START,2026-07-18,v1.0,[],0,[],0,[],0,[],0,[],0,"['PRD000523', 'PRD000385', 'PRD000354', 'PRD002766', 'PRD000994', 'PRD002000']",6
CS000404,BYRNEW00404,2026-07-31,,,,,,PRD002775 | PRD001024 | PRD000575,Popular Products,"Cold start - no user history, fallback to Popular Products",0.52,Recommended (Popular Products),BR006,COLD_START,2026-07-18,v1.0,[],0,[],0,[],0,[],0,[],0,"['PRD002775', 'PRD001024', 'PRD000575']",3
CS000405,BYRNEW00405,2026-07-30,,,,,,PRD001402 | PRD000885 | PRD000075 | PRD001612 | PRD000756 | PRD002442,Popular Products,"Cold start - no user history, fallback to Popular Products",0.65,Recommended (Popular Products),BR006,COLD_START,2026-08-03,v1.0,[],0,[],0,[],0,[],0,[],0,"['PRD001402', 'PRD000885', 'PRD000075', 'PRD001612', 'PRD000756', 'PRD002442']",6
CS000406,BYRNEW00406,2026-08-06,,,,,,PRD000785 | PRD001012 | PRD000344 | PRD002508 | PRD000526 | PRD001097 | PRD000577,Trending Products,"Cold start - no user history, fallback to Trending Products",0.58,Recommended (Trending Products),BR006,COLD_START,2026-07-18,v1.0,[],0,[],0,[],0,[],0,[],0,"['PRD000785', 'PRD001012', 'PRD000344', 'PRD002508', 'PRD000526', 'PRD001097', 'PRD000577']",7
CS000407,BYRNEW00407,2026-08-04,,,,,,PRD001583 | PRD000443 | PRD000348 | PRD002509 | PRD002925 | PRD001932 | PRD001704 | PRD000322,Popular Products,"Cold start - no user history, fallback to Popular Products",0.6,Recommended (Popular Products),BR006,COLD_START,2026-07-10,v1.0,[],0,[],0,[],0,[],0,[],0,"['PRD001583', 'PRD000443', 'PRD000348', 'PRD002509', 'PRD002925', 'PRD001932', 'PRD001704', 'PRD000322']",8
CS000408,BYRNEW00408,2026-08-05,,,,,,PRD001346 | PRD002807 | PRD002208,Best Seller,"Cold start - no user history, fallback to Best Seller",0.71,Recommended (Best Seller),BR006,COLD_START,2026-07-31,v1.0,[],0,[],0,[],0,[],0,[],0,"['PRD001346', 'PRD002807', 'PRD002208']",3
CS000409,BYRNEW00409,2026-07-31,,,,,,PRD000894 | PRD001946 | PRD001736 | PRD001914 | PRD001740,Trending Products,"Cold start - no user history, fallback to Trending Products",0.75,Recommended (Trending Products),BR006,COLD_START,2026-07-31,v1.0,[],0,[],0,[],0,[],0,[],0,"['PRD000894', 'PRD001946', 'PRD001736', 'PRD001914', 'PRD001740']",5
CS000410,BYRNEW00410,2026-08-06,,,,,,PRD002852 | PRD001906 | PRD000178 | PRD002492 | PRD000074 | PRD001478,Popular Products,"Cold start - no user history, fallback to Popular Products",0.7,Recommended (Popular Products),BR006,COLD_START,2026-07-23,v1.0,[],0,[],0,[],0,[],0,[],0,"['PRD002852', 'PRD001906', 'PRD000178', 'PRD002492', 'PRD000074', 'PRD001478']",6
CS000411,BYRNEW00411,2026-08-01,,,,,,PRD000750 | PRD001760 | PRD002285 | PRD002669 | PRD002869 | PRD002415 | PRD000269 | PRD000664,Trending Products,"Cold start - no user history, fallback to Trending Products",0.61,Recommended (Trending Products),BR006,COLD_START,2026-07-31,v1.0,[],0,[],0,[],0,[],0,[],0,"['PRD000750', 'PRD001760', 'PRD002285', 'PRD002669', 'PRD002869', 'PRD002415', 'PRD000269', 'PRD000664']",8
CS000412,BYRNEW00412,2026-07-31,,,,,,PRD001865 | PRD001121 | PRD000303 | PRD002852 | PRD002610 | PRD001024,Popular Products,"Cold start - no user history, fallback to Popular Products",0.74,Recommended (Popular Products),BR006,COLD_START,2026-08-04,v1.0,[],0,[],0,[],0,[],0,[],0,"['PRD001865', 'PRD001121', 'PRD000303', 'PRD002852', 'PRD002610', 'PRD001024']",6
CS000413,BYRNEW00413,2026-08-05,,,,,,PRD002417 | PRD002877 | PRD000387 | PRD001861 | PRD001233 | PRD002302 | PRD002930 | PRD000389,Best Seller,"Cold start - no user history, fallback to Best Seller",0.71,Recommended (Best Seller),BR006,COLD_START,2026-07-25,v1.0,[],0,[],0,[],0,[],0,[],0,"['PRD002417', 'PRD002877', 'PRD000387', 'PRD001861', 'PRD001233', 'PRD002302', 'PRD002930', 'PRD000389']",8
CS000414,BYRNEW00414,2026-08-03,,,,,,PRD002950 | PRD002604 | PRD000824 | PRD000624 | PRD000610,Best Seller,"Cold start - no user history, fallback to Best Seller",0.65,Recommended (Best Seller),BR006,COLD_START,2026-07-13,v1.0,[],0,[],0,[],0,[],0,[],0,"['PRD002950', 'PRD002604', 'PRD000824', 'PRD000624', 'PRD000610']",5
CS000415,BYRNEW00415,2026-07-31,,,,,,PRD001792 | PRD000095 | PRD002912 | PRD000369 | PRD000892 | PRD002406,Best Seller,"Cold start - no user history, fallback to Best Seller",0.56,Recommended (Best Seller),BR006,COLD_START,2026-07-31,v1.0,[],0,[],0,[],0,[],0,[],0,"['PRD001792', 'PRD000095', 'PRD002912', 'PRD000369', 'PRD000892', 'PRD002406']",6
CS000416,BYRNEW00416,2026-08-01,,,,,,PRD001069 | PRD002776 | PRD001800,Popular Products,"Cold start - no user history, fallback to Popular Products",0.5,Recommended (Popular Products),BR006,COLD_START,2026-07-14,v1.0,[],0,[],0,[],0,[],0,[],0,"['PRD001069', 'PRD002776', 'PRD001800']",3
CS000417,BYRNEW00417,2026-08-05,,,,,,PRD002691 | PRD001081 | PRD001044 | PRD000805 | PRD002251,New Arrivals,"Cold start - no user history, fallback to New Arrivals",0.54,Recommended (New Arrivals),BR006,COLD_START,2026-07-24,v1.0,[],0,[],0,[],0,[],0,[],0,"['PRD002691', 'PRD001081', 'PRD001044', 'PRD000805', 'PRD002251']",5
CS000418,BYRNEW00418,2026-08-02,,,,,,PRD001307 | PRD001344 | PRD000675 | PRD000570 | PRD002759 | PRD001995 | PRD002595 | PRD001368,Best Seller,"Cold start - no user history, fallback to Best Seller",0.53,Recommended (Best Seller),BR006,COLD_START,2026-07-08,v1.0,[],0,[],0,[],0,[],0,[],0,"['PRD001307', 'PRD001344', 'PRD000675', 'PRD000570', 'PRD002759', 'PRD001995', 'PRD002595', 'PRD001368']",8
CS000419,BYRNEW00419,2026-07-30,,,,,,PRD002610 | PRD000367 | PRD001385,Popular Products,"Cold start - no user history, fallback to Popular Products",0.73,Recommended (Popular Products),BR006,COLD_START,2026-07-18,v1.0,[],0,[],0,[],0,[],0,[],0,"['PRD002610', 'PRD000367', 'PRD001385']",3
CS000420,BYRNEW00420,2026-07-31,,,,,,PRD001459 | PRD001278 | PRD000527 | PRD002336 | PRD002143,Trending Products,"Cold start - no user history, fallback to Trending Products",0.53,Recommended (Trending Products),BR006,COLD_START,2026-07-15,v1.0,[],0,[],0,[],0,[],0,[],0,"['PRD001459', 'PRD001278', 'PRD000527', 'PRD002336', 'PRD002143']",5
CS000421,BYRNEW00421,2026-08-03,,,,,,PRD001272 | PRD001740 | PRD001587 | PRD000451 | PRD001726 | PRD001753 | PRD000923 | PRD002597,Trending Products,"Cold start - no user history, fallback to Trending Products",0.62,Recommended (Trending Products),BR006,COLD_START,2026-08-01,v1.0,[],0,[],0,[],0,[],0,[],0,"['PRD001272', 'PRD001740', 'PRD001587', 'PRD000451', 'PRD001726', 'PRD001753', 'PRD000923', 'PRD002597']",8
CS000422,BYRNEW00422,2026-08-06,,,,,,PRD002772 | PRD001674 | PRD001096 | PRD001105,Best Seller,"Cold start - no user history, fallback to Best Seller",0.63,Recommended (Best Seller),BR006,COLD_START,2026-08-03,v1.0,[],0,[],0,[],0,[],0,[],0,"['PRD002772', 'PRD001674', 'PRD001096', 'PRD001105']",4
CS000423,BYRNEW00423,2026-07-31,,,,,,PRD001029 | PRD001704 | PRD000390,Popular Products,"Cold start - no user history, fallback to Popular Products",0.67,Recommended (Popular Products),BR006,COLD_START,2026-07-08,v1.0,[],0,[],0,[],0,[],0,[],0,"['PRD001029', 'PRD001704', 'PRD000390']",3
CS000424,BYRNEW00424,2026-08-01,,,,,,PRD000241 | PRD000486 | PRD002569 | PRD000804 | PRD002159 | PRD002336 | PRD000686 | PRD000527,Trending Products,"Cold start - no user history, fallback to Trending Products",0.58,Recommended (Trending Products),BR006,COLD_START,2026-07-21,v1.0,[],0,[],0,[],0,[],0,[],0,"['PRD000241', 'PRD000486', 'PRD002569', 'PRD000804', 'PRD002159', 'PRD002336', 'PRD000686', 'PRD000527']",8
CS000425,BYRNEW00425,2026-08-01,,,,,,PRD000690 | PRD001542 | PRD002655 | PRD001533 | PRD002079,Best Seller,"Cold start - no user history, fallback to Best Seller",0.6,Recommended (Best Seller),BR006,COLD_START,2026-07-08,v1.0,[],0,[],0,[],0,[],0,[],0,"['PRD000690', 'PRD001542', 'PRD002655', 'PRD001533', 'PRD002079']",5
CS000426,BYRNEW00426,2026-07-31,,,,,,PRD002039 | PRD001523 | PRD000932 | PRD000770 | PRD001063,New Arrivals,"Cold start - no user history, fallback to New Arrivals",0.71,Recommended (New Arrivals),BR006,COLD_START,2026-07-31,v1.0,[],0,[],0,[],0,[],0,[],0,"['PRD002039', 'PRD001523', 'PRD000932', 'PRD000770', 'PRD001063']",5
CS000427,BYRNEW00427,2026-08-02,,,,,,PRD001115 | PRD000397 | PRD001618 | PRD000651 | PRD002509,New Arrivals,"Cold start - no user history, fallback to New Arrivals",0.71,Recommended (New Arrivals),BR006,COLD_START,2026-07-20,v1.0,[],0,[],0,[],0,[],0,[],0,"['PRD001115', 'PRD000397', 'PRD001618', 'PRD000651', 'PRD002509']",5
CS000428,BYRNEW00428,2026-08-01,,,,,,PRD002149 | PRD002806 | PRD001686 | PRD001081 | PRD002412 | PRD001987 | PRD002203 | PRD002979,Best Seller,"Cold start - no user history, fallback to Best Seller",0.7,Recommended (Best Seller),BR006,COLD_START,2026-07-27,v1.0,[],0,[],0,[],0,[],0,[],0,"['PRD002149', 'PRD002806', 'PRD001686', 'PRD001081', 'PRD002412', 'PRD001987', 'PRD002203', 'PRD002979']",8
CS000429,BYRNEW00429,2026-08-04,,,,,,PRD000210 | PRD000412 | PRD001691 | PRD002339 | PRD002540 | PRD002795 | PRD000798,Popular Products,"Cold start - no user history, fallback to Popular Products",0.7,Recommended (Popular Products),BR006,COLD_START,2026-07-20,v1.0,[],0,[],0,[],0,[],0,[],0,"['PRD000210', 'PRD000412', 'PRD001691', 'PRD002339', 'PRD002540', 'PRD002795', 'PRD000798']",7
CS000430,BYRNEW00430,2026-08-05,,,,,,PRD002207 | PRD001001 | PRD001818 | PRD002777 | PRD001997 | PRD002695 | PRD000597,Best Seller,"Cold start - no user history, fallback to Best Seller",0.61,Recommended (Best Seller),BR006,COLD_START,2026-07-08,v1.0,[],0,[],0,[],0,[],0,[],0,"['PRD002207', 'PRD001001', 'PRD001818', 'PRD002777', 'PRD001997', 'PRD002695', 'PRD000597']",7
CS000431,BYRNEW00431,2026-08-03,,,,,,PRD000434 | PRD002518 | PRD000910 | PRD002514 | PRD001433 | PRD000973,Best Seller,"Cold start - no user history, fallback to Best Seller",0.6,Recommended (Best Seller),BR006,COLD_START,2026-07-20,v1.0,[],0,[],0,[],0,[],0,[],0,"['PRD000434', 'PRD002518', 'PRD000910', 'PRD002514', 'PRD001433', 'PRD000973']",6
CS000432,BYRNEW00432,2026-07-31,,,,,,PRD001549 | PRD001109 | PRD000359 | PRD002279 | PRD000073 | PRD001173 | PRD001791,New Arrivals,"Cold start - no user history, fallback to New Arrivals",0.53,Recommended (New Arrivals),BR006,COLD_START,2026-07-17,v1.0,[],0,[],0,[],0,[],0,[],0,"['PRD001549', 'PRD001109', 'PRD000359', 'PRD002279', 'PRD000073', 'PRD001173', 'PRD001791']",7
CS000433,BYRNEW00433,2026-08-01,,,,,,PRD002423 | PRD002693 | PRD000807,Trending Products,"Cold start - no user history, fallback to Trending Products",0.61,Recommended (Trending Products),BR006,COLD_START,2026-08-02,v1.0,[],0,[],0,[],0,[],0,[],0,"['PRD002423', 'PRD002693', 'PRD000807']",3
CS000434,BYRNEW00434,2026-08-03,,,,,,PRD001745 | PRD002545 | PRD000727 | PRD001988 | PRD000765 | PRD000467,Best Seller,"Cold start - no user history, fallback to Best Seller",0.64,Recommended (Best Seller),BR006,COLD_START,2026-07-26,v1.0,[],0,[],0,[],0,[],0,[],0,"['PRD001745', 'PRD002545', 'PRD000727', 'PRD001988', 'PRD000765', 'PRD000467']",6
CS000435,BYRNEW00435,2026-07-30,,,,,,PRD000033 | PRD002320 | PRD000403,New Arrivals,"Cold start - no user history, fallback to New Arrivals",0.57,Recommended (New Arrivals),BR006,COLD_START,2026-07-13,v1.0,[],0,[],0,[],0,[],0,[],0,"['PRD000033', 'PRD002320', 'PRD000403']",3
CS000436,BYRNEW00436,2026-08-03,,,,,,PRD002404 | PRD002919 | PRD002582 | PRD001544 | PRD000067 | PRD002395,New Arrivals,"Cold start - no user history, fallback to New Arrivals",0.7,Recommended (New Arrivals),BR006,COLD_START,2026-07-16,v1.0,[],0,[],0,[],0,[],0,[],0,"['PRD002404', 'PRD002919', 'PRD002582', 'PRD001544', 'PRD000067', 'PRD002395']",6
CS000437,BYRNEW00437,2026-08-01,,,,,,PRD001998 | PRD000528 | PRD001607 | PRD001479 | PRD002377,Best Seller,"Cold start - no user history, fallback to Best Seller",0.63,Recommended (Best Seller),BR006,COLD_START,2026-07-07,v1.0,[],0,[],0,[],0,[],0,[],0,"['PRD001998', 'PRD000528', 'PRD001607', 'PRD001479', 'PRD002377']",5
CS000438,BYRNEW00438,2026-08-04,,,,,,PRD002925 | PRD001523 | PRD001004 | PRD001402,Popular Products,"Cold start - no user history, fallback to Popular Products",0.73,Recommended (Popular Products),BR006,COLD_START,2026-07-27,v1.0,[],0,[],0,[],0,[],0,[],0,"['PRD002925', 'PRD001523', 'PRD001004', 'PRD001402']",4
CS000439,BYRNEW00439,2026-08-04,,,,,,PRD000412 | PRD002694 | PRD000015 | PRD000016 | PRD001004,Popular Products,"Cold start - no user history, fallback to Popular Products",0.7,Recommended (Popular Products),BR006,COLD_START,2026-07-29,v1.0,[],0,[],0,[],0,[],0,[],0,"['PRD000412', 'PRD002694', 'PRD000015', 'PRD000016', 'PRD001004']",5
CS000440,BYRNEW00440,2026-08-02,,,,,,PRD002738 | PRD001004 | PRD000575 | PRD002659 | PRD002026 | PRD001876 | PRD000178 | PRD001525,Popular Products,"Cold start - no user history, fallback to Popular Products",0.64,Recommended (Popular Products),BR006,COLD_START,2026-07-27,v1.0,[],0,[],0,[],0,[],0,[],0,"['PRD002738', 'PRD001004', 'PRD000575', 'PRD002659', 'PRD002026', 'PRD001876', 'PRD000178', 'PRD001525']",8
CS000441,BYRNEW00441,2026-07-30,,,,,,PRD001326 | PRD002198 | PRD002037 | PRD000702,Best Seller,"Cold start - no user history, fallback to Best Seller",0.51,Recommended (Best Seller),BR006,COLD_START,2026-07-08,v1.0,[],0,[],0,[],0,[],0,[],0,"['PRD001326', 'PRD002198', 'PRD002037', 'PRD000702']",4
CS000442,BYRNEW00442,2026-07-30,,,,,,PRD002987 | PRD001317 | PRD000951 | PRD002659 | PRD000747,Popular Products,"Cold start - no user history, fallback to Popular Products",0.68,Recommended (Popular Products),BR006,COLD_START,2026-08-05,v1.0,[],0,[],0,[],0,[],0,[],0,"['PRD002987', 'PRD001317', 'PRD000951', 'PRD002659', 'PRD000747']",5
CS000443,BYRNEW00443,2026-08-01,,,,,,PRD001479 | PRD002709 | PRD001255,Best Seller,"Cold start - no user history, fallback to Best Seller",0.69,Recommended (Best Seller),BR006,COLD_START,2026-07-12,v1.0,[],0,[],0,[],0,[],0,[],0,"['PRD001479', 'PRD002709', 'PRD001255']",3
CS000444,BYRNEW00444,2026-08-06,,,,,,PRD002315 | PRD000127 | PRD002772 | PRD001438 | PRD000923,Trending Products,"Cold start - no user history, fallback to Trending Products",0.65,Recommended (Trending Products),BR006,COLD_START,2026-07-15,v1.0,[],0,[],0,[],0,[],0,[],0,"['PRD002315', 'PRD000127', 'PRD002772', 'PRD001438', 'PRD000923']",5
CS000445,BYRNEW00445,2026-07-30,,,,,,PRD002880 | PRD002058 | PRD000559 | PRD002327 | PRD000651 | PRD000699 | PRD000713,Trending Products,"Cold start - no user history, fallback to Trending Products",0.66,Recommended (Trending Products),BR006,COLD_START,2026-07-17,v1.0,[],0,[],0,[],0,[],0,[],0,"['PRD002880', 'PRD002058', 'PRD000559', 'PRD002327', 'PRD000651', 'PRD000699', 'PRD000713']",7
CS000446,BYRNEW00446,2026-08-01,,,,,,PRD000094 | PRD001907 | PRD000494 | PRD000302 | PRD002952,Trending Products,"Cold start - no user history, fallback to Trending Products",0.55,Recommended (Trending Products),BR006,COLD_START,2026-07-17,v1.0,[],0,[],0,[],0,[],0,[],0,"['PRD000094', 'PRD001907', 'PRD000494', 'PRD000302', 'PRD002952']",5
CS000447,BYRNEW00447,2026-08-04,,,,,,PRD002675 | PRD000253 | PRD002067 | PRD001436,Popular Products,"Cold start - no user history, fallback to Popular Products",0.72,Recommended (Popular Products),BR006,COLD_START,2026-08-02,v1.0,[],0,[],0,[],0,[],0,[],0,"['PRD002675', 'PRD000253', 'PRD002067', 'PRD001436']",4
CS000448,BYRNEW00448,2026-08-02,,,,,,PRD001687 | PRD001207 | PRD000947 | PRD002835 | PRD000882,Popular Products,"Cold start - no user history, fallback to Popular Products",0.51,Recommended (Popular Products),BR006,COLD_START,2026-07-22,v1.0,[],0,[],0,[],0,[],0,[],0,"['PRD001687', 'PRD001207', 'PRD000947', 'PRD002835', 'PRD000882']",5
CS000449,BYRNEW00449,2026-08-03,,,,,,PRD000348 | PRD001800 | PRD000790 | PRD002067 | PRD000846 | PRD001301,Popular Products,"Cold start - no user history, fallback to Popular Products",0.6,Recommended (Popular Products),BR006,COLD_START,2026-07-07,v1.0,[],0,[],0,[],0,[],0,[],0,"['PRD000348', 'PRD001800', 'PRD000790', 'PRD002067', 'PRD000846', 'PRD001301']",6
CS000450,BYRNEW00450,2026-08-05,,,,,,PRD002766 | PRD002872 | PRD002967,Best Seller,"Cold start - no user history, fallback to Best Seller",0.66,Recommended (Best Seller),BR006,COLD_START,2026-07-25,v1.0,[],0,[],0,[],0,[],0,[],0,"['PRD002766', 'PRD002872', 'PRD002967']",3
CS000451,BYRNEW00451,2026-08-01,,,,,,PRD002040 | PRD001262 | PRD001553 | PRD002086 | PRD000530,Best Seller,"Cold start - no user history, fallback to Best Seller",0.53,Recommended (Best Seller),BR006,COLD_START,2026-07-23,v1.0,[],0,[],0,[],0,[],0,[],0,"['PRD002040', 'PRD001262', 'PRD001553', 'PRD002086', 'PRD000530']",5
CS000452,BYRNEW00452,2026-08-06,,,,,,PRD002927 | PRD000409 | PRD002004 | PRD002761 | PRD000993 | PRD001059,Best Seller,"Cold start - no user history, fallback to Best Seller",0.58,Recommended (Best Seller),BR006,COLD_START,2026-07-10,v1.0,[],0,[],0,[],0,[],0,[],0,"['PRD002927', 'PRD000409', 'PRD002004', 'PRD002761', 'PRD000993', 'PRD001059']",6
CS000453,BYRNEW00453,2026-08-05,,,,,,PRD002601 | PRD000773 | PRD001690 | PRD002765 | PRD001963 | PRD000477 | PRD002879,New Arrivals,"Cold start - no user history, fallback to New Arrivals",0.59,Recommended (New Arrivals),BR006,COLD_START,2026-08-05,v1.0,[],0,[],0,[],0,[],0,[],0,"['PRD002601', 'PRD000773', 'PRD001690', 'PRD002765', 'PRD001963', 'PRD000477', 'PRD002879']",7
CS000454,BYRNEW00454,2026-08-04,,,,,,PRD001557 | PRD001897 | PRD000348 | PRD000947,Popular Products,"Cold start - no user history, fallback to Popular Products",0.67,Recommended (Popular Products),BR006,COLD_START,2026-07-18,v1.0,[],0,[],0,[],0,[],0,[],0,"['PRD001557', 'PRD001897', 'PRD000348', 'PRD000947']",4
CS000455,BYRNEW00455,2026-07-31,,,,,,PRD002376 | PRD001738 | PRD001885 | PRD002382 | PRD000220,Best Seller,"Cold start - no user history, fallback to Best Seller",0.66,Recommended (Best Seller),BR006,COLD_START,2026-07-18,v1.0,[],0,[],0,[],0,[],0,[],0,"['PRD002376', 'PRD001738', 'PRD001885', 'PRD002382', 'PRD000220']",5
CS000456,BYRNEW00456,2026-08-02,,,,,,PRD002509 | PRD000481 | PRD002901 | PRD000296 | PRD001367,Best Seller,"Cold start - no user history, fallback to Best Seller",0.68,Recommended (Best Seller),BR006,COLD_START,2026-07-22,v1.0,[],0,[],0,[],0,[],0,[],0,"['PRD002509', 'PRD000481', 'PRD002901', 'PRD000296', 'PRD001367']",5
CS000457,BYRNEW00457,2026-08-04,,,,,,PRD002319 | PRD002339 | PRD001282 | PRD000085 | PRD000933 | PRD000844 | PRD001909 | PRD000563,Best Seller,"Cold start - no user history, fallback to Best Seller",0.58,Recommended (Best Seller),BR006,COLD_START,2026-07-15,v1.0,[],0,[],0,[],0,[],0,[],0,"['PRD002319', 'PRD002339', 'PRD001282', 'PRD000085', 'PRD000933', 'PRD000844', 'PRD001909', 'PRD000563']",8
CS000458,BYRNEW00458,2026-08-02,,,,,,PRD002597 | PRD002369 | PRD002038 | PRD002728,Trending Products,"Cold start - no user history, fallback to Trending Products",0.56,Recommended (Trending Products),BR006,COLD_START,2026-07-28,v1.0,[],0,[],0,[],0,[],0,[],0,"['PRD002597', 'PRD002369', 'PRD002038', 'PRD002728']",4
CS000459,BYRNEW00459,2026-08-03,,,,,,PRD001726 | PRD002202 | PRD001668 | PRD002069 | PRD002315,Trending Products,"Cold start - no user history, fallback to Trending Products",0.71,Recommended (Trending Products),BR006,COLD_START,2026-07-27,v1.0,[],0,[],0,[],0,[],0,[],0,"['PRD001726', 'PRD002202', 'PRD001668', 'PRD002069', 'PRD002315']",5
CS000460,BYRNEW00460,2026-08-04,,,,,,PRD001760 | PRD001824 | PRD000113,Trending Products,"Cold start - no user history, fallback to Trending Products",0.58,Recommended (Trending Products),BR006,COLD_START,2026-07-29,v1.0,[],0,[],0,[],0,[],0,[],0,"['PRD001760', 'PRD001824', 'PRD000113']",3
CS000461,BYRNEW00461,2026-08-02,,,,,,PRD002754 | PRD002733 | PRD001014 | PRD002159 | PRD000215 | PRD001551,Trending Products,"Cold start - no user history, fallback to Trending Products",0.56,Recommended (Trending Products),BR006,COLD_START,2026-07-26,v1.0,[],0,[],0,[],0,[],0,[],0,"['PRD002754', 'PRD002733', 'PRD001014', 'PRD002159', 'PRD000215', 'PRD001551']",6
CS000462,BYRNEW00462,2026-08-01,,,,,,PRD001612 | PRD000960 | PRD000747 | PRD001658 | PRD001176 | PRD000474 | PRD000024,New Arrivals,"Cold start - no user history, fallback to New Arrivals",0.67,Recommended (New Arrivals),BR006,COLD_START,2026-07-17,v1.0,[],0,[],0,[],0,[],0,[],0,"['PRD001612', 'PRD000960', 'PRD000747', 'PRD001658', 'PRD001176', 'PRD000474', 'PRD000024']",7
CS000463,BYRNEW00463,2026-08-03,,,,,,PRD000078 | PRD002738 | PRD000164 | PRD002473 | PRD001525 | PRD000171 | PRD000307 | PRD002625,Popular Products,"Cold start - no user history, fallback to Popular Products",0.53,Recommended (Popular Products),BR006,COLD_START,2026-07-09,v1.0,[],0,[],0,[],0,[],0,[],0,"['PRD000078', 'PRD002738', 'PRD000164', 'PRD002473', 'PRD001525', 'PRD000171', 'PRD000307', 'PRD002625']",8
CS000464,BYRNEW00464,2026-07-31,,,,,,PRD002464 | PRD001395 | PRD001532 | PRD000767,New Arrivals,"Cold start - no user history, fallback to New Arrivals",0.74,Recommended (New Arrivals),BR006,COLD_START,2026-08-02,v1.0,[],0,[],0,[],0,[],0,[],0,"['PRD002464', 'PRD001395', 'PRD001532', 'PRD000767']",4
CS000465,BYRNEW00465,2026-08-06,,,,,,PRD000241 | PRD001029 | PRD001198,New Arrivals,"Cold start - no user history, fallback to New Arrivals",0.55,Recommended (New Arrivals),BR006,COLD_START,2026-07-23,v1.0,[],0,[],0,[],0,[],0,[],0,"['PRD000241', 'PRD001029', 'PRD001198']",3
CS000466,BYRNEW00466,2026-07-30,,,,,,PRD000608 | PRD000400 | PRD002434 | PRD001942 | PRD001158,New Arrivals,"Cold start - no user history, fallback to New Arrivals",0.57,Recommended (New Arrivals),BR006,COLD_START,2026-08-06,v1.0,[],0,[],0,[],0,[],0,[],0,"['PRD000608', 'PRD000400', 'PRD002434', 'PRD001942', 'PRD001158']",5
CS000467,BYRNEW00467,2026-08-05,,,,,,PRD001241 | PRD001497 | PRD002990,Best Seller,"Cold start - no user history, fallback to Best Seller",0.52,Recommended (Best Seller),BR006,COLD_START,2026-07-17,v1.0,[],0,[],0,[],0,[],0,[],0,"['PRD001241', 'PRD001497', 'PRD002990']",3
CS000468,BYRNEW00468,2026-08-05,,,,,,PRD000922 | PRD002597 | PRD000447,Trending Products,"Cold start - no user history, fallback to Trending Products",0.66,Recommended (Trending Products),BR006,COLD_START,2026-07-22,v1.0,[],0,[],0,[],0,[],0,[],0,"['PRD000922', 'PRD002597', 'PRD000447']",3
CS000469,BYRNEW00469,2026-08-02,,,,,,PRD002103 | PRD000747 | PRD002401 | PRD000287 | PRD000503 | PRD001909 | PRD000914 | PRD001387,New Arrivals,"Cold start - no user history, fallback to New Arrivals",0.69,Recommended (New Arrivals),BR006,COLD_START,2026-08-01,v1.0,[],0,[],0,[],0,[],0,[],0,"['PRD002103', 'PRD000747', 'PRD002401', 'PRD000287', 'PRD000503', 'PRD001909', 'PRD000914', 'PRD001387']",8
CS000470,BYRNEW00470,2026-08-02,,,,,,PRD002859 | PRD002004 | PRD001102 | PRD000217 | PRD000494 | PRD000782,Best Seller,"Cold start - no user history, fallback to Best Seller",0.56,Recommended (Best Seller),BR006,COLD_START,2026-08-04,v1.0,[],0,[],0,[],0,[],0,[],0,"['PRD002859', 'PRD002004', 'PRD001102', 'PRD000217', 'PRD000494', 'PRD000782']",6
CS000471,BYRNEW00471,2026-08-03,,,,,,PRD001619 | PRD000814 | PRD001455 | PRD000500,Trending Products,"Cold start - no user history, fallback to Trending Products",0.72,Recommended (Trending Products),BR006,COLD_START,2026-08-05,v1.0,[],0,[],0,[],0,[],0,[],0,"['PRD001619', 'PRD000814', 'PRD001455', 'PRD000500']",4
CS000472,BYRNEW00472,2026-08-01,,,,,,PRD000573 | PRD000377 | PRD000791 | PRD002671 | PRD001948 | PRD002550 | PRD000539,New Arrivals,"Cold start - no user history, fallback to New Arrivals",0.65,Recommended (New Arrivals),BR006,COLD_START,2026-07-11,v1.0,[],0,[],0,[],0,[],0,[],0,"['PRD000573', 'PRD000377', 'PRD000791', 'PRD002671', 'PRD001948', 'PRD002550', 'PRD000539']",7
CS000473,BYRNEW00473,2026-07-31,,,,,,PRD001791 | PRD000895 | PRD002219 | PRD001349 | PRD000430 | PRD000604 | PRD001521,New Arrivals,"Cold start - no user history, fallback to New Arrivals",0.54,Recommended (New Arrivals),BR006,COLD_START,2026-07-29,v1.0,[],0,[],0,[],0,[],0,[],0,"['PRD001791', 'PRD000895', 'PRD002219', 'PRD001349', 'PRD000430', 'PRD000604', 'PRD001521']",7
CS000474,BYRNEW00474,2026-08-05,,,,,,PRD000443 | PRD001024 | PRD002857,Popular Products,"Cold start - no user history, fallback to Popular Products",0.63,Recommended (Popular Products),BR006,COLD_START,2026-07-13,v1.0,[],0,[],0,[],0,[],0,[],0,"['PRD000443', 'PRD001024', 'PRD002857']",3
CS000475,BYRNEW00475,2026-07-30,,,,,,PRD002668 | PRD002553 | PRD002869 | PRD000481 | PRD002339 | PRD002691 | PRD002492,Popular Products,"Cold start - no user history, fallback to Popular Products",0.63,Recommended (Popular Products),BR006,COLD_START,2026-07-11,v1.0,[],0,[],0,[],0,[],0,[],0,"['PRD002668', 'PRD002553', 'PRD002869', 'PRD000481', 'PRD002339', 'PRD002691', 'PRD002492']",7
CS000476,BYRNEW00476,2026-08-01,,,,,,PRD001066 | PRD000787 | PRD001220 | PRD000809 | PRD000391 | PRD000254,New Arrivals,"Cold start - no user history, fallback to New Arrivals",0.73,Recommended (New Arrivals),BR006,COLD_START,2026-07-07,v1.0,[],0,[],0,[],0,[],0,[],0,"['PRD001066', 'PRD000787', 'PRD001220', 'PRD000809', 'PRD000391', 'PRD000254']",6
CS000477,BYRNEW00477,2026-08-03,,,,,,PRD000682 | PRD002011 | PRD001221 | PRD000134 | PRD001353 | PRD001442 | PRD002904 | PRD001055,Best Seller,"Cold start - no user history, fallback to Best Seller",0.7,Recommended (Best Seller),BR006,COLD_START,2026-08-03,v1.0,[],0,[],0,[],0,[],0,[],0,"['PRD000682', 'PRD002011', 'PRD001221', 'PRD000134', 'PRD001353', 'PRD001442', 'PRD002904', 'PRD001055']",8
CS000478,BYRNEW00478,2026-08-03,,,,,,PRD001124 | PRD002459 | PRD002809 | PRD000376 | PRD002113 | PRD002161,New Arrivals,"Cold start - no user history, fallback to New Arrivals",0.67,Recommended (New Arrivals),BR006,COLD_START,2026-08-05,v1.0,[],0,[],0,[],0,[],0,[],0,"['PRD001124', 'PRD002459', 'PRD002809', 'PRD000376', 'PRD002113', 'PRD002161']",6
CS000479,BYRNEW00479,2026-08-01,,,,,,PRD001478 | PRD002351 | PRD000814 | PRD000254 | PRD002454,Popular Products,"Cold start - no user history, fallback to Popular Products",0.51,Recommended (Popular Products),BR006,COLD_START,2026-07-19,v1.0,[],0,[],0,[],0,[],0,[],0,"['PRD001478', 'PRD002351', 'PRD000814', 'PRD000254', 'PRD002454']",5
CS000480,BYRNEW00480,2026-07-31,,,,,,PRD000064 | PRD001105 | PRD000885 | PRD000891 | PRD000587 | PRD001556 | PRD002675,Popular Products,"Cold start - no user history, fallback to Popular Products",0.65,Recommended (Popular Products),BR006,COLD_START,2026-07-22,v1.0,[],0,[],0,[],0,[],0,[],0,"['PRD000064', 'PRD001105', 'PRD000885', 'PRD000891', 'PRD000587', 'PRD001556', 'PRD002675']",7
CS000481,BYRNEW00481,2026-08-04,,,,,,PRD000577 | PRD002508 | PRD001438,Trending Products,"Cold start - no user history, fallback to Trending Products",0.58,Recommended (Trending Products),BR006,COLD_START,2026-08-03,v1.0,[],0,[],0,[],0,[],0,[],0,"['PRD000577', 'PRD002508', 'PRD001438']",3
CS000482,BYRNEW00482,2026-07-30,,,,,,PRD002996 | PRD002795 | PRD000008 | PRD000536,Popular Products,"Cold start - no user history, fallback to Popular Products",0.58,Recommended (Popular Products),BR006,COLD_START,2026-07-16,v1.0,[],0,[],0,[],0,[],0,[],0,"['PRD002996', 'PRD002795', 'PRD000008', 'PRD000536']",4
CS000483,BYRNEW00483,2026-08-06,,,,,,PRD000575 | PRD002659 | PRD002248 | PRD000547 | PRD001124 | PRD001121 | PRD001556,Popular Products,"Cold start - no user history, fallback to Popular Products",0.59,Recommended (Popular Products),BR006,COLD_START,2026-07-10,v1.0,[],0,[],0,[],0,[],0,[],0,"['PRD000575', 'PRD002659', 'PRD002248', 'PRD000547', 'PRD001124', 'PRD001121', 'PRD001556']",7
CS000484,BYRNEW00484,2026-08-06,,,,,,PRD002679 | PRD000613 | PRD000348 | PRD000407,Best Seller,"Cold start - no user history, fallback to Best Seller",0.73,Recommended (Best Seller),BR006,COLD_START,2026-07-26,v1.0,[],0,[],0,[],0,[],0,[],0,"['PRD002679', 'PRD000613', 'PRD000348', 'PRD000407']",4
CS000485,BYRNEW00485,2026-08-05,,,,,,PRD001963 | PRD001456 | PRD002679 | PRD001967 | PRD001541 | PRD001649 | PRD000241,Trending Products,"Cold start - no user history, fallback to Trending Products",0.75,Recommended (Trending Products),BR006,COLD_START,2026-07-23,v1.0,[],0,[],0,[],0,[],0,[],0,"['PRD001963', 'PRD001456', 'PRD002679', 'PRD001967', 'PRD001541', 'PRD001649', 'PRD000241']",7
CS000486,BYRNEW00486,2026-08-03,,,,,,PRD001583 | PRD000657 | PRD002857,Popular Products,"Cold start - no user history, fallback to Popular Products",0.52,Recommended (Popular Products),BR006,COLD_START,2026-07-30,v1.0,[],0,[],0,[],0,[],0,[],0,"['PRD001583', 'PRD000657', 'PRD002857']",3
CS000487,BYRNEW00487,2026-08-06,,,,,,PRD001239 | PRD000329 | PRD000309 | PRD001114 | PRD001401 | PRD000718,New Arrivals,"Cold start - no user history, fallback to New Arrivals",0.66,Recommended (New Arrivals),BR006,COLD_START,2026-08-04,v1.0,[],0,[],0,[],0,[],0,[],0,"['PRD001239', 'PRD000329', 'PRD000309', 'PRD001114', 'PRD001401', 'PRD000718']",6
CS000488,BYRNEW00488,2026-08-02,,,,,,PRD000539 | PRD000995 | PRD001247 | PRD001624 | PRD001760,New Arrivals,"Cold start - no user history, fallback to New Arrivals",0.52,Recommended (New Arrivals),BR006,COLD_START,2026-07-15,v1.0,[],0,[],0,[],0,[],0,[],0,"['PRD000539', 'PRD000995', 'PRD001247', 'PRD001624', 'PRD001760']",5
CS000489,BYRNEW00489,2026-08-05,,,,,,PRD000713 | PRD000678 | PRD000341 | PRD001803 | PRD000310,Trending Products,"Cold start - no user history, fallback to Trending Products",0.57,Recommended (Trending Products),BR006,COLD_START,2026-07-29,v1.0,[],0,[],0,[],0,[],0,[],0,"['PRD000713', 'PRD000678', 'PRD000341', 'PRD001803', 'PRD000310']",5
CS000490,BYRNEW00490,2026-08-04,,,,,,PRD001702 | PRD000110 | PRD000371 | PRD002953,New Arrivals,"Cold start - no user history, fallback to New Arrivals",0.52,Recommended (New Arrivals),BR006,COLD_START,2026-07-25,v1.0,[],0,[],0,[],0,[],0,[],0,"['PRD001702', 'PRD000110', 'PRD000371', 'PRD002953']",4
CS000491,BYRNEW00491,2026-07-31,,,,,,PRD000523 | PRD002728 | PRD001668 | PRD000123,Trending Products,"Cold start - no user history, fallback to Trending Products",0.54,Recommended (Trending Products),BR006,COLD_START,2026-08-04,v1.0,[],0,[],0,[],0,[],0,[],0,"['PRD000523', 'PRD002728', 'PRD001668', 'PRD000123']",4
CS000492,BYRNEW00492,2026-08-04,,,,,,PRD001997 | PRD000509 | PRD000356 | PRD001960 | PRD002694 | PRD001057 | PRD000639,Popular Products,"Cold start - no user history, fallback to Popular Products",0.68,Recommended (Popular Products),BR006,COLD_START,2026-07-09,v1.0,[],0,[],0,[],0,[],0,[],0,"['PRD001997', 'PRD000509', 'PRD000356', 'PRD001960', 'PRD002694', 'PRD001057', 'PRD000639']",7
CS000493,BYRNEW00493,2026-08-05,,,,,,PRD000390 | PRD001060 | PRD000279 | PRD001496,Popular Products,"Cold start - no user history, fallback to Popular Products",0.61,Recommended (Popular Products),BR006,COLD_START,2026-07-12,v1.0,[],0,[],0,[],0,[],0,[],0,"['PRD000390', 'PRD001060', 'PRD000279', 'PRD001496']",4
CS000494,BYRNEW00494,2026-07-31,,,,,,PRD002815 | PRD000253 | PRD001090 | PRD000846 | PRD002334,Best Seller,"Cold start - no user history, fallback to Best Seller",0.73,Recommended (Best Seller),BR006,COLD_START,2026-07-27,v1.0,[],0,[],0,[],0,[],0,[],0,"['PRD002815', 'PRD000253', 'PRD001090', 'PRD000846', 'PRD002334']",5
CS000495,BYRNEW00495,2026-07-30,,,,,,PRD002635 | PRD000031 | PRD002931 | PRD000778 | PRD001060 | PRD000034 | PRD000756,Popular Products,"Cold start - no user history, fallback to Popular Products",0.57,Recommended (Popular Products),BR006,COLD_START,2026-08-01,v1.0,[],0,[],0,[],0,[],0,[],0,"['PRD002635', 'PRD000031', 'PRD002931', 'PRD000778', 'PRD001060', 'PRD000034', 'PRD000756']",7
CS000496,BYRNEW00496,2026-08-03,,,,,,PRD000447 | PRD002202 | PRD000865,Trending Products,"Cold start - no user history, fallback to Trending Products",0.68,Recommended (Trending Products),BR006,COLD_START,2026-08-05,v1.0,[],0,[],0,[],0,[],0,[],0,"['PRD000447', 'PRD002202', 'PRD000865']",3
CS000497,BYRNEW00497,2026-07-30,,,,,,PRD002795 | PRD000725 | PRD000798,Best Seller,"Cold start - no user history, fallback to Best Seller",0.67,Recommended (Best Seller),BR006,COLD_START,2026-08-01,v1.0,[],0,[],0,[],0,[],0,[],0,"['PRD002795', 'PRD000725', 'PRD000798']",3
CS000498,BYRNEW00498,2026-08-06,,,,,,PRD002274 | PRD002626 | PRD001521 | PRD001699,Best Seller,"Cold start - no user history, fallback to Best Seller",0.69,Recommended (Best Seller),BR006,COLD_START,2026-07-14,v1.0,[],0,[],0,[],0,[],0,[],0,"['PRD002274', 'PRD002626', 'PRD001521', 'PRD001699']",4
CS000499,BYRNEW00499,2026-08-06,,,,,,PRD002625 | PRD000021 | PRD001916 | PRD002794 | PRD002278 | PRD001523 | PRD002868 | PRD002317,Best Seller,"Cold start - no user history, fallback to Best Seller",0.59,Recommended (Best Seller),BR006,COLD_START,2026-07-09,v1.0,[],0,[],0,[],0,[],0,[],0,"['PRD002625', 'PRD000021', 'PRD001916', 'PRD002794', 'PRD002278', 'PRD001523', 'PRD002868', 'PRD002317']",8
CS000500,BYRNEW00500,2026-08-04,,,,,,PRD002161 | PRD000201 | PRD002713 | PRD001760 | PRD002083 | PRD000296 | PRD001188 | PRD001999,New Arrivals,"Cold start - no user history, fallback to New Arrivals",0.53,Recommended (New Arrivals),BR006,COLD_START,2026-07-12,v1.0,[],0,[],0,[],0,[],0,[],0,"['PRD002161', 'PRD000201', 'PRD002713', 'PRD001760', 'PRD002083', 'PRD000296', 'PRD001188', 'PRD001999']",8
