Dataset_ID,Buyer_ID,Product_ID,Recommended,Clicked,Viewed,Purchased,Ignored,Hidden,Feedback,Ground_Truth,Scenario_Type,Confidence_Score,Created_Date,Version
FB000001,BYR000184,PRD001465,Yes,No,Yes,No,No,No,Price too high 😅,Neutral,NORMAL,0.73,2026-06-20,v1.0
FB000002,BYR000309,PRD002049,Yes,No,Yes,No,No,No,Irrelevant to my search,Neutral,NORMAL,0.82,2026-06-14,v1.0
FB000003,BYR000741,PRD000716,Yes,No,No,No,Yes,No,Already purchased elsewhere,Negative,NORMAL,0.98,2026-07-13,v1.0
FB000004,BYR000262,PRD000102,Yes,No,No,No,Yes,No,Already purchased elsewhere,Negative,NORMAL,0.81,2026-06-12,v1.0
FB000005,BYR000438,PRD002519,Yes,No,No,No,Yes,No,Duplicate of item I already own,Negative,NORMAL,0.77,2026-05-22,v1.0
FB000006,BYR000398,PRD002071,Yes,No,Yes,No,No,No,Price too high 😅,Neutral,NEGATIVE,0.62,2026-06-05,v1.0
FB000007,BYR000897,PRD001478,Yes,Yes,Yes,Yes,No,No,Great match! ⭐⭐⭐⭐⭐,Positive,BOUNDARY,0.84,2026-05-17,v1.0
FB000008,BYR000316,PRD002646,Yes,No,No,No,Yes,Yes,Duplicate of item I already own,Negative,NORMAL,0.81,2026-05-30,v1.0
FB000009,BYR000890,PRD000489,Yes,No,No,No,Yes,No,Duplicate of item I already own,Negative,NORMAL,0.66,2026-07-04,v1.0
FB000010,BYR000094,PRD001721,Yes,Yes,Yes,No,No,No,Relevant recommendation,Neutral,NORMAL,0.57,2026-06-06,v1.0
FB000011,BYR000717,PRD000627,Yes,Yes,Yes,No,No,No,"Good match, saved to wishlist",Neutral,NORMAL,0.91,2026-06-14,v1.0
FB000012,BYR000664,PRD002804,Yes,Yes,Yes,No,No,No,Relevant recommendation,Neutral,NEGATIVE,0.78,2026-05-08,v1.0
FB000013,BYR000626,PRD000499,Yes,No,Yes,No,No,No,Irrelevant to my search,Neutral,EDGE,0.67,2026-05-30,v1.0
FB000014,BYR000580,PRD001532,Yes,Yes,Yes,No,No,No,"Good match, saved to wishlist",Neutral,RARE,0.86,2026-07-25,v1.0
FB000015,BYR000850,PRD001103,Yes,No,Yes,No,No,No,Not my style,Neutral,RARE,0.92,2026-06-12,v1.0
FB000016,BYR000801,PRD002401,Yes,Yes,Yes,Yes,No,No,"Perfect timing, needed this",Positive,NORMAL,0.69,2026-07-24,v1.0
FB000017,BYR000351,PRD001348,Yes,No,Yes,No,No,No,Price too high 😅,Neutral,NORMAL,0.66,2026-07-01,v1.0
FB000018,BYR000550,PRD002520,Yes,No,Yes,No,No,No,Not my style,Neutral,NORMAL,0.9,2026-05-30,v1.0
FB000019,BYR000827,PRD002605,Yes,No,Yes,No,No,No,Not my style,Neutral,NORMAL,0.78,2026-07-17,v1.0
FB000020,BYR000455,PRD002890,Yes,No,No,No,Yes,No,Not interested,Negative,NORMAL,0.67,2026-05-31,v1.0
FB000021,BYR000500,PRD001993,Yes,No,No,No,Yes,No,Duplicate of item I already own,Negative,NEGATIVE,0.91,2026-05-31,v1.0
FB000022,BYR000380,PRD000724,Yes,No,No,No,Yes,No,Not interested,Negative,NORMAL,0.72,2026-06-09,v1.0
FB000023,BYR000927,PRD000611,Yes,Yes,Yes,No,No,No,Too expensive for my budget,Neutral,NEGATIVE,0.76,2026-05-09,v1.0
FB000024,BYR000388,PRD000004,Yes,No,Yes,No,No,No,Not my style,Neutral,NORMAL,0.75,2026-05-25,v1.0
FB000025,BYR000602,PRD002638,Yes,No,No,No,Yes,No,Duplicate of item I already own,Negative,NORMAL,0.53,2026-05-10,v1.0
FB000026,BYR000862,PRD001095,Yes,No,No,No,Yes,No,Duplicate of item I already own,Negative,COLD_START,0.89,2026-07-15,v1.0
FB000027,BYR000104,PRD000954,Yes,No,Yes,No,No,No,Not my style,Neutral,NORMAL,0.93,2026-05-28,v1.0
FB000028,BYR000471,PRD002061,Yes,No,No,No,Yes,No,Already purchased elsewhere,Negative,NORMAL,0.76,2026-05-16,v1.0
FB000029,BYR000823,PRD000092,Yes,No,Yes,No,No,No,Price too high 😅,Neutral,NORMAL,0.77,2026-07-19,v1.0
FB000030,BYR000615,PRD002748,Yes,Yes,Yes,No,No,No,"Good match, saved to wishlist",Neutral,EDGE,0.56,2026-06-09,v1.0
FB000031,BYR000830,PRD001050,Yes,No,No,No,Yes,No,Not interested,Negative,NORMAL,0.93,2026-07-25,v1.0
FB000032,BYR000332,PRD001397,Yes,No,No,No,Yes,No,Already purchased elsewhere,Negative,NORMAL,0.87,2026-06-22,v1.0
FB000033,BYR000960,PRD001017,Yes,No,Yes,No,No,No,Price too high 😅,Neutral,NORMAL,0.55,2026-07-11,v1.0
FB000034,BYR000774,PRD002552,Yes,No,No,No,Yes,Yes,Already purchased elsewhere,Negative,NORMAL,0.65,2026-05-28,v1.0
FB000035,BYR000512,PRD001690,Yes,No,No,No,Yes,No,Not interested,Negative,NORMAL,0.51,2026-06-20,v1.0
FB000036,BYR000281,PRD002435,Yes,Yes,Yes,Yes,No,No,Clicked and purchased,Positive,NORMAL,0.64,2026-06-08,v1.0
FB000037,BYR000242,PRD001101,Yes,Yes,Yes,No,No,No,Too expensive for my budget,Neutral,EDGE,0.89,2026-06-13,v1.0
FB000038,BYR000481,PRD000436,Yes,No,No,No,Yes,No,Not interested,Negative,EDGE,0.57,2026-05-24,v1.0
FB000039,BYR000736,PRD002578,Yes,Yes,Yes,No,No,No,Too expensive for my budget,Neutral,NEGATIVE,0.89,2026-05-18,v1.0
FB000040,BYR000283,PRD000484,Yes,Yes,Yes,No,No,No,"Good match, saved to wishlist",Neutral,NEGATIVE,0.74,2026-07-01,v1.0
FB000041,BYR000163,PRD000892,Yes,No,No,No,Yes,No,Already purchased elsewhere,Negative,NORMAL,0.88,2026-07-07,v1.0
FB000042,BYR000970,PRD002252,Yes,No,Yes,No,No,No,Not my style,Neutral,NORMAL,0.97,2026-06-14,v1.0
FB000043,BYR000685,PRD001572,Yes,No,No,No,Yes,No,Not interested,Negative,NORMAL,0.7,2026-05-16,v1.0
FB000044,BYR000848,PRD000956,Yes,No,No,No,Yes,No,Already purchased elsewhere,Negative,NORMAL,0.74,2026-06-30,v1.0
FB000045,BYR000966,PRD000704,Yes,No,No,No,Yes,No,Duplicate of item I already own,Negative,COLD_START,0.93,2026-05-29,v1.0
FB000046,BYR000961,PRD002938,Yes,No,No,No,Yes,No,Not interested,Negative,NORMAL,0.78,2026-07-24,v1.0
FB000047,BYR000776,PRD002120,Yes,No,Yes,No,No,No,Price too high 😅,Neutral,NORMAL,0.86,2026-06-08,v1.0
FB000048,BYR000752,PRD001449,Yes,No,Yes,No,No,No,Price too high 😅,Neutral,NORMAL,0.65,2026-06-28,v1.0
FB000049,BYR000325,PRD002448,Yes,No,No,No,Yes,No,Not interested,Negative,RARE,0.76,2026-05-10,v1.0
FB000050,BYR000695,PRD000775,Yes,Yes,Yes,Yes,No,No,Great match! ⭐⭐⭐⭐⭐,Positive,NORMAL,0.88,2026-06-15,v1.0
FB000051,BYR000137,PRD001260,Yes,No,Yes,No,No,No,Not my style,Neutral,COLD_START,0.66,2026-07-14,v1.0
FB000052,BYR000487,PRD002561,Yes,No,No,No,Yes,No,Already purchased elsewhere,Negative,COLD_START,0.52,2026-06-07,v1.0
FB000053,BYR000236,PRD001238,Yes,Yes,Yes,No,No,No,Relevant recommendation,Neutral,NEGATIVE,0.72,2026-05-17,v1.0
FB000054,BYR000888,PRD001410,Yes,No,No,No,Yes,No,Duplicate of item I already own,Negative,EDGE,0.63,2026-07-14,v1.0
FB000055,BYR000641,PRD002803,Yes,Yes,Yes,No,No,No,Too expensive for my budget,Neutral,NORMAL,0.73,2026-06-16,v1.0
FB000056,BYR000765,PRD002002,Yes,No,No,No,Yes,No,Already purchased elsewhere,Negative,NORMAL,0.58,2026-05-22,v1.0
FB000057,BYR000109,PRD000413,Yes,No,No,No,Yes,No,Duplicate of item I already own,Negative,COLD_START,0.79,2026-06-06,v1.0
FB000058,BYR000606,PRD002195,Yes,Yes,Yes,No,No,No,Too expensive for my budget,Neutral,NORMAL,0.51,2026-05-22,v1.0
FB000059,BYR000050,PRD000181,Yes,No,No,No,Yes,No,Already purchased elsewhere,Negative,NORMAL,0.61,2026-07-07,v1.0
FB000060,BYR000395,PRD002675,Yes,No,No,No,Yes,No,Duplicate of item I already own,Negative,EDGE,0.72,2026-07-26,v1.0
FB000061,BYR000280,PRD001895,Yes,No,No,No,Yes,No,Not interested,Negative,NORMAL,0.9,2026-06-23,v1.0
FB000062,BYR000518,PRD000432,Yes,No,Yes,No,No,No,Irrelevant to my search,Neutral,EDGE,0.9,2026-05-19,v1.0
FB000063,BYR000737,PRD000079,Yes,Yes,Yes,No,No,No,Too expensive for my budget,Neutral,NORMAL,0.87,2026-06-18,v1.0
FB000064,BYR000701,PRD002188,Yes,No,Yes,No,No,No,Price too high 😅,Neutral,NORMAL,0.59,2026-06-21,v1.0
FB000065,BYR000714,PRD000757,Yes,Yes,Yes,No,No,No,"Good match, saved to wishlist",Neutral,BOUNDARY,0.99,2026-05-10,v1.0
FB000066,BYR000349,PRD002040,Yes,No,No,No,Yes,No,Duplicate of item I already own,Negative,NORMAL,0.97,2026-07-22,v1.0
FB000067,BYR000531,PRD001764,Yes,No,No,No,Yes,No,Not interested,Negative,NORMAL,0.69,2026-07-27,v1.0
FB000068,BYR000785,PRD001777,Yes,Yes,Yes,No,No,No,Relevant recommendation,Neutral,NORMAL,0.87,2026-06-08,v1.0
FB000069,BYR000410,PRD000696,Yes,No,Yes,No,No,No,Price too high 😅,Neutral,NEGATIVE,0.52,2026-07-05,v1.0
FB000070,BYR000769,PRD000722,Yes,No,No,No,Yes,No,Not interested,Negative,BOUNDARY,0.89,2026-06-22,v1.0
FB000071,BYR000429,PRD001970,Yes,No,Yes,No,No,No,Price too high 😅,Neutral,NORMAL,0.54,2026-05-18,v1.0
FB000072,BYR000738,PRD002160,Yes,No,No,No,Yes,No,Not interested,Negative,NORMAL,0.99,2026-05-16,v1.0
FB000073,BYR000617,PRD001331,Yes,Yes,Yes,Yes,No,No,Clicked and purchased,Positive,BOUNDARY,0.69,2026-07-20,v1.0
FB000074,BYR000798,PRD000823,Yes,No,No,No,Yes,No,Already purchased elsewhere,Negative,NORMAL,0.78,2026-05-26,v1.0
FB000075,BYR000227,PRD000845,Yes,No,No,No,Yes,No,Duplicate of item I already own,Negative,NORMAL,0.9,2026-07-08,v1.0
FB000076,BYR000727,PRD000907,Yes,No,No,No,Yes,No,Duplicate of item I already own,Negative,NORMAL,0.74,2026-07-30,v1.0
FB000077,BYR000951,PRD002971,Yes,No,Yes,No,No,No,Price too high 😅,Neutral,BOUNDARY,0.52,2026-07-12,v1.0
FB000078,BYR000471,PRD000326,Yes,No,No,No,Yes,No,Already purchased elsewhere,Negative,NORMAL,0.81,2026-05-20,v1.0
FB000079,BYR000957,PRD002471,Yes,No,Yes,No,No,No,Price too high 😅,Neutral,NORMAL,0.71,2026-05-16,v1.0
FB000080,BYR000518,PRD000468,Yes,No,No,No,Yes,No,Not interested,Negative,NORMAL,0.58,2026-07-27,v1.0
FB000081,BYR000809,PRD001679,Yes,No,No,No,Yes,No,Not interested,Negative,NORMAL,0.86,2026-06-20,v1.0
FB000082,BYR000512,PRD002549,Yes,No,No,No,Yes,No,Duplicate of item I already own,Negative,NORMAL,0.72,2026-05-19,v1.0
FB000083,BYR000071,PRD002836,Yes,Yes,Yes,No,No,No,Relevant recommendation,Neutral,NORMAL,0.89,2026-06-24,v1.0
FB000084,BYR000244,PRD002215,Yes,Yes,Yes,No,No,No,Relevant recommendation,Neutral,NORMAL,0.59,2026-05-22,v1.0
FB000085,BYR000768,PRD000632,Yes,No,Yes,No,No,No,Not my style,Neutral,NORMAL,0.52,2026-05-26,v1.0
FB000086,BYR000875,PRD001512,Yes,Yes,Yes,No,No,No,Too expensive for my budget,Neutral,NORMAL,0.58,2026-06-07,v1.0
FB000087,BYR000013,PRD001648,Yes,Yes,Yes,No,No,No,"Good match, saved to wishlist",Neutral,NORMAL,0.87,2026-08-02,v1.0
FB000088,BYR000383,PRD002725,Yes,Yes,Yes,Yes,No,No,Clicked and purchased,Positive,NORMAL,0.82,2026-05-19,v1.0
FB000089,BYR000284,PRD001905,Yes,No,No,No,Yes,No,Already purchased elsewhere,Negative,NORMAL,0.55,2026-05-26,v1.0
FB000090,BYR000005,PRD001759,Yes,No,No,No,Yes,No,Not interested,Negative,BOUNDARY,0.97,2026-07-27,v1.0
FB000091,BYR000368,PRD002320,Yes,No,No,No,Yes,No,Not interested,Negative,EDGE,0.52,2026-05-27,v1.0
FB000092,BYR000139,PRD000099,Yes,No,Yes,No,No,No,Price too high 😅,Neutral,NORMAL,0.66,2026-06-05,v1.0
FB000093,BYR000306,PRD000315,Yes,No,Yes,No,No,No,Irrelevant to my search,Neutral,NORMAL,0.77,2026-07-04,v1.0
FB000094,BYR000945,PRD000193,Yes,No,No,No,Yes,No,Not interested,Negative,COLD_START,0.87,2026-05-29,v1.0
FB000095,BYR000846,PRD002893,Yes,No,No,No,Yes,No,Duplicate of item I already own,Negative,NORMAL,0.72,2026-05-11,v1.0
FB000096,BYR000916,PRD000205,Yes,Yes,Yes,No,No,No,Too expensive for my budget,Neutral,NORMAL,0.8,2026-05-11,v1.0
FB000097,BYR000583,PRD001329,Yes,No,No,No,Yes,No,Not interested,Negative,NORMAL,0.56,2026-06-01,v1.0
FB000098,BYR000940,PRD001919,Yes,No,No,No,Yes,Yes,Not interested,Negative,NORMAL,0.52,2026-06-09,v1.0
FB000099,BYR000100,PRD001132,Yes,Yes,Yes,No,No,No,"Good match, saved to wishlist",Neutral,EDGE,0.57,2026-05-16,v1.0
FB000100,BYR000157,PRD002848,Yes,Yes,Yes,No,No,No,"Good match, saved to wishlist",Neutral,NORMAL,0.55,2026-08-04,v1.0
FB000101,BYR000562,PRD001609,Yes,Yes,Yes,Yes,No,No,"Perfect timing, needed this",Positive,NORMAL,0.54,2026-07-04,v1.0
FB000102,BYR000594,PRD002725,Yes,No,Yes,No,No,No,Irrelevant to my search,Neutral,NORMAL,0.83,2026-08-03,v1.0
FB000103,BYR000585,PRD001594,Yes,No,No,No,Yes,No,Duplicate of item I already own,Negative,NORMAL,0.98,2026-06-16,v1.0
FB000104,BYR000953,PRD001858,Yes,Yes,Yes,No,No,No,Too expensive for my budget,Neutral,NORMAL,0.7,2026-07-23,v1.0
FB000105,BYR000060,PRD002781,Yes,No,Yes,No,No,No,Price too high 😅,Neutral,NORMAL,0.83,2026-06-14,v1.0
FB000106,BYR000070,PRD002696,Yes,No,No,No,Yes,No,Not interested,Negative,NORMAL,0.96,2026-06-18,v1.0
FB000107,BYR000199,PRD000496,Yes,No,Yes,No,No,No,Irrelevant to my search,Neutral,RARE,0.74,2026-05-26,v1.0
FB000108,BYR000921,PRD001323,Yes,Yes,Yes,No,No,No,Too expensive for my budget,Neutral,NORMAL,0.74,2026-06-29,v1.0
FB000109,BYR000962,PRD002076,Yes,Yes,Yes,No,No,No,Relevant recommendation,Neutral,EDGE,0.66,2026-06-03,v1.0
FB000110,BYR000644,PRD001555,Yes,No,No,No,Yes,No,Not interested,Negative,NORMAL,0.71,2026-06-27,v1.0
FB000111,BYR000720,PRD001986,Yes,No,No,No,Yes,No,Already purchased elsewhere,Negative,NORMAL,0.89,2026-06-12,v1.0
FB000112,BYR000416,PRD000916,Yes,No,No,No,Yes,No,Not interested,Negative,NORMAL,0.5,2026-06-10,v1.0
FB000113,BYR000406,PRD002840,Yes,No,No,No,Yes,No,Already purchased elsewhere,Negative,RARE,0.6,2026-07-10,v1.0
FB000114,BYR000502,PRD000406,Yes,No,Yes,No,No,No,Price too high 😅,Neutral,NORMAL,0.81,2026-06-11,v1.0
FB000115,BYR000341,PRD000200,Yes,No,No,No,Yes,No,Not interested,Negative,NORMAL,0.58,2026-06-27,v1.0
FB000116,BYR000488,PRD002328,Yes,No,Yes,No,No,No,Not my style,Neutral,RARE,0.83,2026-06-16,v1.0
FB000117,BYR000657,PRD000920,Yes,No,No,No,Yes,No,Not interested,Negative,NORMAL,0.69,2026-06-13,v1.0
FB000118,BYR000949,PRD001011,Yes,Yes,Yes,No,No,No,Too expensive for my budget,Neutral,BOUNDARY,0.69,2026-07-31,v1.0
FB000119,BYR000200,PRD000629,Yes,No,No,No,Yes,No,Duplicate of item I already own,Negative,EDGE,0.75,2026-05-08,v1.0
FB000120,BYR000110,PRD001144,Yes,No,No,No,Yes,Yes,Not interested,Negative,NORMAL,0.97,2026-07-17,v1.0
FB000121,BYR000015,PRD001939,Yes,No,No,No,Yes,No,Duplicate of item I already own,Negative,NORMAL,0.95,2026-07-07,v1.0
FB000122,BYR000538,PRD001042,Yes,No,No,No,Yes,No,Duplicate of item I already own,Negative,NORMAL,0.73,2026-06-03,v1.0
FB000123,BYR000269,PRD002739,Yes,No,Yes,No,No,No,Not my style,Neutral,NORMAL,0.94,2026-06-07,v1.0
FB000124,BYR000721,PRD002349,Yes,No,Yes,No,No,No,Price too high 😅,Neutral,NORMAL,0.99,2026-07-01,v1.0
FB000125,BYR000100,PRD001748,Yes,No,Yes,No,No,No,Not my style,Neutral,NORMAL,0.81,2026-08-03,v1.0
FB000126,BYR000393,PRD000568,Yes,No,No,No,Yes,No,Not interested,Negative,BOUNDARY,0.53,2026-08-04,v1.0
FB000127,BYR000519,PRD001618,Yes,No,Yes,No,No,No,Irrelevant to my search,Neutral,NORMAL,0.61,2026-06-06,v1.0
FB000128,BYR000935,PRD001678,Yes,No,No,No,Yes,No,Already purchased elsewhere,Negative,NORMAL,0.55,2026-05-23,v1.0
FB000129,BYR000342,PRD002386,Yes,No,Yes,No,No,No,Irrelevant to my search,Neutral,NORMAL,0.79,2026-05-31,v1.0
FB000130,BYR000125,PRD001574,Yes,No,No,No,Yes,No,Already purchased elsewhere,Negative,NEGATIVE,0.7,2026-05-12,v1.0
FB000131,BYR000340,PRD001968,Yes,No,Yes,No,No,No,Not my style,Neutral,NORMAL,0.65,2026-07-02,v1.0
FB000132,BYR000297,PRD002882,Yes,Yes,Yes,No,No,No,Too expensive for my budget,Neutral,NORMAL,0.56,2026-05-28,v1.0
FB000133,BYR000562,PRD000713,Yes,No,No,No,Yes,Yes,Already purchased elsewhere,Negative,EDGE,0.93,2026-05-21,v1.0
FB000134,BYR000715,PRD000340,Yes,Yes,Yes,Yes,No,No,Great match! ⭐⭐⭐⭐⭐,Positive,NORMAL,0.87,2026-08-04,v1.0
FB000135,BYR000245,PRD001112,Yes,No,No,No,Yes,No,Not interested,Negative,NORMAL,0.63,2026-06-22,v1.0
FB000136,BYR000587,PRD000589,Yes,No,No,No,Yes,No,Already purchased elsewhere,Negative,EDGE,0.93,2026-07-12,v1.0
FB000137,BYR000602,PRD000733,Yes,No,Yes,No,No,No,Irrelevant to my search,Neutral,NORMAL,0.82,2026-07-11,v1.0
FB000138,BYR000817,PRD001084,Yes,Yes,Yes,Yes,No,No,"Perfect timing, needed this",Positive,BOUNDARY,0.93,2026-08-03,v1.0
FB000139,BYR000510,PRD001655,Yes,No,No,No,Yes,No,Already purchased elsewhere,Negative,BOUNDARY,0.56,2026-05-17,v1.0
FB000140,BYR000445,PRD001497,Yes,Yes,Yes,No,No,No,"Good match, saved to wishlist",Neutral,NORMAL,0.51,2026-06-08,v1.0
FB000141,BYR000180,PRD000863,Yes,No,Yes,No,No,No,Not my style,Neutral,COLD_START,0.85,2026-06-12,v1.0
FB000142,BYR000199,PRD002788,Yes,No,Yes,No,No,No,Irrelevant to my search,Neutral,RARE,0.99,2026-07-25,v1.0
FB000143,BYR000586,PRD002576,Yes,No,Yes,No,No,No,Price too high 😅,Neutral,NORMAL,0.67,2026-06-18,v1.0
FB000144,BYR000955,PRD002849,Yes,No,Yes,No,No,No,Not my style,Neutral,NORMAL,0.55,2026-07-20,v1.0
FB000145,BYR000132,PRD002397,Yes,Yes,Yes,No,No,No,"Good match, saved to wishlist",Neutral,NORMAL,0.75,2026-06-24,v1.0
FB000146,BYR000264,PRD002984,Yes,No,No,No,Yes,No,Already purchased elsewhere,Negative,BOUNDARY,0.67,2026-06-11,v1.0
FB000147,BYR000621,PRD002204,Yes,No,Yes,No,No,No,Not my style,Neutral,NORMAL,0.64,2026-07-06,v1.0
FB000148,BYR000210,PRD000149,Yes,Yes,Yes,No,No,No,Too expensive for my budget,Neutral,NORMAL,0.95,2026-06-16,v1.0
FB000149,BYR000725,PRD000771,Yes,No,No,No,Yes,No,Duplicate of item I already own,Negative,NORMAL,0.77,2026-05-14,v1.0
FB000150,BYR000426,PRD000009,Yes,No,No,No,Yes,No,Already purchased elsewhere,Negative,NORMAL,0.64,2026-07-30,v1.0
FB000151,BYR000049,PRD002773,Yes,Yes,Yes,No,No,No,Too expensive for my budget,Neutral,NORMAL,0.53,2026-06-28,v1.0
FB000152,BYR000230,PRD001474,Yes,Yes,Yes,No,No,No,"Good match, saved to wishlist",Neutral,NEGATIVE,0.56,2026-05-25,v1.0
FB000153,BYR000185,PRD001701,Yes,No,No,No,Yes,No,Duplicate of item I already own,Negative,BOUNDARY,0.89,2026-07-04,v1.0
FB000154,BYR000695,PRD001388,Yes,No,No,No,Yes,No,Not interested,Negative,NORMAL,0.71,2026-07-28,v1.0
FB000155,BYR000597,PRD001823,Yes,No,No,No,Yes,No,Not interested,Negative,BOUNDARY,0.79,2026-05-31,v1.0
FB000156,BYR000204,PRD001094,Yes,No,No,No,Yes,No,Not interested,Negative,BOUNDARY,0.79,2026-05-17,v1.0
FB000157,BYR000015,PRD002003,Yes,No,No,No,Yes,Yes,Already purchased elsewhere,Negative,NORMAL,0.67,2026-08-01,v1.0
FB000158,BYR000471,PRD000326,Yes,No,No,No,Yes,No,Already purchased elsewhere,Negative,NORMAL,0.58,2026-05-28,v1.0
FB000159,BYR000039,PRD001599,Yes,Yes,Yes,No,No,No,Too expensive for my budget,Neutral,NORMAL,0.61,2026-07-24,v1.0
FB000160,BYR000521,PRD002484,Yes,No,Yes,No,No,No,Not my style,Neutral,NORMAL,0.7,2026-06-09,v1.0
FB000161,BYR000587,PRD001609,Yes,Yes,Yes,No,No,No,Too expensive for my budget,Neutral,COLD_START,0.66,2026-08-05,v1.0
FB000162,BYR000256,PRD002659,Yes,No,No,No,Yes,No,Duplicate of item I already own,Negative,EDGE,0.89,2026-05-31,v1.0
FB000163,BYR000364,PRD001198,Yes,No,No,No,Yes,No,Not interested,Negative,NORMAL,0.87,2026-05-23,v1.0
FB000164,BYR000488,PRD001869,Yes,No,No,No,Yes,No,Already purchased elsewhere,Negative,NORMAL,0.91,2026-05-18,v1.0
FB000165,BYR000401,PRD000271,Yes,No,Yes,No,No,No,Price too high 😅,Neutral,NORMAL,0.51,2026-06-27,v1.0
FB000166,BYR000302,PRD001871,Yes,No,Yes,No,No,No,Price too high 😅,Neutral,NORMAL,0.69,2026-07-23,v1.0
FB000167,BYR000387,PRD002630,Yes,No,Yes,No,No,No,Irrelevant to my search,Neutral,NORMAL,0.75,2026-06-19,v1.0
FB000168,BYR000992,PRD000144,Yes,No,No,No,Yes,No,Not interested,Negative,NORMAL,0.99,2026-06-27,v1.0
FB000169,BYR000081,PRD001241,Yes,Yes,Yes,No,No,No,Too expensive for my budget,Neutral,NORMAL,0.8,2026-07-16,v1.0
FB000170,BYR000527,PRD002723,Yes,No,No,No,Yes,No,Duplicate of item I already own,Negative,NORMAL,0.66,2026-06-24,v1.0
FB000171,BYR000008,PRD000134,Yes,No,Yes,No,No,No,Irrelevant to my search,Neutral,NORMAL,0.65,2026-05-25,v1.0
FB000172,BYR000269,PRD001993,Yes,Yes,Yes,Yes,No,No,Clicked and purchased,Positive,NEGATIVE,0.52,2026-06-18,v1.0
FB000173,BYR000426,PRD001967,Yes,No,No,No,Yes,No,Not interested,Negative,BOUNDARY,0.79,2026-07-02,v1.0
FB000174,BYR000519,PRD001419,Yes,No,No,No,Yes,No,Duplicate of item I already own,Negative,NORMAL,0.95,2026-06-25,v1.0
FB000175,BYR000984,PRD000814,Yes,No,No,No,Yes,No,Already purchased elsewhere,Negative,NORMAL,0.57,2026-06-19,v1.0
FB000176,BYR000693,PRD000904,Yes,No,No,No,Yes,No,Already purchased elsewhere,Negative,NORMAL,0.9,2026-06-15,v1.0
FB000177,BYR000015,PRD002058,Yes,Yes,Yes,No,No,No,Relevant recommendation,Neutral,NORMAL,0.57,2026-05-13,v1.0
FB000178,BYR000160,PRD002499,Yes,No,Yes,No,No,No,Irrelevant to my search,Neutral,NORMAL,0.59,2026-06-02,v1.0
FB000179,BYR000559,PRD001804,Yes,No,Yes,No,No,No,Not my style,Neutral,NORMAL,0.76,2026-05-24,v1.0
FB000180,BYR000692,PRD002656,Yes,No,No,No,Yes,No,Duplicate of item I already own,Negative,NORMAL,0.54,2026-07-25,v1.0
FB000181,BYR000841,PRD002254,Yes,Yes,Yes,No,No,No,"Good match, saved to wishlist",Neutral,NORMAL,0.89,2026-06-02,v1.0
FB000182,BYR000174,PRD001775,Yes,Yes,Yes,No,No,No,Relevant recommendation,Neutral,NORMAL,0.61,2026-07-13,v1.0
FB000183,BYR000436,PRD001991,Yes,No,No,No,Yes,No,Not interested,Negative,NORMAL,0.7,2026-07-02,v1.0
FB000184,BYR000694,PRD002291,Yes,No,No,No,Yes,No,Already purchased elsewhere,Negative,NORMAL,0.64,2026-06-07,v1.0
FB000185,BYR000731,PRD001940,Yes,No,Yes,No,No,No,Price too high 😅,Neutral,NORMAL,0.6,2026-06-30,v1.0
FB000186,BYR000631,PRD001415,Yes,Yes,Yes,No,No,No,Too expensive for my budget,Neutral,NORMAL,0.76,2026-05-22,v1.0
FB000187,BYR000901,PRD002517,Yes,No,No,No,Yes,No,Already purchased elsewhere,Negative,NORMAL,0.85,2026-05-28,v1.0
FB000188,BYR000297,PRD001945,Yes,No,No,No,Yes,No,Already purchased elsewhere,Negative,NORMAL,0.7,2026-07-06,v1.0
FB000189,BYR000571,PRD001791,Yes,No,No,No,Yes,No,Duplicate of item I already own,Negative,NORMAL,0.84,2026-05-12,v1.0
FB000190,BYR000777,PRD002273,Yes,Yes,Yes,No,No,No,Too expensive for my budget,Neutral,NORMAL,0.59,2026-06-18,v1.0
FB000191,BYR000611,PRD000989,Yes,No,No,No,Yes,No,Not interested,Negative,COLD_START,0.77,2026-07-08,v1.0
FB000192,BYR000884,PRD002428,Yes,No,Yes,No,No,No,Not my style,Neutral,NORMAL,0.54,2026-08-05,v1.0
FB000193,BYR000269,PRD001833,Yes,No,Yes,No,No,No,Not my style,Neutral,NORMAL,0.72,2026-08-06,v1.0
FB000194,BYR000244,PRD000712,Yes,No,Yes,No,No,No,Price too high 😅,Neutral,EDGE,0.86,2026-06-15,v1.0
FB000195,BYR000745,PRD001318,Yes,Yes,Yes,Yes,No,No,"Perfect timing, needed this",Positive,RARE,0.72,2026-05-27,v1.0
FB000196,BYR000162,PRD001638,Yes,No,No,No,Yes,No,Not interested,Negative,NORMAL,0.94,2026-06-20,v1.0
FB000197,BYR000208,PRD000960,Yes,No,Yes,No,No,No,Price too high 😅,Neutral,NORMAL,1.0,2026-06-08,v1.0
FB000198,BYR000997,PRD002324,Yes,Yes,Yes,No,No,No,Too expensive for my budget,Neutral,NORMAL,0.85,2026-08-06,v1.0
FB000199,BYR000643,PRD002244,Yes,No,No,No,Yes,No,Already purchased elsewhere,Negative,NORMAL,0.54,2026-06-24,v1.0
FB000200,BYR000393,PRD001183,Yes,Yes,Yes,No,No,No,"Good match, saved to wishlist",Neutral,EDGE,0.96,2026-06-28,v1.0
FB000201,BYR000995,PRD002332,Yes,No,No,No,Yes,No,Not interested,Negative,NORMAL,0.97,2026-05-15,v1.0
FB000202,BYR000807,PRD000941,Yes,No,No,No,Yes,No,Not interested,Negative,NORMAL,0.75,2026-05-13,v1.0
FB000203,BYR000607,PRD000808,Yes,No,No,No,Yes,No,Already purchased elsewhere,Negative,NORMAL,0.96,2026-06-21,v1.0
FB000204,BYR000861,PRD002007,Yes,No,No,No,Yes,No,Already purchased elsewhere,Negative,EDGE,0.54,2026-07-24,v1.0
FB000205,BYR000254,PRD000033,Yes,No,Yes,No,No,No,Price too high 😅,Neutral,COLD_START,0.73,2026-07-15,v1.0
FB000206,BYR000537,PRD002751,Yes,No,No,No,Yes,No,Duplicate of item I already own,Negative,COLD_START,0.6,2026-06-14,v1.0
FB000207,BYR000030,PRD001366,Yes,No,No,No,Yes,No,Already purchased elsewhere,Negative,NORMAL,0.96,2026-06-16,v1.0
FB000208,BYR000028,PRD000115,Yes,No,Yes,No,No,No,Not my style,Neutral,NORMAL,0.79,2026-05-12,v1.0
FB000209,BYR000577,PRD000658,Yes,Yes,Yes,No,No,No,Too expensive for my budget,Neutral,NORMAL,0.67,2026-06-24,v1.0
FB000210,BYR000369,PRD000211,Yes,No,No,No,Yes,No,Duplicate of item I already own,Negative,NORMAL,0.87,2026-07-16,v1.0
FB000211,BYR000211,PRD002769,Yes,Yes,Yes,No,No,No,Too expensive for my budget,Neutral,NORMAL,0.64,2026-07-08,v1.0
FB000212,BYR000505,PRD002250,Yes,No,Yes,No,No,No,Price too high 😅,Neutral,NORMAL,0.93,2026-07-07,v1.0
FB000213,BYR000360,PRD000448,Yes,Yes,Yes,No,No,No,Too expensive for my budget,Neutral,NORMAL,0.98,2026-05-15,v1.0
FB000214,BYR000470,PRD001109,Yes,No,No,No,Yes,No,Already purchased elsewhere,Negative,NORMAL,0.93,2026-07-15,v1.0
FB000215,BYR000797,PRD002376,Yes,Yes,Yes,No,No,No,Relevant recommendation,Neutral,NORMAL,0.95,2026-05-15,v1.0
FB000216,BYR000089,PRD000019,Yes,No,No,No,Yes,No,Duplicate of item I already own,Negative,NORMAL,0.9,2026-06-20,v1.0
FB000217,BYR000372,PRD003000,Yes,No,No,No,Yes,Yes,Already purchased elsewhere,Negative,BOUNDARY,0.99,2026-08-06,v1.0
FB000218,BYR000826,PRD000349,Yes,Yes,Yes,Yes,No,No,Great match! ⭐⭐⭐⭐⭐,Positive,NORMAL,0.86,2026-06-26,v1.0
FB000219,BYR000374,PRD000489,Yes,No,No,No,Yes,Yes,Already purchased elsewhere,Negative,NORMAL,0.88,2026-05-14,v1.0
FB000220,BYR000597,PRD002355,Yes,No,No,No,Yes,No,Already purchased elsewhere,Negative,NORMAL,0.84,2026-07-18,v1.0
FB000221,BYR000796,PRD001516,Yes,Yes,Yes,No,No,No,Relevant recommendation,Neutral,NORMAL,0.62,2026-08-05,v1.0
FB000222,BYR000056,PRD001616,Yes,No,No,No,Yes,No,Already purchased elsewhere,Negative,NORMAL,0.92,2026-07-30,v1.0
FB000223,BYR000210,PRD000121,Yes,Yes,Yes,Yes,No,No,"Perfect timing, needed this",Positive,NORMAL,0.74,2026-05-26,v1.0
FB000224,BYR000850,PRD002076,Yes,No,No,No,Yes,Yes,Not interested,Negative,BOUNDARY,0.75,2026-06-02,v1.0
FB000225,BYR000983,PRD000752,Yes,Yes,Yes,Yes,No,No,Clicked and purchased,Positive,NORMAL,0.55,2026-05-30,v1.0
FB000226,BYR000457,PRD000565,Yes,No,No,No,Yes,No,Duplicate of item I already own,Negative,NORMAL,0.53,2026-07-30,v1.0
FB000227,BYR000223,PRD000299,Yes,No,Yes,No,No,No,Irrelevant to my search,Neutral,NORMAL,0.88,2026-06-30,v1.0
FB000228,BYR000039,PRD002864,Yes,No,No,No,Yes,No,Already purchased elsewhere,Negative,NORMAL,0.75,2026-05-08,v1.0
FB000229,BYR000458,PRD002247,Yes,No,Yes,No,No,No,Irrelevant to my search,Neutral,BOUNDARY,0.98,2026-06-02,v1.0
FB000230,BYR000998,PRD001764,Yes,No,No,No,Yes,No,Not interested,Negative,EDGE,0.67,2026-06-08,v1.0
FB000231,BYR000890,PRD001942,Yes,Yes,Yes,No,No,No,"Good match, saved to wishlist",Neutral,NORMAL,0.76,2026-06-23,v1.0
FB000232,BYR000872,PRD001501,Yes,No,Yes,No,No,No,Irrelevant to my search,Neutral,NORMAL,0.88,2026-06-02,v1.0
FB000233,BYR000505,PRD002500,Yes,Yes,Yes,No,No,No,Relevant recommendation,Neutral,BOUNDARY,0.59,2026-06-07,v1.0
FB000234,BYR000794,PRD000203,Yes,Yes,Yes,No,No,No,Relevant recommendation,Neutral,NORMAL,0.77,2026-05-08,v1.0
FB000235,BYR000071,PRD002445,Yes,No,Yes,No,No,No,Not my style,Neutral,NORMAL,0.66,2026-05-10,v1.0
FB000236,BYR000107,PRD002007,Yes,No,No,No,Yes,No,Duplicate of item I already own,Negative,NORMAL,0.91,2026-07-06,v1.0
FB000237,BYR000107,PRD002007,Yes,No,Yes,No,No,No,Price too high 😅,Neutral,NORMAL,0.69,2026-05-21,v1.0
FB000238,BYR000718,PRD002470,Yes,No,Yes,No,No,No,Not my style,Neutral,NORMAL,0.85,2026-08-01,v1.0
FB000239,BYR000553,PRD001379,Yes,No,No,No,Yes,No,Not interested,Negative,NORMAL,0.53,2026-07-12,v1.0
FB000240,BYR000660,PRD001464,Yes,No,No,No,Yes,No,Duplicate of item I already own,Negative,NORMAL,0.8,2026-07-01,v1.0
FB000241,BYR000550,PRD002472,Yes,No,No,No,Yes,No,Duplicate of item I already own,Negative,NORMAL,0.91,2026-06-17,v1.0
FB000242,BYR000266,PRD000038,Yes,Yes,Yes,Yes,No,No,"Perfect timing, needed this",Positive,NORMAL,0.72,2026-05-25,v1.0
FB000243,BYR000312,PRD001844,Yes,No,No,No,Yes,No,Already purchased elsewhere,Negative,NORMAL,0.64,2026-08-02,v1.0
FB000244,BYR000020,PRD000034,Yes,No,No,No,Yes,No,Not interested,Negative,NORMAL,0.55,2026-07-05,v1.0
FB000245,BYR000311,PRD001686,Yes,No,Yes,No,No,No,Not my style,Neutral,NORMAL,0.55,2026-05-17,v1.0
FB000246,BYR000486,PRD001325,Yes,No,Yes,No,No,No,Price too high 😅,Neutral,NORMAL,0.91,2026-07-06,v1.0
FB000247,BYR000382,PRD000463,Yes,No,Yes,No,No,No,Not my style,Neutral,NORMAL,0.92,2026-05-19,v1.0
FB000248,BYR000033,PRD002178,Yes,Yes,Yes,No,No,No,Too expensive for my budget,Neutral,NORMAL,0.81,2026-06-11,v1.0
FB000249,BYR000486,PRD002321,Yes,Yes,Yes,No,No,No,Too expensive for my budget,Neutral,NORMAL,0.78,2026-07-02,v1.0
FB000250,BYR000043,PRD002513,Yes,Yes,Yes,Yes,No,No,Clicked and purchased,Positive,COLD_START,0.95,2026-07-21,v1.0
FB000251,BYR000316,PRD002646,Yes,No,No,No,Yes,No,Already purchased elsewhere,Negative,NORMAL,0.86,2026-08-02,v1.0
FB000252,BYR000421,PRD002130,Yes,Yes,Yes,No,No,No,Relevant recommendation,Neutral,NEGATIVE,0.95,2026-05-30,v1.0
FB000253,BYR000250,PRD002250,Yes,No,Yes,No,No,No,Irrelevant to my search,Neutral,NORMAL,0.62,2026-07-22,v1.0
FB000254,BYR000888,PRD001410,Yes,No,No,No,Yes,No,Not interested,Negative,EDGE,0.86,2026-07-14,v1.0
FB000255,BYR000618,PRD001932,Yes,No,Yes,No,No,No,Irrelevant to my search,Neutral,NORMAL,0.83,2026-07-01,v1.0
FB000256,BYR000760,PRD002090,Yes,Yes,Yes,No,No,No,Too expensive for my budget,Neutral,COLD_START,0.6,2026-06-06,v1.0
FB000257,BYR000355,PRD001664,Yes,Yes,Yes,No,No,No,Too expensive for my budget,Neutral,NORMAL,0.61,2026-07-10,v1.0
FB000258,BYR000866,PRD001625,Yes,No,Yes,No,No,No,Not my style,Neutral,BOUNDARY,0.53,2026-08-01,v1.0
FB000259,BYR000799,PRD001790,Yes,Yes,Yes,No,No,No,Relevant recommendation,Neutral,EDGE,0.63,2026-06-12,v1.0
FB000260,BYR000885,PRD001172,Yes,Yes,Yes,Yes,No,No,Great match! ⭐⭐⭐⭐⭐,Positive,NORMAL,0.75,2026-06-03,v1.0
FB000261,BYR000615,PRD002120,Yes,Yes,Yes,No,No,No,Relevant recommendation,Neutral,EDGE,0.56,2026-05-09,v1.0
FB000262,BYR000416,PRD002198,Yes,No,Yes,No,No,No,Price too high 😅,Neutral,NORMAL,0.91,2026-06-07,v1.0
FB000263,BYR000984,PRD000017,Yes,No,No,No,Yes,No,Not interested,Negative,NORMAL,0.85,2026-07-22,v1.0
FB000264,BYR000679,PRD001514,Yes,No,Yes,No,No,No,Price too high 😅,Neutral,RARE,0.76,2026-05-20,v1.0
FB000265,BYR000878,PRD002253,Yes,Yes,Yes,No,No,No,Relevant recommendation,Neutral,NORMAL,0.64,2026-05-29,v1.0
FB000266,BYR000564,PRD002004,Yes,No,No,No,Yes,No,Not interested,Negative,NORMAL,0.81,2026-05-16,v1.0
FB000267,BYR000255,PRD000976,Yes,No,No,No,Yes,No,Duplicate of item I already own,Negative,RARE,0.62,2026-06-01,v1.0
FB000268,BYR000806,PRD002127,Yes,No,No,No,Yes,No,Already purchased elsewhere,Negative,NEGATIVE,0.75,2026-05-20,v1.0
FB000269,BYR000048,PRD001683,Yes,No,No,No,Yes,No,Duplicate of item I already own,Negative,NORMAL,0.8,2026-06-10,v1.0
FB000270,BYR000692,PRD002888,Yes,No,No,No,Yes,No,Not interested,Negative,BOUNDARY,0.65,2026-05-26,v1.0
FB000271,BYR000339,PRD000849,Yes,Yes,Yes,Yes,No,No,"Perfect timing, needed this",Positive,NORMAL,0.8,2026-07-31,v1.0
FB000272,BYR000023,PRD002467,Yes,No,Yes,No,No,No,Not my style,Neutral,NORMAL,0.54,2026-07-30,v1.0
FB000273,BYR000661,PRD002182,Yes,No,Yes,No,No,No,Not my style,Neutral,BOUNDARY,0.6,2026-07-04,v1.0
FB000274,BYR000485,PRD001291,Yes,Yes,Yes,No,No,No,"Good match, saved to wishlist",Neutral,NORMAL,0.95,2026-06-13,v1.0
FB000275,BYR000958,PRD000431,Yes,Yes,Yes,No,No,No,"Good match, saved to wishlist",Neutral,NORMAL,0.6,2026-06-19,v1.0
FB000276,BYR000974,PRD001545,Yes,No,Yes,No,No,No,Price too high 😅,Neutral,NORMAL,0.74,2026-06-11,v1.0
FB000277,BYR000787,PRD002701,Yes,No,No,No,Yes,No,Already purchased elsewhere,Negative,NORMAL,0.8,2026-05-23,v1.0
FB000278,BYR000539,PRD002299,Yes,No,Yes,No,No,No,Price too high 😅,Neutral,NORMAL,0.69,2026-05-14,v1.0
FB000279,BYR000456,PRD001285,Yes,No,No,No,Yes,No,Not interested,Negative,BOUNDARY,0.98,2026-06-07,v1.0
FB000280,BYR000275,PRD001197,Yes,No,No,No,Yes,No,Not interested,Negative,EDGE,0.6,2026-06-18,v1.0
FB000281,BYR000526,PRD000699,Yes,No,No,No,Yes,No,Duplicate of item I already own,Negative,EDGE,0.82,2026-06-01,v1.0
FB000282,BYR000904,PRD002820,Yes,No,Yes,No,No,No,Not my style,Neutral,NORMAL,0.95,2026-06-04,v1.0
FB000283,BYR000327,PRD000857,Yes,No,Yes,No,No,No,Not my style,Neutral,NORMAL,0.81,2026-06-10,v1.0
FB000284,BYR000309,PRD001550,Yes,No,No,No,Yes,No,Already purchased elsewhere,Negative,EDGE,0.7,2026-06-15,v1.0
FB000285,BYR000972,PRD000600,Yes,No,No,No,Yes,No,Already purchased elsewhere,Negative,NORMAL,0.7,2026-05-15,v1.0
FB000286,BYR000181,PRD000986,Yes,No,No,No,Yes,No,Already purchased elsewhere,Negative,NORMAL,0.51,2026-07-06,v1.0
FB000287,BYR000671,PRD002692,Yes,Yes,Yes,No,No,No,Relevant recommendation,Neutral,NORMAL,0.96,2026-06-14,v1.0
FB000288,BYR000279,PRD000922,Yes,No,No,No,Yes,No,Already purchased elsewhere,Negative,NORMAL,0.96,2026-08-02,v1.0
FB000289,BYR000461,PRD001135,Yes,No,No,No,Yes,No,Already purchased elsewhere,Negative,EDGE,0.87,2026-05-24,v1.0
FB000290,BYR000889,PRD002623,Yes,No,Yes,No,No,No,Not my style,Neutral,NORMAL,0.67,2026-06-27,v1.0
FB000291,BYR000677,PRD001928,Yes,Yes,Yes,Yes,No,No,Clicked and purchased,Positive,NORMAL,0.69,2026-07-15,v1.0
FB000292,BYR000309,PRD000366,Yes,No,No,No,Yes,No,Duplicate of item I already own,Negative,RARE,0.98,2026-05-16,v1.0
FB000293,BYR000435,PRD002284,Yes,No,No,No,Yes,No,Duplicate of item I already own,Negative,NORMAL,0.68,2026-07-27,v1.0
FB000294,BYR000724,PRD000635,Yes,No,Yes,No,No,No,Not my style,Neutral,NEGATIVE,0.91,2026-07-13,v1.0
FB000295,BYR000811,PRD001336,Yes,No,No,No,Yes,No,Duplicate of item I already own,Negative,NORMAL,0.53,2026-07-16,v1.0
FB000296,BYR000955,PRD000637,Yes,No,Yes,No,No,No,Price too high 😅,Neutral,NEGATIVE,0.95,2026-07-16,v1.0
FB000297,BYR000353,PRD002441,Yes,No,Yes,No,No,No,Price too high 😅,Neutral,NORMAL,0.86,2026-05-17,v1.0
FB000298,BYR000081,PRD002135,Yes,No,No,No,Yes,No,Duplicate of item I already own,Negative,NORMAL,0.96,2026-07-26,v1.0
FB000299,BYR000229,PRD001109,Yes,No,No,No,Yes,No,Not interested,Negative,NORMAL,0.83,2026-06-18,v1.0
FB000300,BYR000312,PRD000152,Yes,Yes,Yes,No,No,No,Relevant recommendation,Neutral,NORMAL,0.51,2026-07-18,v1.0
FB000301,BYR000282,PRD000439,Yes,Yes,Yes,No,No,No,"Good match, saved to wishlist",Neutral,NORMAL,0.98,2026-06-06,v1.0
FB000302,BYR000195,PRD000817,Yes,Yes,Yes,No,No,No,Too expensive for my budget,Neutral,NORMAL,0.54,2026-07-24,v1.0
FB000303,BYR000500,PRD002764,Yes,Yes,Yes,No,No,No,"Good match, saved to wishlist",Neutral,NORMAL,1.0,2026-05-21,v1.0
FB000304,BYR000802,PRD002557,Yes,No,No,No,Yes,No,Duplicate of item I already own,Negative,EDGE,0.63,2026-06-18,v1.0
FB000305,BYR000873,PRD000418,Yes,Yes,Yes,Yes,No,No,"Perfect timing, needed this",Positive,NORMAL,0.85,2026-06-27,v1.0
FB000306,BYR000244,PRD002952,Yes,No,No,No,Yes,No,Not interested,Negative,NORMAL,0.66,2026-07-08,v1.0
FB000307,BYR000916,PRD000205,Yes,No,No,No,Yes,No,Already purchased elsewhere,Negative,NORMAL,0.89,2026-07-26,v1.0
FB000308,BYR000655,PRD002920,Yes,No,No,No,Yes,No,Already purchased elsewhere,Negative,BOUNDARY,0.99,2026-06-23,v1.0
FB000309,BYR000429,PRD002464,Yes,No,No,No,Yes,Yes,Already purchased elsewhere,Negative,NORMAL,0.73,2026-06-03,v1.0
FB000310,BYR000611,PRD002878,Yes,No,Yes,No,No,No,Irrelevant to my search,Neutral,NORMAL,0.79,2026-07-11,v1.0
FB000311,BYR000959,PRD002006,Yes,No,Yes,No,No,No,Price too high 😅,Neutral,COLD_START,0.88,2026-06-02,v1.0
FB000312,BYR000847,PRD000680,Yes,No,Yes,No,No,No,Price too high 😅,Neutral,NORMAL,0.54,2026-06-09,v1.0
FB000313,BYR000580,PRD000531,Yes,Yes,Yes,No,No,No,"Good match, saved to wishlist",Neutral,NORMAL,0.72,2026-05-30,v1.0
FB000314,BYR000211,PRD002104,Yes,Yes,Yes,No,No,No,Too expensive for my budget,Neutral,NORMAL,0.64,2026-05-14,v1.0
FB000315,BYR000906,PRD000426,Yes,No,Yes,No,No,No,Not my style,Neutral,NEGATIVE,0.79,2026-05-21,v1.0
FB000316,BYR000084,PRD001369,Yes,No,Yes,No,No,No,Irrelevant to my search,Neutral,NORMAL,0.71,2026-06-29,v1.0
FB000317,BYR000717,PRD001745,Yes,Yes,Yes,No,No,No,Relevant recommendation,Neutral,NORMAL,0.92,2026-05-19,v1.0
FB000318,BYR000733,PRD001158,Yes,No,Yes,No,No,No,Irrelevant to my search,Neutral,NORMAL,0.86,2026-07-30,v1.0
FB000319,BYR000846,PRD002514,Yes,No,Yes,No,No,No,Price too high 😅,Neutral,NORMAL,0.51,2026-05-14,v1.0
FB000320,BYR000574,PRD001977,Yes,No,No,No,Yes,No,Duplicate of item I already own,Negative,NORMAL,0.78,2026-05-30,v1.0
FB000321,BYR000123,PRD001818,Yes,No,No,No,Yes,No,Already purchased elsewhere,Negative,NORMAL,0.53,2026-06-13,v1.0
FB000322,BYR000265,PRD001687,Yes,No,No,No,Yes,No,Duplicate of item I already own,Negative,NORMAL,0.92,2026-06-14,v1.0
FB000323,BYR000142,PRD001921,Yes,No,Yes,No,No,No,Irrelevant to my search,Neutral,NORMAL,0.95,2026-06-26,v1.0
FB000324,BYR000415,PRD001240,Yes,No,No,No,Yes,No,Already purchased elsewhere,Negative,NORMAL,0.79,2026-07-29,v1.0
FB000325,BYR000400,PRD001409,Yes,No,Yes,No,No,No,Price too high 😅,Neutral,NORMAL,0.58,2026-06-14,v1.0
FB000326,BYR000714,PRD000976,Yes,No,Yes,No,No,No,Price too high 😅,Neutral,NORMAL,0.64,2026-06-09,v1.0
FB000327,BYR000124,PRD002152,Yes,No,Yes,No,No,No,Irrelevant to my search,Neutral,NEGATIVE,0.83,2026-07-11,v1.0
FB000328,BYR000713,PRD000220,Yes,No,No,No,Yes,No,Duplicate of item I already own,Negative,NORMAL,0.74,2026-06-15,v1.0
FB000329,BYR000757,PRD002426,Yes,No,Yes,No,No,No,Not my style,Neutral,COLD_START,0.74,2026-07-07,v1.0
FB000330,BYR000744,PRD002256,Yes,Yes,Yes,No,No,No,Relevant recommendation,Neutral,COLD_START,0.65,2026-05-31,v1.0
FB000331,BYR000269,PRD001064,Yes,Yes,Yes,No,No,No,Too expensive for my budget,Neutral,NORMAL,0.71,2026-05-12,v1.0
FB000332,BYR000376,PRD002796,Yes,No,No,No,Yes,No,Already purchased elsewhere,Negative,NORMAL,0.9,2026-07-22,v1.0
FB000333,BYR000568,PRD002577,Yes,No,No,No,Yes,No,Not interested,Negative,NORMAL,0.55,2026-06-24,v1.0
FB000334,BYR000532,PRD001249,Yes,No,Yes,No,No,No,Irrelevant to my search,Neutral,COLD_START,0.77,2026-06-19,v1.0
FB000335,BYR000296,PRD001814,Yes,No,No,No,Yes,No,Duplicate of item I already own,Negative,NORMAL,0.62,2026-07-29,v1.0
FB000336,BYR000151,PRD001649,Yes,No,No,No,Yes,No,Not interested,Negative,BOUNDARY,0.81,2026-07-28,v1.0
FB000337,BYR000703,PRD001881,Yes,No,No,No,Yes,No,Not interested,Negative,NEGATIVE,0.84,2026-07-22,v1.0
FB000338,BYR000967,PRD002364,Yes,Yes,Yes,Yes,No,No,Clicked and purchased,Positive,NORMAL,0.73,2026-05-16,v1.0
FB000339,BYR000278,PRD002232,Yes,No,No,No,Yes,No,Duplicate of item I already own,Negative,EDGE,0.87,2026-08-04,v1.0
FB000340,BYR000594,PRD001954,Yes,No,Yes,No,No,No,Price too high 😅,Neutral,NORMAL,0.9,2026-06-07,v1.0
FB000341,BYR000042,PRD000394,Yes,Yes,Yes,No,No,No,Relevant recommendation,Neutral,NORMAL,0.92,2026-05-27,v1.0
FB000342,BYR000516,PRD002765,Yes,No,Yes,No,No,No,Irrelevant to my search,Neutral,NORMAL,0.53,2026-08-06,v1.0
FB000343,BYR000797,PRD002979,Yes,No,Yes,No,No,No,Irrelevant to my search,Neutral,NORMAL,0.7,2026-06-30,v1.0
FB000344,BYR000539,PRD001461,Yes,No,No,No,Yes,No,Already purchased elsewhere,Negative,NORMAL,0.79,2026-08-01,v1.0
FB000345,BYR000923,PRD002557,Yes,Yes,Yes,No,No,No,Relevant recommendation,Neutral,NORMAL,0.65,2026-06-27,v1.0
FB000346,BYR000541,PRD000706,Yes,Yes,Yes,No,No,No,Too expensive for my budget,Neutral,NORMAL,0.7,2026-06-03,v1.0
FB000347,BYR000181,PRD000254,Yes,Yes,Yes,No,No,No,Relevant recommendation,Neutral,NORMAL,0.84,2026-05-09,v1.0
FB000348,BYR000345,PRD002476,Yes,No,No,No,Yes,Yes,Already purchased elsewhere,Negative,BOUNDARY,0.9,2026-07-31,v1.0
FB000349,BYR000720,PRD000484,Yes,Yes,Yes,Yes,No,No,Great match! ⭐⭐⭐⭐⭐,Positive,NEGATIVE,0.83,2026-06-21,v1.0
FB000350,BYR000923,PRD002557,Yes,Yes,Yes,No,No,No,"Good match, saved to wishlist",Neutral,NORMAL,0.62,2026-06-17,v1.0
FB000351,BYR000180,PRD000113,Yes,Yes,Yes,Yes,No,No,Great match! ⭐⭐⭐⭐⭐,Positive,EDGE,0.82,2026-05-21,v1.0
FB000352,BYR000219,PRD001136,Yes,No,Yes,No,No,No,Price too high 😅,Neutral,NORMAL,0.51,2026-06-08,v1.0
FB000353,BYR000122,PRD000068,Yes,Yes,Yes,No,No,No,Too expensive for my budget,Neutral,NORMAL,0.91,2026-06-17,v1.0
FB000354,BYR000548,PRD001258,Yes,Yes,Yes,No,No,No,Too expensive for my budget,Neutral,EDGE,0.54,2026-05-19,v1.0
FB000355,BYR000485,PRD002201,Yes,No,No,No,Yes,No,Duplicate of item I already own,Negative,RARE,0.67,2026-06-06,v1.0
FB000356,BYR000704,PRD000504,Yes,No,No,No,Yes,No,Not interested,Negative,NEGATIVE,0.85,2026-06-23,v1.0
FB000357,BYR000734,PRD001180,Yes,No,No,No,Yes,Yes,Duplicate of item I already own,Negative,NORMAL,0.84,2026-07-02,v1.0
FB000358,BYR000923,PRD000973,Yes,No,No,No,Yes,No,Duplicate of item I already own,Negative,NORMAL,0.81,2026-07-25,v1.0
FB000359,BYR000035,PRD000950,Yes,No,No,No,Yes,No,Already purchased elsewhere,Negative,NEGATIVE,0.89,2026-06-07,v1.0
FB000360,BYR000655,PRD002456,Yes,No,No,No,Yes,Yes,Already purchased elsewhere,Negative,NORMAL,0.72,2026-08-05,v1.0
FB000361,BYR000852,PRD002467,Yes,No,No,No,Yes,No,Duplicate of item I already own,Negative,NORMAL,0.63,2026-05-19,v1.0
FB000362,BYR000045,PRD002866,Yes,Yes,Yes,No,No,No,"Good match, saved to wishlist",Neutral,BOUNDARY,0.56,2026-05-09,v1.0
FB000363,BYR000666,PRD002570,Yes,No,Yes,No,No,No,Irrelevant to my search,Neutral,NORMAL,0.84,2026-05-29,v1.0
FB000364,BYR000548,PRD000373,Yes,No,Yes,No,No,No,Not my style,Neutral,NORMAL,0.81,2026-06-23,v1.0
FB000365,BYR000262,PRD002838,Yes,Yes,Yes,No,No,No,Relevant recommendation,Neutral,NORMAL,0.85,2026-06-10,v1.0
FB000366,BYR000721,PRD000181,Yes,No,No,No,Yes,No,Duplicate of item I already own,Negative,NORMAL,0.58,2026-07-24,v1.0
FB000367,BYR000230,PRD000642,Yes,No,No,No,Yes,No,Duplicate of item I already own,Negative,NORMAL,0.79,2026-07-04,v1.0
FB000368,BYR000414,PRD001966,Yes,Yes,Yes,No,No,No,Relevant recommendation,Neutral,BOUNDARY,0.73,2026-05-29,v1.0
FB000369,BYR000930,PRD000475,Yes,No,Yes,No,No,No,Price too high 😅,Neutral,COLD_START,0.51,2026-06-17,v1.0
FB000370,BYR000336,PRD001409,Yes,No,Yes,No,No,No,Price too high 😅,Neutral,NORMAL,0.61,2026-08-02,v1.0
FB000371,BYR000187,PRD000485,Yes,No,No,No,Yes,No,Already purchased elsewhere,Negative,NORMAL,0.66,2026-06-12,v1.0
FB000372,BYR000098,PRD001094,Yes,No,Yes,No,No,No,Irrelevant to my search,Neutral,NORMAL,0.64,2026-06-06,v1.0
FB000373,BYR000311,PRD000033,Yes,No,Yes,No,No,No,Price too high 😅,Neutral,COLD_START,0.84,2026-07-25,v1.0
FB000374,BYR000897,PRD001599,Yes,No,No,No,Yes,No,Already purchased elsewhere,Negative,BOUNDARY,0.83,2026-05-13,v1.0
FB000375,BYR000034,PRD001259,Yes,No,Yes,No,No,No,Not my style,Neutral,NORMAL,0.93,2026-06-04,v1.0
FB000376,BYR000258,PRD000182,Yes,Yes,Yes,No,No,No,Relevant recommendation,Neutral,NORMAL,0.6,2026-07-04,v1.0
FB000377,BYR000786,PRD001835,Yes,No,No,No,Yes,No,Duplicate of item I already own,Negative,NORMAL,0.6,2026-06-28,v1.0
FB000378,BYR000917,PRD001687,Yes,No,No,No,Yes,No,Already purchased elsewhere,Negative,NORMAL,0.6,2026-06-01,v1.0
FB000379,BYR000719,PRD002924,Yes,No,No,No,Yes,No,Already purchased elsewhere,Negative,BOUNDARY,1.0,2026-07-16,v1.0
FB000380,BYR000009,PRD000414,Yes,No,No,No,Yes,No,Not interested,Negative,NORMAL,0.99,2026-07-08,v1.0
FB000381,BYR000407,PRD002473,Yes,No,Yes,No,No,No,Not my style,Neutral,NORMAL,0.52,2026-06-04,v1.0
FB000382,BYR000819,PRD001224,Yes,Yes,Yes,No,No,No,"Good match, saved to wishlist",Neutral,NORMAL,0.64,2026-08-02,v1.0
FB000383,BYR000761,PRD001186,Yes,Yes,Yes,No,No,No,"Good match, saved to wishlist",Neutral,NORMAL,0.89,2026-07-05,v1.0
FB000384,BYR000969,PRD000567,Yes,Yes,Yes,Yes,No,No,Clicked and purchased,Positive,EDGE,0.89,2026-06-16,v1.0
FB000385,BYR000991,PRD001407,Yes,No,No,No,Yes,No,Already purchased elsewhere,Negative,NORMAL,0.69,2026-06-19,v1.0
FB000386,BYR000488,PRD002908,Yes,No,No,No,Yes,No,Not interested,Negative,BOUNDARY,0.87,2026-07-02,v1.0
FB000387,BYR000300,PRD000385,Yes,No,No,No,Yes,No,Already purchased elsewhere,Negative,NORMAL,0.59,2026-05-15,v1.0
FB000388,BYR000070,PRD002425,Yes,No,Yes,No,No,No,Price too high 😅,Neutral,NORMAL,0.51,2026-07-09,v1.0
FB000389,BYR000247,PRD000252,Yes,No,Yes,No,No,No,Irrelevant to my search,Neutral,NORMAL,0.65,2026-06-08,v1.0
FB000390,BYR000130,PRD002225,Yes,Yes,Yes,No,No,No,Too expensive for my budget,Neutral,EDGE,0.65,2026-06-06,v1.0
FB000391,BYR000153,PRD002623,Yes,No,No,No,Yes,No,Not interested,Negative,NORMAL,0.97,2026-05-20,v1.0
FB000392,BYR000884,PRD000683,Yes,No,Yes,No,No,No,Price too high 😅,Neutral,NORMAL,0.88,2026-06-12,v1.0
FB000393,BYR000832,PRD001071,Yes,No,No,No,Yes,No,Already purchased elsewhere,Negative,NORMAL,0.84,2026-07-21,v1.0
FB000394,BYR000365,PRD001053,Yes,Yes,Yes,Yes,No,No,"Perfect timing, needed this",Positive,NORMAL,0.98,2026-05-08,v1.0
FB000395,BYR000042,PRD000448,Yes,No,Yes,No,No,No,Not my style,Neutral,COLD_START,0.55,2026-07-29,v1.0
FB000396,BYR000352,PRD002222,Yes,No,Yes,No,No,No,Price too high 😅,Neutral,NORMAL,1.0,2026-07-03,v1.0
FB000397,BYR000509,PRD002431,Yes,No,Yes,No,No,No,Price too high 😅,Neutral,EDGE,0.9,2026-06-21,v1.0
FB000398,BYR000025,PRD002240,Yes,No,Yes,No,No,No,Not my style,Neutral,NORMAL,0.62,2026-07-27,v1.0
FB000399,BYR000065,PRD000723,Yes,Yes,Yes,No,No,No,Too expensive for my budget,Neutral,NORMAL,0.94,2026-05-09,v1.0
FB000400,BYR000660,PRD001567,Yes,No,No,No,Yes,No,Not interested,Negative,NORMAL,0.8,2026-07-08,v1.0
FB000401,BYR000247,PRD000855,Yes,No,Yes,No,No,No,Irrelevant to my search,Neutral,NORMAL,0.65,2026-06-23,v1.0
FB000402,BYR000975,PRD002107,Yes,No,No,No,Yes,No,Already purchased elsewhere,Negative,NORMAL,0.78,2026-06-04,v1.0
FB000403,BYR000776,PRD002238,Yes,No,No,No,Yes,No,Not interested,Negative,EDGE,0.85,2026-06-25,v1.0
FB000404,BYR000448,PRD001244,Yes,No,Yes,No,No,No,Not my style,Neutral,NORMAL,0.6,2026-06-02,v1.0
FB000405,BYR000637,PRD000997,Yes,No,Yes,No,No,No,Price too high 😅,Neutral,NORMAL,0.74,2026-06-10,v1.0
FB000406,BYR000464,PRD001715,Yes,Yes,Yes,No,No,No,Relevant recommendation,Neutral,NORMAL,0.97,2026-07-18,v1.0
FB000407,BYR000232,PRD001915,Yes,No,Yes,No,No,No,Price too high 😅,Neutral,NORMAL,0.73,2026-06-05,v1.0
FB000408,BYR000935,PRD001420,Yes,No,No,No,Yes,No,Duplicate of item I already own,Negative,NORMAL,0.94,2026-06-15,v1.0
FB000409,BYR000439,PRD001749,Yes,No,No,No,Yes,No,Already purchased elsewhere,Negative,NORMAL,0.56,2026-07-11,v1.0
FB000410,BYR000346,PRD002572,Yes,Yes,Yes,Yes,No,No,Clicked and purchased,Positive,NORMAL,0.83,2026-05-14,v1.0
FB000411,BYR000509,PRD002735,Yes,No,Yes,No,No,No,Price too high 😅,Neutral,NORMAL,0.99,2026-07-29,v1.0
FB000412,BYR000953,PRD000516,Yes,Yes,Yes,No,No,No,Too expensive for my budget,Neutral,NORMAL,0.82,2026-07-01,v1.0
FB000413,BYR000655,PRD000745,Yes,Yes,Yes,No,No,No,Too expensive for my budget,Neutral,NORMAL,0.6,2026-06-18,v1.0
FB000414,BYR000126,PRD002052,Yes,No,Yes,No,No,No,Price too high 😅,Neutral,NEGATIVE,0.99,2026-06-21,v1.0
FB000415,BYR000362,PRD001571,Yes,Yes,Yes,No,No,No,Relevant recommendation,Neutral,NORMAL,0.86,2026-05-26,v1.0
FB000416,BYR000161,PRD001781,Yes,Yes,Yes,No,No,No,Relevant recommendation,Neutral,NORMAL,0.71,2026-05-24,v1.0
FB000417,BYR000164,PRD002234,Yes,No,No,No,Yes,No,Duplicate of item I already own,Negative,NORMAL,0.9,2026-07-10,v1.0
FB000418,BYR000805,PRD002752,Yes,No,Yes,No,No,No,Not my style,Neutral,NORMAL,0.91,2026-06-13,v1.0
FB000419,BYR000123,PRD000387,Yes,Yes,Yes,No,No,No,Relevant recommendation,Neutral,NORMAL,0.96,2026-07-08,v1.0
FB000420,BYR000794,PRD002585,Yes,Yes,Yes,No,No,No,"Good match, saved to wishlist",Neutral,NORMAL,0.89,2026-05-17,v1.0
FB000421,BYR000728,PRD002930,Yes,No,Yes,No,No,No,Price too high 😅,Neutral,NORMAL,0.98,2026-07-23,v1.0
FB000422,BYR000311,PRD002501,Yes,Yes,Yes,No,No,No,Relevant recommendation,Neutral,BOUNDARY,0.99,2026-07-03,v1.0
FB000423,BYR000518,PRD001138,Yes,No,Yes,No,No,No,Irrelevant to my search,Neutral,COLD_START,0.66,2026-06-29,v1.0
FB000424,BYR000831,PRD001324,Yes,Yes,Yes,Yes,No,No,"Perfect timing, needed this",Positive,NORMAL,0.99,2026-06-14,v1.0
FB000425,BYR000430,PRD002627,Yes,No,No,No,Yes,No,Already purchased elsewhere,Negative,NORMAL,0.86,2026-06-16,v1.0
FB000426,BYR000376,PRD002416,Yes,Yes,Yes,No,No,No,"Good match, saved to wishlist",Neutral,NORMAL,0.83,2026-06-16,v1.0
FB000427,BYR000904,PRD002904,Yes,No,Yes,No,No,No,Not my style,Neutral,NORMAL,0.81,2026-06-12,v1.0
FB000428,BYR000805,PRD001038,Yes,No,No,No,Yes,No,Not interested,Negative,NORMAL,0.76,2026-07-08,v1.0
FB000429,BYR000262,PRD001169,Yes,No,Yes,No,No,No,Irrelevant to my search,Neutral,NORMAL,0.83,2026-06-25,v1.0
FB000430,BYR000793,PRD001292,Yes,No,No,No,Yes,No,Already purchased elsewhere,Negative,BOUNDARY,0.51,2026-08-05,v1.0
FB000431,BYR000407,PRD001544,Yes,No,Yes,No,No,No,Price too high 😅,Neutral,NORMAL,0.6,2026-05-09,v1.0
FB000432,BYR000568,PRD001893,Yes,No,Yes,No,No,No,Not my style,Neutral,NORMAL,0.56,2026-05-10,v1.0
FB000433,BYR000267,PRD002364,Yes,No,No,No,Yes,No,Not interested,Negative,COLD_START,0.94,2026-07-17,v1.0
FB000434,BYR000595,PRD001960,Yes,No,Yes,No,No,No,Irrelevant to my search,Neutral,NORMAL,0.87,2026-05-19,v1.0
FB000435,BYR000275,PRD002690,Yes,No,Yes,No,No,No,Irrelevant to my search,Neutral,NORMAL,0.74,2026-06-19,v1.0
FB000436,BYR000903,PRD000122,Yes,No,No,No,Yes,Yes,Duplicate of item I already own,Negative,NORMAL,0.97,2026-07-18,v1.0
FB000437,BYR000733,PRD000285,Yes,Yes,Yes,No,No,No,Too expensive for my budget,Neutral,NORMAL,0.94,2026-06-23,v1.0
FB000438,BYR000493,PRD002432,Yes,No,Yes,No,No,No,Irrelevant to my search,Neutral,NORMAL,0.88,2026-07-10,v1.0
FB000439,BYR000152,PRD000783,Yes,Yes,Yes,No,No,No,Relevant recommendation,Neutral,NORMAL,0.94,2026-06-07,v1.0
FB000440,BYR000479,PRD001093,Yes,Yes,Yes,No,No,No,Too expensive for my budget,Neutral,RARE,0.88,2026-07-06,v1.0
FB000441,BYR000786,PRD002628,Yes,No,Yes,No,No,No,Price too high 😅,Neutral,NORMAL,0.53,2026-07-20,v1.0
FB000442,BYR000656,PRD001971,Yes,No,Yes,No,No,No,Not my style,Neutral,NORMAL,0.83,2026-06-07,v1.0
FB000443,BYR000321,PRD001278,Yes,No,No,No,Yes,No,Duplicate of item I already own,Negative,BOUNDARY,0.75,2026-05-24,v1.0
FB000444,BYR000801,PRD002401,Yes,No,Yes,No,No,No,Price too high 😅,Neutral,NORMAL,0.61,2026-07-04,v1.0
FB000445,BYR000561,PRD001260,Yes,No,Yes,No,No,No,Irrelevant to my search,Neutral,NORMAL,0.83,2026-08-02,v1.0
FB000446,BYR000674,PRD002741,Yes,Yes,Yes,No,No,No,Relevant recommendation,Neutral,NORMAL,0.87,2026-07-03,v1.0
FB000447,BYR000870,PRD001624,Yes,No,Yes,No,No,No,Price too high 😅,Neutral,NORMAL,0.52,2026-07-03,v1.0
FB000448,BYR000337,PRD001095,Yes,No,No,No,Yes,No,Already purchased elsewhere,Negative,NORMAL,0.62,2026-07-31,v1.0
FB000449,BYR000765,PRD001417,Yes,Yes,Yes,No,No,No,"Good match, saved to wishlist",Neutral,EDGE,0.84,2026-07-26,v1.0
FB000450,BYR000782,PRD000245,Yes,Yes,Yes,No,No,No,Too expensive for my budget,Neutral,BOUNDARY,0.72,2026-07-06,v1.0
FB000451,BYR000413,PRD002276,Yes,No,No,No,Yes,No,Duplicate of item I already own,Negative,NORMAL,0.53,2026-08-03,v1.0
FB000452,BYR000349,PRD001901,Yes,No,Yes,No,No,No,Irrelevant to my search,Neutral,NORMAL,0.8,2026-05-11,v1.0
FB000453,BYR000869,PRD002051,Yes,No,No,No,Yes,No,Already purchased elsewhere,Negative,NORMAL,0.55,2026-06-23,v1.0
FB000454,BYR000952,PRD001912,Yes,Yes,Yes,No,No,No,"Good match, saved to wishlist",Neutral,RARE,0.78,2026-05-21,v1.0
FB000455,BYR000152,PRD001045,Yes,Yes,Yes,No,No,No,"Good match, saved to wishlist",Neutral,NORMAL,0.6,2026-06-16,v1.0
FB000456,BYR000482,PRD000692,Yes,No,No,No,Yes,No,Duplicate of item I already own,Negative,NORMAL,0.98,2026-06-18,v1.0
FB000457,BYR000038,PRD001543,Yes,Yes,Yes,Yes,No,No,Great match! ⭐⭐⭐⭐⭐,Positive,NORMAL,0.88,2026-06-08,v1.0
FB000458,BYR000068,PRD000529,Yes,Yes,Yes,Yes,No,No,Great match! ⭐⭐⭐⭐⭐,Positive,EDGE,0.71,2026-07-28,v1.0
FB000459,BYR000089,PRD002562,Yes,No,Yes,No,No,No,Irrelevant to my search,Neutral,NORMAL,0.76,2026-05-29,v1.0
FB000460,BYR000110,PRD002907,Yes,No,No,No,Yes,No,Already purchased elsewhere,Negative,NORMAL,0.86,2026-07-25,v1.0
FB000461,BYR000721,PRD001392,Yes,No,Yes,No,No,No,Price too high 😅,Neutral,NORMAL,0.6,2026-05-19,v1.0
FB000462,BYR000484,PRD000533,Yes,No,No,No,Yes,No,Not interested,Negative,NORMAL,0.68,2026-07-19,v1.0
FB000463,BYR000801,PRD000334,Yes,No,No,No,Yes,No,Not interested,Negative,EDGE,0.92,2026-07-05,v1.0
FB000464,BYR000475,PRD002378,Yes,No,No,No,Yes,Yes,Already purchased elsewhere,Negative,NORMAL,0.67,2026-07-17,v1.0
FB000465,BYR000853,PRD000923,Yes,No,Yes,No,No,No,Not my style,Neutral,RARE,0.97,2026-07-15,v1.0
FB000466,BYR000051,PRD000969,Yes,No,No,No,Yes,No,Already purchased elsewhere,Negative,NORMAL,0.65,2026-06-03,v1.0
FB000467,BYR000476,PRD001186,Yes,Yes,Yes,No,No,No,Relevant recommendation,Neutral,NORMAL,0.71,2026-07-05,v1.0
FB000468,BYR000667,PRD000602,Yes,No,No,No,Yes,Yes,Already purchased elsewhere,Negative,NORMAL,0.9,2026-05-13,v1.0
FB000469,BYR000049,PRD002227,Yes,Yes,Yes,Yes,No,No,Great match! ⭐⭐⭐⭐⭐,Positive,NORMAL,0.97,2026-07-03,v1.0
FB000470,BYR000278,PRD000833,Yes,Yes,Yes,No,No,No,Too expensive for my budget,Neutral,NORMAL,0.77,2026-07-08,v1.0
FB000471,BYR000864,PRD002958,Yes,Yes,Yes,No,No,No,"Good match, saved to wishlist",Neutral,NORMAL,0.88,2026-06-29,v1.0
FB000472,BYR000560,PRD001239,Yes,No,No,No,Yes,Yes,Duplicate of item I already own,Negative,NORMAL,0.81,2026-07-01,v1.0
FB000473,BYR000011,PRD000348,Yes,No,No,No,Yes,No,Duplicate of item I already own,Negative,NORMAL,0.53,2026-05-29,v1.0
FB000474,BYR000295,PRD002619,Yes,No,Yes,No,No,No,Irrelevant to my search,Neutral,NORMAL,0.71,2026-07-09,v1.0
FB000475,BYR000115,PRD001663,Yes,No,No,No,Yes,No,Already purchased elsewhere,Negative,NORMAL,0.73,2026-07-31,v1.0
FB000476,BYR000892,PRD002595,Yes,No,No,No,Yes,No,Already purchased elsewhere,Negative,NORMAL,0.62,2026-06-06,v1.0
FB000477,BYR000341,PRD000175,Yes,No,Yes,No,No,No,Price too high 😅,Neutral,NORMAL,0.56,2026-07-24,v1.0
FB000478,BYR000859,PRD001492,Yes,Yes,Yes,No,No,No,Too expensive for my budget,Neutral,NEGATIVE,0.64,2026-07-01,v1.0
FB000479,BYR000452,PRD000639,Yes,No,Yes,No,No,No,Irrelevant to my search,Neutral,NORMAL,0.91,2026-06-25,v1.0
FB000480,BYR000031,PRD000763,Yes,Yes,Yes,No,No,No,Relevant recommendation,Neutral,NEGATIVE,0.5,2026-05-20,v1.0
FB000481,BYR000457,PRD001329,Yes,No,No,No,Yes,No,Not interested,Negative,NORMAL,0.86,2026-07-18,v1.0
FB000482,BYR000278,PRD000322,Yes,Yes,Yes,No,No,No,"Good match, saved to wishlist",Neutral,NORMAL,0.65,2026-05-13,v1.0
FB000483,BYR000384,PRD002335,Yes,Yes,Yes,No,No,No,Too expensive for my budget,Neutral,NORMAL,0.84,2026-07-05,v1.0
FB000484,BYR000717,PRD001745,Yes,No,No,No,Yes,No,Duplicate of item I already own,Negative,NORMAL,0.56,2026-05-27,v1.0
FB000485,BYR000558,PRD002939,Yes,No,No,No,Yes,No,Already purchased elsewhere,Negative,NORMAL,0.65,2026-05-08,v1.0
FB000486,BYR000593,PRD000012,Yes,No,No,No,Yes,No,Duplicate of item I already own,Negative,RARE,0.62,2026-07-14,v1.0
FB000487,BYR000088,PRD002422,Yes,Yes,Yes,No,No,No,Relevant recommendation,Neutral,NORMAL,0.98,2026-05-08,v1.0
FB000488,BYR000034,PRD001408,Yes,No,Yes,No,No,No,Price too high 😅,Neutral,NORMAL,0.96,2026-06-17,v1.0
FB000489,BYR000565,PRD000189,Yes,Yes,Yes,No,No,No,Relevant recommendation,Neutral,NORMAL,0.64,2026-06-16,v1.0
FB000490,BYR000378,PRD000203,Yes,No,Yes,No,No,No,Irrelevant to my search,Neutral,NORMAL,0.62,2026-06-24,v1.0
FB000491,BYR000383,PRD002080,Yes,No,No,No,Yes,No,Not interested,Negative,NEGATIVE,0.92,2026-06-06,v1.0
FB000492,BYR000685,PRD001572,Yes,Yes,Yes,No,No,No,"Good match, saved to wishlist",Neutral,NORMAL,0.89,2026-06-03,v1.0
FB000493,BYR000019,PRD002700,Yes,Yes,Yes,No,No,No,Too expensive for my budget,Neutral,NORMAL,0.8,2026-06-14,v1.0
FB000494,BYR000720,PRD002518,Yes,No,No,No,Yes,No,Already purchased elsewhere,Negative,NORMAL,0.69,2026-07-18,v1.0
FB000495,BYR000510,PRD001877,Yes,No,No,No,Yes,No,Duplicate of item I already own,Negative,NORMAL,0.6,2026-07-09,v1.0
FB000496,BYR000906,PRD001649,Yes,No,Yes,No,No,No,Irrelevant to my search,Neutral,EDGE,0.59,2026-05-11,v1.0
FB000497,BYR000217,PRD000642,Yes,No,No,No,Yes,No,Not interested,Negative,RARE,0.81,2026-06-07,v1.0
FB000498,BYR000872,PRD001501,Yes,No,No,No,Yes,No,Not interested,Negative,NORMAL,0.95,2026-07-16,v1.0
FB000499,BYR000556,PRD002413,Yes,No,No,No,Yes,No,Not interested,Negative,NORMAL,0.99,2026-06-04,v1.0
FB000500,BYR000577,PRD001425,Yes,No,No,No,Yes,No,Not interested,Negative,NORMAL,0.68,2026-07-14,v1.0
FB000501,BYR000714,PRD000666,Yes,No,Yes,No,No,No,Irrelevant to my search,Neutral,NORMAL,0.62,2026-05-11,v1.0
FB000502,BYR000157,PRD002530,Yes,No,No,No,Yes,No,Already purchased elsewhere,Negative,NEGATIVE,0.81,2026-06-14,v1.0
FB000503,BYR000255,PRD000830,Yes,No,Yes,No,No,No,Price too high 😅,Neutral,NORMAL,0.5,2026-07-16,v1.0
FB000504,BYR000195,PRD000574,Yes,No,No,No,Yes,No,Not interested,Negative,NORMAL,0.71,2026-07-06,v1.0
FB000505,BYR000871,PRD001084,Yes,Yes,Yes,No,No,No,Too expensive for my budget,Neutral,NORMAL,0.81,2026-07-21,v1.0
FB000506,BYR000521,PRD002980,Yes,No,Yes,No,No,No,Price too high 😅,Neutral,NORMAL,0.73,2026-07-25,v1.0
FB000507,BYR000530,PRD000631,Yes,No,Yes,No,No,No,Not my style,Neutral,NORMAL,0.89,2026-06-05,v1.0
FB000508,BYR000227,PRD000734,Yes,No,Yes,No,No,No,Price too high 😅,Neutral,NORMAL,0.55,2026-07-16,v1.0
FB000509,BYR000351,PRD001459,Yes,Yes,Yes,Yes,No,No,Clicked and purchased,Positive,NORMAL,0.52,2026-08-05,v1.0
FB000510,BYR000661,PRD002392,Yes,No,Yes,No,No,No,Irrelevant to my search,Neutral,NORMAL,0.66,2026-08-04,v1.0
FB000511,BYR000413,PRD001958,Yes,No,No,No,Yes,No,Duplicate of item I already own,Negative,NORMAL,0.53,2026-06-19,v1.0
FB000512,BYR000035,PRD001068,Yes,No,Yes,No,No,No,Irrelevant to my search,Neutral,NORMAL,0.96,2026-06-12,v1.0
FB000513,BYR000854,PRD002910,Yes,No,Yes,No,No,No,Not my style,Neutral,NEGATIVE,0.96,2026-06-26,v1.0
FB000514,BYR000285,PRD002269,Yes,No,No,No,Yes,No,Already purchased elsewhere,Negative,NORMAL,0.56,2026-08-04,v1.0
FB000515,BYR000768,PRD001837,Yes,No,No,No,Yes,No,Already purchased elsewhere,Negative,COLD_START,0.63,2026-05-11,v1.0
FB000516,BYR000299,PRD002589,Yes,Yes,Yes,No,No,No,Relevant recommendation,Neutral,COLD_START,0.9,2026-06-03,v1.0
FB000517,BYR000807,PRD002010,Yes,No,Yes,No,No,No,Not my style,Neutral,NORMAL,1.0,2026-05-18,v1.0
FB000518,BYR000785,PRD001704,Yes,No,Yes,No,No,No,Not my style,Neutral,NORMAL,0.81,2026-07-04,v1.0
FB000519,BYR000734,PRD000254,Yes,No,No,No,Yes,Yes,Not interested,Negative,RARE,0.63,2026-05-30,v1.0
FB000520,BYR000993,PRD002523,Yes,Yes,Yes,Yes,No,No,"Perfect timing, needed this",Positive,NORMAL,0.53,2026-06-11,v1.0
FB000521,BYR000492,PRD000142,Yes,No,No,No,Yes,No,Not interested,Negative,COLD_START,0.75,2026-05-21,v1.0
FB000522,BYR000205,PRD000306,Yes,No,Yes,No,No,No,Price too high 😅,Neutral,NEGATIVE,0.76,2026-08-04,v1.0
FB000523,BYR000386,PRD000674,Yes,Yes,Yes,No,No,No,Relevant recommendation,Neutral,NORMAL,0.79,2026-06-06,v1.0
FB000524,BYR000333,PRD002459,Yes,No,No,No,Yes,Yes,Not interested,Negative,NORMAL,0.66,2026-05-15,v1.0
FB000525,BYR000513,PRD002891,Yes,No,Yes,No,No,No,Irrelevant to my search,Neutral,NORMAL,0.84,2026-07-01,v1.0
FB000526,BYR000031,PRD000883,Yes,No,No,No,Yes,No,Duplicate of item I already own,Negative,NORMAL,0.8,2026-06-25,v1.0
FB000527,BYR000449,PRD001133,Yes,No,No,No,Yes,No,Not interested,Negative,NORMAL,0.61,2026-06-10,v1.0
FB000528,BYR000981,PRD001287,Yes,No,Yes,No,No,No,Not my style,Neutral,EDGE,0.55,2026-07-12,v1.0
FB000529,BYR000690,PRD001960,Yes,No,Yes,No,No,No,Not my style,Neutral,NORMAL,0.57,2026-07-14,v1.0
FB000530,BYR000297,PRD000773,Yes,No,Yes,No,No,No,Price too high 😅,Neutral,NORMAL,0.54,2026-06-27,v1.0
FB000531,BYR000329,PRD001178,Yes,Yes,Yes,No,No,No,"Good match, saved to wishlist",Neutral,NORMAL,0.73,2026-07-12,v1.0
FB000532,BYR000229,PRD000500,Yes,No,No,No,Yes,No,Duplicate of item I already own,Negative,NORMAL,0.95,2026-05-29,v1.0
FB000533,BYR000346,PRD002200,Yes,No,No,No,Yes,No,Already purchased elsewhere,Negative,EDGE,0.75,2026-08-01,v1.0
FB000534,BYR000765,PRD001669,Yes,No,No,No,Yes,No,Duplicate of item I already own,Negative,NORMAL,0.89,2026-05-23,v1.0
FB000535,BYR000210,PRD001654,Yes,No,Yes,No,No,No,Irrelevant to my search,Neutral,NORMAL,0.7,2026-06-21,v1.0
FB000536,BYR000898,PRD001782,Yes,No,Yes,No,No,No,Not my style,Neutral,NORMAL,0.61,2026-07-30,v1.0
FB000537,BYR000533,PRD002711,Yes,Yes,Yes,No,No,No,Relevant recommendation,Neutral,EDGE,0.99,2026-06-17,v1.0
FB000538,BYR000229,PRD001253,Yes,No,Yes,No,No,No,Irrelevant to my search,Neutral,NORMAL,0.91,2026-07-12,v1.0
FB000539,BYR000516,PRD002765,Yes,No,No,No,Yes,No,Duplicate of item I already own,Negative,NORMAL,0.84,2026-06-15,v1.0
FB000540,BYR000944,PRD001171,Yes,Yes,Yes,No,No,No,Too expensive for my budget,Neutral,NEGATIVE,0.58,2026-06-16,v1.0
FB000541,BYR000033,PRD001073,Yes,No,No,No,Yes,No,Duplicate of item I already own,Negative,NORMAL,0.74,2026-05-19,v1.0
FB000542,BYR000329,PRD002592,Yes,Yes,Yes,No,No,No,Too expensive for my budget,Neutral,NORMAL,0.75,2026-07-16,v1.0
FB000543,BYR000354,PRD000945,Yes,No,No,No,Yes,No,Already purchased elsewhere,Negative,COLD_START,0.68,2026-05-12,v1.0
FB000544,BYR000351,PRD002471,Yes,No,Yes,No,No,No,Irrelevant to my search,Neutral,NORMAL,0.99,2026-06-01,v1.0
FB000545,BYR000112,PRD000791,Yes,Yes,Yes,No,No,No,"Good match, saved to wishlist",Neutral,BOUNDARY,0.82,2026-07-13,v1.0
FB000546,BYR000890,PRD000457,Yes,Yes,Yes,No,No,No,"Good match, saved to wishlist",Neutral,NORMAL,0.91,2026-07-18,v1.0
FB000547,BYR000326,PRD001073,Yes,No,Yes,No,No,No,Price too high 😅,Neutral,NORMAL,0.63,2026-07-28,v1.0
FB000548,BYR000904,PRD002385,Yes,Yes,Yes,No,No,No,Relevant recommendation,Neutral,NORMAL,0.78,2026-05-21,v1.0
FB000549,BYR000743,PRD000735,Yes,No,Yes,No,No,No,Price too high 😅,Neutral,NORMAL,0.69,2026-07-17,v1.0
FB000550,BYR000098,PRD002320,Yes,Yes,Yes,Yes,No,No,"Perfect timing, needed this",Positive,NORMAL,0.91,2026-07-25,v1.0
FB000551,BYR000338,PRD002988,Yes,No,Yes,No,No,No,Price too high 😅,Neutral,NORMAL,0.73,2026-07-28,v1.0
FB000552,BYR000520,PRD000152,Yes,No,Yes,No,No,No,Price too high 😅,Neutral,NORMAL,0.53,2026-07-09,v1.0
FB000553,BYR000085,PRD001581,Yes,No,Yes,No,No,No,Price too high 😅,Neutral,NORMAL,0.96,2026-05-20,v1.0
FB000554,BYR000794,PRD002368,Yes,Yes,Yes,Yes,No,No,"Perfect timing, needed this",Positive,NORMAL,0.95,2026-06-04,v1.0
FB000555,BYR000334,PRD001876,Yes,No,No,No,Yes,No,Not interested,Negative,NORMAL,0.64,2026-06-03,v1.0
FB000556,BYR000564,PRD002700,Yes,Yes,Yes,No,No,No,Relevant recommendation,Neutral,EDGE,0.66,2026-06-28,v1.0
FB000557,BYR000235,PRD001087,Yes,No,No,No,Yes,No,Duplicate of item I already own,Negative,NEGATIVE,0.78,2026-07-04,v1.0
FB000558,BYR000340,PRD002453,Yes,No,No,No,Yes,No,Not interested,Negative,NORMAL,0.68,2026-07-10,v1.0
FB000559,BYR000392,PRD000344,Yes,Yes,Yes,No,No,No,Relevant recommendation,Neutral,RARE,0.85,2026-07-07,v1.0
FB000560,BYR000934,PRD001876,Yes,Yes,Yes,Yes,No,No,Great match! ⭐⭐⭐⭐⭐,Positive,NORMAL,0.66,2026-07-02,v1.0
FB000561,BYR000777,PRD001202,Yes,Yes,Yes,No,No,No,"Good match, saved to wishlist",Neutral,EDGE,0.86,2026-07-08,v1.0
FB000562,BYR000229,PRD001044,Yes,Yes,Yes,No,No,No,Too expensive for my budget,Neutral,COLD_START,0.98,2026-07-16,v1.0
FB000563,BYR000810,PRD001633,Yes,No,No,No,Yes,No,Already purchased elsewhere,Negative,NEGATIVE,0.54,2026-06-13,v1.0
FB000564,BYR000641,PRD001261,Yes,No,No,No,Yes,No,Duplicate of item I already own,Negative,NORMAL,0.97,2026-05-10,v1.0
FB000565,BYR000774,PRD002552,Yes,No,Yes,No,No,No,Not my style,Neutral,NORMAL,0.57,2026-05-31,v1.0
FB000566,BYR000616,PRD002992,Yes,No,No,No,Yes,No,Already purchased elsewhere,Negative,NORMAL,0.56,2026-06-20,v1.0
FB000567,BYR000715,PRD000563,Yes,Yes,Yes,No,No,No,"Good match, saved to wishlist",Neutral,NORMAL,0.9,2026-07-13,v1.0
FB000568,BYR000914,PRD000057,Yes,No,Yes,No,No,No,Not my style,Neutral,NORMAL,0.96,2026-06-24,v1.0
FB000569,BYR000563,PRD000339,Yes,No,Yes,No,No,No,Price too high 😅,Neutral,NORMAL,0.56,2026-07-02,v1.0
FB000570,BYR000978,PRD000609,Yes,No,Yes,No,No,No,Not my style,Neutral,NORMAL,0.78,2026-07-10,v1.0
FB000571,BYR000285,PRD000558,Yes,No,No,No,Yes,No,Already purchased elsewhere,Negative,COLD_START,0.59,2026-07-20,v1.0
FB000572,BYR000625,PRD001930,Yes,Yes,Yes,No,No,No,Too expensive for my budget,Neutral,EDGE,0.65,2026-07-18,v1.0
FB000573,BYR000857,PRD001569,Yes,No,No,No,Yes,No,Not interested,Negative,BOUNDARY,0.5,2026-05-29,v1.0
FB000574,BYR000751,PRD001238,Yes,No,Yes,No,No,No,Irrelevant to my search,Neutral,NEGATIVE,0.99,2026-05-28,v1.0
FB000575,BYR000918,PRD002431,Yes,No,No,No,Yes,No,Already purchased elsewhere,Negative,NORMAL,0.91,2026-05-31,v1.0
FB000576,BYR000665,PRD000542,Yes,Yes,Yes,No,No,No,"Good match, saved to wishlist",Neutral,NORMAL,0.68,2026-06-14,v1.0
FB000577,BYR000490,PRD001532,Yes,No,No,No,Yes,Yes,Not interested,Negative,NORMAL,0.97,2026-06-13,v1.0
FB000578,BYR000193,PRD002552,Yes,No,Yes,No,No,No,Not my style,Neutral,NORMAL,0.77,2026-06-21,v1.0
FB000579,BYR000251,PRD002109,Yes,Yes,Yes,No,No,No,Relevant recommendation,Neutral,NORMAL,0.92,2026-06-24,v1.0
FB000580,BYR000747,PRD002121,Yes,Yes,Yes,Yes,No,No,Clicked and purchased,Positive,NORMAL,0.99,2026-08-02,v1.0
FB000581,BYR000772,PRD002426,Yes,Yes,Yes,No,No,No,Too expensive for my budget,Neutral,NORMAL,0.64,2026-05-18,v1.0
FB000582,BYR000411,PRD001739,Yes,No,Yes,No,No,No,Price too high 😅,Neutral,BOUNDARY,0.53,2026-06-15,v1.0
FB000583,BYR000753,PRD001179,Yes,No,No,No,Yes,No,Not interested,Negative,NORMAL,0.56,2026-06-16,v1.0
FB000584,BYR000083,PRD000002,Yes,No,No,No,Yes,No,Not interested,Negative,BOUNDARY,0.97,2026-05-23,v1.0
FB000585,BYR000003,PRD002004,Yes,Yes,Yes,Yes,No,No,"Perfect timing, needed this",Positive,NORMAL,0.9,2026-05-23,v1.0
FB000586,BYR000262,PRD000102,Yes,Yes,Yes,No,No,No,Too expensive for my budget,Neutral,NORMAL,0.74,2026-05-17,v1.0
FB000587,BYR000010,PRD002133,Yes,Yes,Yes,Yes,No,No,Clicked and purchased,Positive,EDGE,0.79,2026-07-01,v1.0
FB000588,BYR000388,PRD000004,Yes,No,No,No,Yes,No,Not interested,Negative,NORMAL,0.78,2026-07-23,v1.0
FB000589,BYR000998,PRD002491,Yes,No,No,No,Yes,No,Duplicate of item I already own,Negative,NEGATIVE,0.96,2026-08-02,v1.0
FB000590,BYR000466,PRD000200,Yes,Yes,Yes,No,No,No,"Good match, saved to wishlist",Neutral,BOUNDARY,0.78,2026-06-10,v1.0
FB000591,BYR000947,PRD002104,Yes,No,No,No,Yes,No,Already purchased elsewhere,Negative,NORMAL,0.55,2026-07-05,v1.0
FB000592,BYR000217,PRD002102,Yes,No,Yes,No,No,No,Price too high 😅,Neutral,NORMAL,0.67,2026-07-03,v1.0
FB000593,BYR000513,PRD002826,Yes,No,No,No,Yes,Yes,Not interested,Negative,NORMAL,1.0,2026-06-03,v1.0
FB000594,BYR000571,PRD002149,Yes,Yes,Yes,No,No,No,Relevant recommendation,Neutral,NORMAL,0.82,2026-07-16,v1.0
FB000595,BYR000428,PRD001224,Yes,Yes,Yes,Yes,No,No,"Perfect timing, needed this",Positive,NEGATIVE,0.68,2026-06-30,v1.0
FB000596,BYR000670,PRD002245,Yes,No,Yes,No,No,No,Irrelevant to my search,Neutral,NORMAL,0.99,2026-07-15,v1.0
FB000597,BYR000969,PRD002190,Yes,No,Yes,No,No,No,Irrelevant to my search,Neutral,NORMAL,0.95,2026-07-18,v1.0
FB000598,BYR000880,PRD002473,Yes,No,No,No,Yes,No,Duplicate of item I already own,Negative,NORMAL,0.8,2026-07-23,v1.0
FB000599,BYR000476,PRD002569,Yes,No,Yes,No,No,No,Price too high 😅,Neutral,NORMAL,0.58,2026-06-18,v1.0
FB000600,BYR000039,PRD001599,Yes,No,No,No,Yes,No,Not interested,Negative,NORMAL,1.0,2026-06-07,v1.0
FB000601,BYR000555,PRD002882,Yes,No,No,No,Yes,Yes,Already purchased elsewhere,Negative,NORMAL,0.85,2026-06-06,v1.0
FB000602,BYR000552,PRD000086,Yes,Yes,Yes,No,No,No,Too expensive for my budget,Neutral,NORMAL,0.62,2026-05-09,v1.0
FB000603,BYR000395,PRD000083,Yes,Yes,Yes,No,No,No,"Good match, saved to wishlist",Neutral,NEGATIVE,0.97,2026-08-04,v1.0
FB000604,BYR000819,PRD000407,Yes,No,No,No,Yes,No,Not interested,Negative,NORMAL,0.54,2026-07-13,v1.0
FB000605,BYR000822,PRD000541,Yes,Yes,Yes,No,No,No,Relevant recommendation,Neutral,BOUNDARY,0.83,2026-07-16,v1.0
FB000606,BYR000506,PRD002257,Yes,Yes,Yes,Yes,No,No,Great match! ⭐⭐⭐⭐⭐,Positive,BOUNDARY,0.93,2026-05-29,v1.0
FB000607,BYR000988,PRD001665,Yes,No,Yes,No,No,No,Not my style,Neutral,NORMAL,0.67,2026-05-15,v1.0
FB000608,BYR000072,PRD002444,Yes,No,Yes,No,No,No,Not my style,Neutral,RARE,0.9,2026-07-21,v1.0
FB000609,BYR000964,PRD001413,Yes,No,No,No,Yes,No,Duplicate of item I already own,Negative,NORMAL,0.9,2026-06-16,v1.0
FB000610,BYR000791,PRD000134,Yes,No,Yes,No,No,No,Not my style,Neutral,NORMAL,0.83,2026-05-24,v1.0
FB000611,BYR000791,PRD002116,Yes,No,Yes,No,No,No,Not my style,Neutral,NORMAL,0.97,2026-08-02,v1.0
FB000612,BYR000528,PRD001062,Yes,No,Yes,No,No,No,Irrelevant to my search,Neutral,BOUNDARY,0.9,2026-06-07,v1.0
FB000613,BYR000660,PRD000784,Yes,No,No,No,Yes,No,Duplicate of item I already own,Negative,BOUNDARY,0.55,2026-05-09,v1.0
FB000614,BYR000917,PRD000516,Yes,Yes,Yes,Yes,No,No,Great match! ⭐⭐⭐⭐⭐,Positive,NORMAL,1.0,2026-05-29,v1.0
FB000615,BYR000317,PRD002958,Yes,No,No,No,Yes,No,Duplicate of item I already own,Negative,NORMAL,0.53,2026-07-26,v1.0
FB000616,BYR000795,PRD000097,Yes,Yes,Yes,No,No,No,Relevant recommendation,Neutral,NORMAL,0.87,2026-07-13,v1.0
FB000617,BYR000537,PRD002749,Yes,No,No,No,Yes,No,Already purchased elsewhere,Negative,NORMAL,0.96,2026-05-12,v1.0
FB000618,BYR000272,PRD002173,Yes,Yes,Yes,Yes,No,No,"Perfect timing, needed this",Positive,NORMAL,0.54,2026-07-28,v1.0
FB000619,BYR000661,PRD002636,Yes,No,No,No,Yes,No,Duplicate of item I already own,Negative,NORMAL,0.54,2026-07-01,v1.0
FB000620,BYR000344,PRD000883,Yes,No,No,No,Yes,No,Duplicate of item I already own,Negative,NORMAL,0.54,2026-05-27,v1.0
FB000621,BYR000192,PRD000823,Yes,No,No,No,Yes,No,Duplicate of item I already own,Negative,NORMAL,0.96,2026-05-13,v1.0
FB000622,BYR000720,PRD000600,Yes,No,Yes,No,No,No,Price too high 😅,Neutral,NORMAL,0.99,2026-06-08,v1.0
FB000623,BYR000263,PRD001608,Yes,No,Yes,No,No,No,Price too high 😅,Neutral,NEGATIVE,0.58,2026-06-17,v1.0
FB000624,BYR000988,PRD002046,Yes,No,Yes,No,No,No,Price too high 😅,Neutral,NORMAL,0.52,2026-07-16,v1.0
FB000625,BYR000324,PRD000448,Yes,No,Yes,No,No,No,Price too high 😅,Neutral,NORMAL,0.77,2026-06-14,v1.0
FB000626,BYR000166,PRD000640,Yes,No,Yes,No,No,No,Irrelevant to my search,Neutral,NORMAL,0.96,2026-06-20,v1.0
FB000627,BYR000542,PRD000410,Yes,No,Yes,No,No,No,Irrelevant to my search,Neutral,NORMAL,0.56,2026-06-14,v1.0
FB000628,BYR000118,PRD000389,Yes,No,Yes,No,No,No,Not my style,Neutral,NORMAL,0.51,2026-06-29,v1.0
FB000629,BYR000711,PRD001081,Yes,No,Yes,No,No,No,Price too high 😅,Neutral,NORMAL,0.53,2026-06-06,v1.0
FB000630,BYR000206,PRD000249,Yes,No,No,No,Yes,No,Duplicate of item I already own,Negative,NORMAL,0.76,2026-06-24,v1.0
FB000631,BYR000062,PRD000699,Yes,No,Yes,No,No,No,Price too high 😅,Neutral,NORMAL,0.71,2026-07-23,v1.0
FB000632,BYR000475,PRD002378,Yes,Yes,Yes,No,No,No,"Good match, saved to wishlist",Neutral,NORMAL,0.66,2026-06-26,v1.0
FB000633,BYR000426,PRD000478,Yes,No,No,No,Yes,No,Already purchased elsewhere,Negative,NORMAL,0.85,2026-07-31,v1.0
FB000634,BYR000999,PRD001578,Yes,No,Yes,No,No,No,Price too high 😅,Neutral,NEGATIVE,0.62,2026-07-03,v1.0
FB000635,BYR000545,PRD001699,Yes,No,No,No,Yes,No,Duplicate of item I already own,Negative,NORMAL,0.56,2026-07-08,v1.0
FB000636,BYR000177,PRD002589,Yes,Yes,Yes,No,No,No,"Good match, saved to wishlist",Neutral,EDGE,0.55,2026-07-18,v1.0
FB000637,BYR000393,PRD000418,Yes,No,Yes,No,No,No,Not my style,Neutral,NORMAL,0.92,2026-07-29,v1.0
FB000638,BYR000663,PRD000668,Yes,No,No,No,Yes,No,Duplicate of item I already own,Negative,BOUNDARY,0.86,2026-07-10,v1.0
FB000639,BYR000458,PRD000118,Yes,No,Yes,No,No,No,Irrelevant to my search,Neutral,NORMAL,0.75,2026-06-22,v1.0
FB000640,BYR000108,PRD002280,Yes,No,No,No,Yes,No,Already purchased elsewhere,Negative,RARE,0.77,2026-08-04,v1.0
FB000641,BYR000228,PRD000267,Yes,Yes,Yes,No,No,No,Too expensive for my budget,Neutral,NORMAL,0.75,2026-05-16,v1.0
FB000642,BYR000793,PRD002354,Yes,No,No,No,Yes,No,Duplicate of item I already own,Negative,NORMAL,0.64,2026-07-25,v1.0
FB000643,BYR000050,PRD000517,Yes,No,No,No,Yes,No,Duplicate of item I already own,Negative,NORMAL,0.98,2026-06-01,v1.0
FB000644,BYR000426,PRD002874,Yes,Yes,Yes,No,No,No,Too expensive for my budget,Neutral,NORMAL,0.91,2026-06-12,v1.0
FB000645,BYR000080,PRD000048,Yes,Yes,Yes,No,No,No,"Good match, saved to wishlist",Neutral,BOUNDARY,0.58,2026-07-15,v1.0
FB000646,BYR000338,PRD001372,Yes,Yes,Yes,No,No,No,Relevant recommendation,Neutral,NORMAL,0.94,2026-06-28,v1.0
FB000647,BYR000646,PRD001992,Yes,No,No,No,Yes,No,Not interested,Negative,NORMAL,0.74,2026-05-15,v1.0
FB000648,BYR000196,PRD000109,Yes,Yes,Yes,No,No,No,Too expensive for my budget,Neutral,EDGE,0.62,2026-05-13,v1.0
FB000649,BYR000849,PRD001223,Yes,Yes,Yes,No,No,No,Too expensive for my budget,Neutral,NORMAL,0.91,2026-05-22,v1.0
FB000650,BYR000117,PRD000152,Yes,No,No,No,Yes,No,Not interested,Negative,NORMAL,0.71,2026-05-23,v1.0
FB000651,BYR000245,PRD000746,Yes,No,No,No,Yes,Yes,Already purchased elsewhere,Negative,NEGATIVE,0.77,2026-07-10,v1.0
FB000652,BYR000084,PRD000536,Yes,No,Yes,No,No,No,Not my style,Neutral,EDGE,0.82,2026-06-29,v1.0
FB000653,BYR000501,PRD000182,Yes,No,Yes,No,No,No,Irrelevant to my search,Neutral,NORMAL,0.6,2026-05-12,v1.0
FB000654,BYR000334,PRD001192,Yes,No,Yes,No,No,No,Not my style,Neutral,NORMAL,0.64,2026-06-08,v1.0
FB000655,BYR001000,PRD000302,Yes,No,Yes,No,No,No,Price too high 😅,Neutral,NORMAL,0.71,2026-06-20,v1.0
FB000656,BYR000363,PRD002510,Yes,No,Yes,No,No,No,Price too high 😅,Neutral,NORMAL,0.88,2026-06-06,v1.0
FB000657,BYR000016,PRD001215,Yes,No,Yes,No,No,No,Price too high 😅,Neutral,NORMAL,0.95,2026-07-27,v1.0
FB000658,BYR000734,PRD000440,Yes,Yes,Yes,No,No,No,Relevant recommendation,Neutral,NORMAL,0.91,2026-07-26,v1.0
FB000659,BYR000346,PRD000826,Yes,No,No,No,Yes,No,Already purchased elsewhere,Negative,NORMAL,0.94,2026-05-20,v1.0
FB000660,BYR000873,PRD000622,Yes,No,No,No,Yes,No,Not interested,Negative,NORMAL,0.89,2026-07-03,v1.0
FB000661,BYR000167,PRD000460,Yes,No,No,No,Yes,No,Duplicate of item I already own,Negative,NORMAL,0.85,2026-06-21,v1.0
FB000662,BYR000733,PRD000051,Yes,No,Yes,No,No,No,Not my style,Neutral,NORMAL,0.57,2026-06-19,v1.0
FB000663,BYR000178,PRD000832,Yes,No,No,No,Yes,No,Already purchased elsewhere,Negative,NORMAL,0.88,2026-05-25,v1.0
FB000664,BYR000490,PRD002048,Yes,No,No,No,Yes,No,Not interested,Negative,EDGE,0.55,2026-06-15,v1.0
FB000665,BYR000261,PRD000570,Yes,No,Yes,No,No,No,Irrelevant to my search,Neutral,NORMAL,0.8,2026-06-29,v1.0
FB000666,BYR000494,PRD001492,Yes,No,Yes,No,No,No,Price too high 😅,Neutral,NEGATIVE,0.95,2026-08-05,v1.0
FB000667,BYR000435,PRD001599,Yes,No,Yes,No,No,No,Not my style,Neutral,NORMAL,0.55,2026-05-12,v1.0
FB000668,BYR000625,PRD001223,Yes,No,Yes,No,No,No,Irrelevant to my search,Neutral,NORMAL,0.82,2026-06-18,v1.0
FB000669,BYR000475,PRD000006,Yes,No,Yes,No,No,No,Price too high 😅,Neutral,NORMAL,0.86,2026-05-26,v1.0
FB000670,BYR000537,PRD001290,Yes,No,Yes,No,No,No,Not my style,Neutral,NORMAL,0.71,2026-06-05,v1.0
FB000671,BYR000358,PRD000397,Yes,No,Yes,No,No,No,Price too high 😅,Neutral,NORMAL,0.96,2026-08-01,v1.0
FB000672,BYR000321,PRD002842,Yes,No,No,No,Yes,No,Duplicate of item I already own,Negative,NORMAL,0.78,2026-05-09,v1.0
FB000673,BYR000132,PRD002128,Yes,No,No,No,Yes,No,Duplicate of item I already own,Negative,NORMAL,0.96,2026-07-08,v1.0
FB000674,BYR000322,PRD002769,Yes,No,No,No,Yes,No,Not interested,Negative,RARE,0.64,2026-06-23,v1.0
FB000675,BYR000214,PRD001511,Yes,No,Yes,No,No,No,Irrelevant to my search,Neutral,NORMAL,0.61,2026-08-01,v1.0
FB000676,BYR000808,PRD000697,Yes,Yes,Yes,No,No,No,Too expensive for my budget,Neutral,EDGE,0.92,2026-07-21,v1.0
FB000677,BYR000109,PRD001384,Yes,No,No,No,Yes,No,Duplicate of item I already own,Negative,RARE,0.78,2026-07-25,v1.0
FB000678,BYR000150,PRD002892,Yes,No,Yes,No,No,No,Not my style,Neutral,NORMAL,0.9,2026-07-25,v1.0
FB000679,BYR000293,PRD000039,Yes,Yes,Yes,No,No,No,"Good match, saved to wishlist",Neutral,BOUNDARY,0.65,2026-05-14,v1.0
FB000680,BYR000749,PRD000069,Yes,Yes,Yes,No,No,No,Too expensive for my budget,Neutral,NORMAL,0.62,2026-07-22,v1.0
FB000681,BYR000343,PRD001290,Yes,Yes,Yes,Yes,No,No,Great match! ⭐⭐⭐⭐⭐,Positive,NORMAL,0.55,2026-05-26,v1.0
FB000682,BYR000146,PRD001254,Yes,No,No,No,Yes,No,Duplicate of item I already own,Negative,EDGE,0.6,2026-07-24,v1.0
FB000683,BYR000460,PRD000858,Yes,No,No,No,Yes,No,Already purchased elsewhere,Negative,NORMAL,0.75,2026-05-28,v1.0
FB000684,BYR000859,PRD001898,Yes,No,Yes,No,No,No,Price too high 😅,Neutral,NORMAL,0.99,2026-06-01,v1.0
FB000685,BYR000751,PRD001068,Yes,Yes,Yes,No,No,No,Too expensive for my budget,Neutral,NEGATIVE,0.51,2026-07-31,v1.0
FB000686,BYR000661,PRD000097,Yes,No,Yes,No,No,No,Irrelevant to my search,Neutral,NORMAL,0.87,2026-06-23,v1.0
FB000687,BYR000606,PRD001179,Yes,No,No,No,Yes,No,Duplicate of item I already own,Negative,NORMAL,0.72,2026-07-15,v1.0
FB000688,BYR000121,PRD001355,Yes,No,No,No,Yes,No,Already purchased elsewhere,Negative,NORMAL,0.82,2026-05-31,v1.0
FB000689,BYR000679,PRD001577,Yes,Yes,Yes,Yes,No,No,Clicked and purchased,Positive,NORMAL,0.69,2026-06-08,v1.0
FB000690,BYR000409,PRD001766,Yes,No,Yes,No,No,No,Irrelevant to my search,Neutral,NORMAL,0.55,2026-08-01,v1.0
FB000691,BYR000090,PRD002692,Yes,No,Yes,No,No,No,Price too high 😅,Neutral,NORMAL,0.94,2026-07-03,v1.0
FB000692,BYR000514,PRD002907,Yes,Yes,Yes,Yes,No,No,Clicked and purchased,Positive,NORMAL,0.59,2026-07-07,v1.0
FB000693,BYR000350,PRD001539,Yes,Yes,Yes,No,No,No,"Good match, saved to wishlist",Neutral,NORMAL,0.5,2026-07-20,v1.0
FB000694,BYR000772,PRD000916,Yes,No,No,No,Yes,No,Duplicate of item I already own,Negative,NORMAL,0.8,2026-07-06,v1.0
FB000695,BYR000906,PRD001978,Yes,No,Yes,No,No,No,Not my style,Neutral,NORMAL,0.84,2026-07-03,v1.0
FB000696,BYR000323,PRD002447,Yes,No,No,No,Yes,Yes,Not interested,Negative,NORMAL,0.95,2026-08-05,v1.0
FB000697,BYR000835,PRD002241,Yes,No,Yes,No,No,No,Price too high 😅,Neutral,COLD_START,0.99,2026-05-22,v1.0
FB000698,BYR000420,PRD000474,Yes,No,Yes,No,No,No,Not my style,Neutral,NORMAL,0.6,2026-06-17,v1.0
FB000699,BYR000563,PRD000544,Yes,Yes,Yes,Yes,No,No,Clicked and purchased,Positive,NORMAL,0.9,2026-06-06,v1.0
FB000700,BYR000431,PRD001098,Yes,Yes,Yes,No,No,No,Too expensive for my budget,Neutral,RARE,0.82,2026-06-04,v1.0
FB000701,BYR000646,PRD001960,Yes,No,Yes,No,No,No,Price too high 😅,Neutral,NORMAL,0.88,2026-06-11,v1.0
FB000702,BYR000356,PRD001055,Yes,No,Yes,No,No,No,Irrelevant to my search,Neutral,NORMAL,0.81,2026-05-28,v1.0
FB000703,BYR000683,PRD000748,Yes,No,No,No,Yes,No,Already purchased elsewhere,Negative,NORMAL,0.95,2026-05-27,v1.0
FB000704,BYR000859,PRD001936,Yes,No,Yes,No,No,No,Price too high 😅,Neutral,NORMAL,0.59,2026-07-28,v1.0
FB000705,BYR000479,PRD001093,Yes,No,Yes,No,No,No,Price too high 😅,Neutral,RARE,0.9,2026-07-17,v1.0
FB000706,BYR000113,PRD002716,Yes,No,No,No,Yes,Yes,Not interested,Negative,COLD_START,0.95,2026-07-01,v1.0
FB000707,BYR000425,PRD002280,Yes,No,Yes,No,No,No,Not my style,Neutral,NORMAL,0.74,2026-06-12,v1.0
FB000708,BYR000745,PRD002646,Yes,No,No,No,Yes,No,Duplicate of item I already own,Negative,NORMAL,0.84,2026-06-20,v1.0
FB000709,BYR000840,PRD000456,Yes,Yes,Yes,Yes,No,No,Clicked and purchased,Positive,NORMAL,0.78,2026-07-14,v1.0
FB000710,BYR000246,PRD000289,Yes,No,No,No,Yes,No,Not interested,Negative,NORMAL,0.81,2026-06-11,v1.0
FB000711,BYR000406,PRD002443,Yes,No,No,No,Yes,No,Duplicate of item I already own,Negative,NEGATIVE,0.76,2026-07-10,v1.0
FB000712,BYR000584,PRD000498,Yes,No,No,No,Yes,No,Duplicate of item I already own,Negative,NORMAL,0.65,2026-05-19,v1.0
FB000713,BYR000072,PRD000780,Yes,Yes,Yes,No,No,No,Relevant recommendation,Neutral,NORMAL,0.96,2026-06-06,v1.0
FB000714,BYR000922,PRD000233,Yes,No,No,No,Yes,Yes,Not interested,Negative,NORMAL,0.59,2026-07-16,v1.0
FB000715,BYR000358,PRD000165,Yes,No,No,No,Yes,No,Not interested,Negative,BOUNDARY,0.89,2026-05-10,v1.0
FB000716,BYR000784,PRD001603,Yes,No,No,No,Yes,No,Duplicate of item I already own,Negative,BOUNDARY,0.52,2026-06-24,v1.0
FB000717,BYR000475,PRD001683,Yes,No,Yes,No,No,No,Irrelevant to my search,Neutral,NORMAL,0.51,2026-06-23,v1.0
FB000718,BYR000663,PRD000668,Yes,No,No,No,Yes,No,Already purchased elsewhere,Negative,BOUNDARY,0.78,2026-07-08,v1.0
FB000719,BYR000832,PRD001071,Yes,No,No,No,Yes,No,Already purchased elsewhere,Negative,NORMAL,0.76,2026-08-05,v1.0
FB000720,BYR000814,PRD000049,Yes,No,Yes,No,No,No,Not my style,Neutral,NORMAL,0.98,2026-06-16,v1.0
FB000721,BYR000094,PRD002534,Yes,No,No,No,Yes,No,Not interested,Negative,NEGATIVE,0.51,2026-06-13,v1.0
FB000722,BYR000568,PRD000579,Yes,No,No,No,Yes,No,Duplicate of item I already own,Negative,NORMAL,0.66,2026-07-16,v1.0
FB000723,BYR000436,PRD001759,Yes,Yes,Yes,No,No,No,Relevant recommendation,Neutral,EDGE,0.68,2026-06-15,v1.0
FB000724,BYR000903,PRD000425,Yes,No,No,No,Yes,Yes,Already purchased elsewhere,Negative,RARE,0.51,2026-07-21,v1.0
FB000725,BYR000841,PRD001722,Yes,Yes,Yes,No,No,No,Too expensive for my budget,Neutral,NORMAL,0.53,2026-07-29,v1.0
FB000726,BYR000143,PRD001662,Yes,No,Yes,No,No,No,Irrelevant to my search,Neutral,EDGE,0.82,2026-05-18,v1.0
FB000727,BYR000150,PRD002892,Yes,No,No,No,Yes,No,Duplicate of item I already own,Negative,NORMAL,0.57,2026-05-11,v1.0
FB000728,BYR000671,PRD000272,Yes,No,No,No,Yes,No,Already purchased elsewhere,Negative,NORMAL,0.54,2026-07-02,v1.0
FB000729,BYR000917,PRD001589,Yes,No,No,No,Yes,No,Already purchased elsewhere,Negative,BOUNDARY,0.93,2026-07-11,v1.0
FB000730,BYR000694,PRD002788,Yes,Yes,Yes,Yes,No,No,Clicked and purchased,Positive,NORMAL,0.68,2026-07-07,v1.0
FB000731,BYR000557,PRD000918,Yes,Yes,Yes,Yes,No,No,Clicked and purchased,Positive,BOUNDARY,0.59,2026-07-02,v1.0
FB000732,BYR000416,PRD000916,Yes,Yes,Yes,No,No,No,Too expensive for my budget,Neutral,NORMAL,0.93,2026-05-29,v1.0
FB000733,BYR000550,PRD000598,Yes,No,No,No,Yes,No,Not interested,Negative,RARE,0.85,2026-05-20,v1.0
FB000734,BYR000320,PRD002566,Yes,Yes,Yes,No,No,No,Relevant recommendation,Neutral,NORMAL,0.6,2026-07-26,v1.0
FB000735,BYR000926,PRD001198,Yes,No,No,No,Yes,No,Duplicate of item I already own,Negative,NORMAL,0.64,2026-05-12,v1.0
FB000736,BYR000512,PRD000721,Yes,No,No,No,Yes,No,Not interested,Negative,EDGE,0.63,2026-05-18,v1.0
FB000737,BYR000885,PRD002916,Yes,No,No,No,Yes,No,Not interested,Negative,NORMAL,0.6,2026-07-22,v1.0
FB000738,BYR000577,PRD001681,Yes,Yes,Yes,No,No,No,Relevant recommendation,Neutral,NORMAL,0.89,2026-05-31,v1.0
FB000739,BYR000179,PRD000372,Yes,No,No,No,Yes,No,Already purchased elsewhere,Negative,NEGATIVE,0.58,2026-07-20,v1.0
FB000740,BYR000250,PRD001371,Yes,No,No,No,Yes,No,Not interested,Negative,NORMAL,0.83,2026-07-31,v1.0
FB000741,BYR000565,PRD000189,Yes,No,Yes,No,No,No,Not my style,Neutral,NORMAL,0.57,2026-06-05,v1.0
FB000742,BYR000832,PRD000247,Yes,Yes,Yes,No,No,No,"Good match, saved to wishlist",Neutral,NORMAL,0.51,2026-06-30,v1.0
FB000743,BYR000919,PRD000026,Yes,Yes,Yes,No,No,No,Relevant recommendation,Neutral,BOUNDARY,0.9,2026-07-13,v1.0
FB000744,BYR000160,PRD000755,Yes,No,Yes,No,No,No,Not my style,Neutral,NORMAL,0.9,2026-06-18,v1.0
FB000745,BYR000533,PRD002928,Yes,No,No,No,Yes,No,Already purchased elsewhere,Negative,NORMAL,0.83,2026-05-09,v1.0
FB000746,BYR000128,PRD000755,Yes,No,No,No,Yes,No,Duplicate of item I already own,Negative,NORMAL,0.81,2026-05-21,v1.0
FB000747,BYR000664,PRD000164,Yes,Yes,Yes,No,No,No,Too expensive for my budget,Neutral,NORMAL,0.78,2026-08-02,v1.0
FB000748,BYR000152,PRD000787,Yes,No,No,No,Yes,No,Not interested,Negative,NORMAL,0.96,2026-07-26,v1.0
FB000749,BYR000457,PRD001314,Yes,Yes,Yes,Yes,No,No,Clicked and purchased,Positive,NORMAL,0.62,2026-06-25,v1.0
FB000750,BYR000740,PRD001723,Yes,No,Yes,No,No,No,Price too high 😅,Neutral,NORMAL,0.79,2026-06-04,v1.0
FB000751,BYR000943,PRD001856,Yes,No,Yes,No,No,No,Not my style,Neutral,NORMAL,0.96,2026-08-02,v1.0
FB000752,BYR000915,PRD001760,Yes,No,No,No,Yes,Yes,Already purchased elsewhere,Negative,NORMAL,0.67,2026-06-11,v1.0
FB000753,BYR000645,PRD000814,Yes,No,No,No,Yes,Yes,Not interested,Negative,NORMAL,0.64,2026-05-29,v1.0
FB000754,BYR000391,PRD000864,Yes,No,No,No,Yes,No,Not interested,Negative,NORMAL,0.53,2026-08-03,v1.0
FB000755,BYR000249,PRD002127,Yes,No,No,No,Yes,No,Duplicate of item I already own,Negative,NEGATIVE,0.81,2026-06-27,v1.0
FB000756,BYR000128,PRD000174,Yes,No,No,No,Yes,No,Duplicate of item I already own,Negative,EDGE,0.89,2026-05-09,v1.0
FB000757,BYR000026,PRD000024,Yes,No,No,No,Yes,Yes,Duplicate of item I already own,Negative,BOUNDARY,0.98,2026-05-23,v1.0
FB000758,BYR000439,PRD002167,Yes,Yes,Yes,No,No,No,"Good match, saved to wishlist",Neutral,NORMAL,0.53,2026-08-05,v1.0
FB000759,BYR000824,PRD002282,Yes,Yes,Yes,Yes,No,No,Clicked and purchased,Positive,NORMAL,0.97,2026-05-18,v1.0
FB000760,BYR000015,PRD002306,Yes,No,Yes,No,No,No,Not my style,Neutral,NORMAL,0.58,2026-07-11,v1.0
FB000761,BYR000110,PRD000059,Yes,Yes,Yes,No,No,No,Relevant recommendation,Neutral,NORMAL,0.58,2026-06-09,v1.0
FB000762,BYR000802,PRD000712,Yes,No,Yes,No,No,No,Irrelevant to my search,Neutral,NORMAL,0.64,2026-05-23,v1.0
FB000763,BYR000058,PRD001428,Yes,No,Yes,No,No,No,Irrelevant to my search,Neutral,NORMAL,0.67,2026-08-03,v1.0
FB000764,BYR000360,PRD001096,Yes,Yes,Yes,Yes,No,No,"Perfect timing, needed this",Positive,NORMAL,0.52,2026-06-05,v1.0
FB000765,BYR000685,PRD002960,Yes,No,Yes,No,No,No,Price too high 😅,Neutral,NORMAL,0.85,2026-08-06,v1.0
FB000766,BYR000802,PRD002242,Yes,No,No,No,Yes,No,Duplicate of item I already own,Negative,NORMAL,0.78,2026-07-12,v1.0
FB000767,BYR000192,PRD002890,Yes,Yes,Yes,No,No,No,Relevant recommendation,Neutral,RARE,0.59,2026-05-17,v1.0
FB000768,BYR000493,PRD002432,Yes,Yes,Yes,No,No,No,Relevant recommendation,Neutral,NORMAL,0.95,2026-07-19,v1.0
FB000769,BYR000302,PRD001931,Yes,No,Yes,No,No,No,Price too high 😅,Neutral,COLD_START,0.51,2026-06-17,v1.0
FB000770,BYR000687,PRD000005,Yes,No,Yes,No,No,No,Irrelevant to my search,Neutral,NORMAL,0.88,2026-05-17,v1.0
FB000771,BYR000679,PRD001157,Yes,No,No,No,Yes,Yes,Already purchased elsewhere,Negative,NORMAL,0.94,2026-05-22,v1.0
FB000772,BYR000394,PRD002970,Yes,No,No,No,Yes,No,Not interested,Negative,EDGE,0.65,2026-05-23,v1.0
FB000773,BYR000922,PRD002156,Yes,No,No,No,Yes,No,Not interested,Negative,NORMAL,0.96,2026-05-21,v1.0
FB000774,BYR000232,PRD002216,Yes,No,No,No,Yes,No,Already purchased elsewhere,Negative,NORMAL,0.9,2026-07-30,v1.0
FB000775,BYR000381,PRD001634,Yes,No,No,No,Yes,No,Not interested,Negative,EDGE,0.64,2026-08-04,v1.0
FB000776,BYR000158,PRD000660,Yes,No,No,No,Yes,No,Not interested,Negative,NORMAL,1.0,2026-06-14,v1.0
FB000777,BYR000384,PRD002694,Yes,No,Yes,No,No,No,Not my style,Neutral,BOUNDARY,0.75,2026-07-01,v1.0
FB000778,BYR000658,PRD001170,Yes,No,Yes,No,No,No,Price too high 😅,Neutral,NEGATIVE,0.98,2026-06-07,v1.0
FB000779,BYR000582,PRD002495,Yes,Yes,Yes,Yes,No,No,Clicked and purchased,Positive,NORMAL,0.77,2026-06-01,v1.0
FB000780,BYR000847,PRD002356,Yes,No,No,No,Yes,No,Duplicate of item I already own,Negative,EDGE,0.97,2026-07-14,v1.0
FB000781,BYR000689,PRD001461,Yes,No,Yes,No,No,No,Irrelevant to my search,Neutral,BOUNDARY,0.89,2026-05-23,v1.0
FB000782,BYR000034,PRD001259,Yes,Yes,Yes,No,No,No,Too expensive for my budget,Neutral,NORMAL,0.53,2026-05-23,v1.0
FB000783,BYR000751,PRD001068,Yes,Yes,Yes,No,No,No,"Good match, saved to wishlist",Neutral,NEGATIVE,0.5,2026-06-26,v1.0
FB000784,BYR000270,PRD000295,Yes,No,No,No,Yes,Yes,Not interested,Negative,NORMAL,0.78,2026-06-19,v1.0
FB000785,BYR000158,PRD001341,Yes,No,No,No,Yes,No,Not interested,Negative,NORMAL,0.79,2026-06-07,v1.0
FB000786,BYR000592,PRD001660,Yes,No,No,No,Yes,No,Already purchased elsewhere,Negative,NORMAL,0.76,2026-05-25,v1.0
FB000787,BYR000441,PRD001972,Yes,Yes,Yes,Yes,No,No,"Perfect timing, needed this",Positive,NORMAL,0.64,2026-05-19,v1.0
FB000788,BYR000021,PRD000644,Yes,No,No,No,Yes,No,Already purchased elsewhere,Negative,RARE,0.8,2026-07-21,v1.0
FB000789,BYR000893,PRD000357,Yes,No,Yes,No,No,No,Price too high 😅,Neutral,BOUNDARY,0.81,2026-08-01,v1.0
FB000790,BYR000158,PRD000685,Yes,Yes,Yes,No,No,No,Too expensive for my budget,Neutral,NORMAL,0.71,2026-07-16,v1.0
FB000791,BYR000881,PRD000931,Yes,No,No,No,Yes,No,Duplicate of item I already own,Negative,EDGE,0.91,2026-07-09,v1.0
FB000792,BYR000795,PRD000330,Yes,No,No,No,Yes,No,Duplicate of item I already own,Negative,NEGATIVE,1.0,2026-06-29,v1.0
FB000793,BYR000942,PRD000944,Yes,No,Yes,No,No,No,Price too high 😅,Neutral,NEGATIVE,0.52,2026-05-08,v1.0
FB000794,BYR000934,PRD002124,Yes,No,No,No,Yes,No,Already purchased elsewhere,Negative,NORMAL,0.62,2026-07-25,v1.0
FB000795,BYR000748,PRD000530,Yes,No,Yes,No,No,No,Not my style,Neutral,NORMAL,0.87,2026-06-29,v1.0
FB000796,BYR000315,PRD002103,Yes,No,Yes,No,No,No,Price too high 😅,Neutral,NORMAL,0.75,2026-07-10,v1.0
FB000797,BYR000601,PRD000728,Yes,Yes,Yes,No,No,No,Too expensive for my budget,Neutral,NEGATIVE,0.75,2026-06-15,v1.0
FB000798,BYR000662,PRD001780,Yes,Yes,Yes,No,No,No,Relevant recommendation,Neutral,NORMAL,0.95,2026-07-13,v1.0
FB000799,BYR000526,PRD002473,Yes,No,No,No,Yes,No,Already purchased elsewhere,Negative,NORMAL,0.6,2026-08-04,v1.0
FB000800,BYR000178,PRD001035,Yes,No,Yes,No,No,No,Price too high 😅,Neutral,COLD_START,0.71,2026-05-22,v1.0
FB000801,BYR000956,PRD001373,Yes,No,No,No,Yes,No,Already purchased elsewhere,Negative,NORMAL,0.52,2026-05-11,v1.0
FB000802,BYR000332,PRD001602,Yes,Yes,Yes,No,No,No,"Good match, saved to wishlist",Neutral,BOUNDARY,0.65,2026-05-15,v1.0
FB000803,BYR000983,PRD001044,Yes,No,Yes,No,No,No,Not my style,Neutral,NORMAL,0.61,2026-05-24,v1.0
FB000804,BYR000185,PRD000354,Yes,No,Yes,No,No,No,Irrelevant to my search,Neutral,NORMAL,0.76,2026-07-19,v1.0
FB000805,BYR000931,PRD002600,Yes,No,No,No,Yes,No,Not interested,Negative,NORMAL,0.81,2026-06-07,v1.0
FB000806,BYR000036,PRD002530,Yes,No,No,No,Yes,No,Not interested,Negative,NORMAL,0.72,2026-06-06,v1.0
FB000807,BYR000696,PRD000451,Yes,Yes,Yes,No,No,No,Too expensive for my budget,Neutral,NORMAL,0.56,2026-07-19,v1.0
FB000808,BYR000764,PRD000228,Yes,No,No,No,Yes,No,Not interested,Negative,NORMAL,0.78,2026-07-07,v1.0
FB000809,BYR000843,PRD002553,Yes,Yes,Yes,No,No,No,Relevant recommendation,Neutral,NORMAL,0.88,2026-05-13,v1.0
FB000810,BYR000056,PRD000751,Yes,Yes,Yes,No,No,No,"Good match, saved to wishlist",Neutral,EDGE,0.66,2026-07-18,v1.0
FB000811,BYR000700,PRD000342,Yes,No,No,No,Yes,No,Duplicate of item I already own,Negative,EDGE,0.88,2026-06-26,v1.0
FB000812,BYR000652,PRD000643,Yes,No,No,No,Yes,No,Already purchased elsewhere,Negative,NORMAL,0.91,2026-06-27,v1.0
FB000813,BYR000658,PRD000994,Yes,No,No,No,Yes,No,Already purchased elsewhere,Negative,NORMAL,0.66,2026-07-04,v1.0
FB000814,BYR000211,PRD001599,Yes,No,Yes,No,No,No,Not my style,Neutral,BOUNDARY,0.87,2026-06-25,v1.0
FB000815,BYR000807,PRD000941,Yes,No,No,No,Yes,No,Not interested,Negative,NORMAL,0.54,2026-06-25,v1.0
FB000816,BYR000963,PRD002130,Yes,No,Yes,No,No,No,Not my style,Neutral,NEGATIVE,0.77,2026-07-17,v1.0
FB000817,BYR000722,PRD001264,Yes,No,No,No,Yes,No,Already purchased elsewhere,Negative,EDGE,0.58,2026-06-09,v1.0
FB000818,BYR000244,PRD000712,Yes,No,No,No,Yes,No,Already purchased elsewhere,Negative,EDGE,0.56,2026-06-01,v1.0
FB000819,BYR000496,PRD001592,Yes,No,Yes,No,No,No,Not my style,Neutral,NORMAL,0.68,2026-06-07,v1.0
FB000820,BYR000130,PRD002222,Yes,No,No,No,Yes,No,Not interested,Negative,NORMAL,0.69,2026-05-26,v1.0
FB000821,BYR000461,PRD002380,Yes,No,No,No,Yes,No,Not interested,Negative,NORMAL,0.73,2026-05-23,v1.0
FB000822,BYR000707,PRD000050,Yes,No,Yes,No,No,No,Price too high 😅,Neutral,NEGATIVE,0.82,2026-06-20,v1.0
FB000823,BYR000523,PRD001973,Yes,No,No,No,Yes,Yes,Already purchased elsewhere,Negative,NORMAL,0.8,2026-07-17,v1.0
FB000824,BYR000843,PRD001029,Yes,No,No,No,Yes,No,Duplicate of item I already own,Negative,NORMAL,0.88,2026-07-15,v1.0
FB000825,BYR000486,PRD002050,Yes,Yes,Yes,No,No,No,Too expensive for my budget,Neutral,NORMAL,0.94,2026-08-01,v1.0
FB000826,BYR000169,PRD001536,Yes,No,No,No,Yes,No,Already purchased elsewhere,Negative,NORMAL,0.82,2026-06-05,v1.0
FB000827,BYR000538,PRD002466,Yes,Yes,Yes,No,No,No,Relevant recommendation,Neutral,NORMAL,0.84,2026-06-04,v1.0
FB000828,BYR000777,PRD000232,Yes,No,No,No,Yes,No,Not interested,Negative,NEGATIVE,0.55,2026-06-07,v1.0
FB000829,BYR000822,PRD000683,Yes,Yes,Yes,No,No,No,Relevant recommendation,Neutral,NORMAL,0.88,2026-07-22,v1.0
FB000830,BYR000072,PRD000644,Yes,No,No,No,Yes,No,Not interested,Negative,EDGE,0.75,2026-07-11,v1.0
FB000831,BYR000583,PRD000441,Yes,No,No,No,Yes,No,Not interested,Negative,NORMAL,0.82,2026-06-16,v1.0
FB000832,BYR000300,PRD000385,Yes,No,Yes,No,No,No,Not my style,Neutral,NORMAL,0.94,2026-07-05,v1.0
FB000833,BYR000518,PRD002816,Yes,No,No,No,Yes,No,Not interested,Negative,COLD_START,0.81,2026-07-30,v1.0
FB000834,BYR000551,PRD001541,Yes,Yes,Yes,No,No,No,Relevant recommendation,Neutral,NORMAL,0.72,2026-07-30,v1.0
FB000835,BYR000389,PRD001040,Yes,No,No,No,Yes,No,Not interested,Negative,NORMAL,0.63,2026-05-28,v1.0
FB000836,BYR000576,PRD001713,Yes,No,Yes,No,No,No,Irrelevant to my search,Neutral,NORMAL,0.76,2026-06-22,v1.0
FB000837,BYR000490,PRD001096,Yes,No,No,No,Yes,No,Already purchased elsewhere,Negative,COLD_START,0.64,2026-07-22,v1.0
FB000838,BYR000071,PRD000020,Yes,No,No,No,Yes,No,Duplicate of item I already own,Negative,NORMAL,0.92,2026-06-15,v1.0
FB000839,BYR000808,PRD000409,Yes,Yes,Yes,No,No,No,Relevant recommendation,Neutral,NORMAL,0.88,2026-07-12,v1.0
FB000840,BYR000605,PRD001167,Yes,No,Yes,No,No,No,Not my style,Neutral,BOUNDARY,0.61,2026-07-07,v1.0
FB000841,BYR000519,PRD002292,Yes,No,No,No,Yes,No,Already purchased elsewhere,Negative,NORMAL,0.67,2026-07-29,v1.0
FB000842,BYR000264,PRD001649,Yes,No,No,No,Yes,No,Not interested,Negative,NORMAL,0.84,2026-06-07,v1.0
FB000843,BYR000953,PRD000105,Yes,No,No,No,Yes,No,Not interested,Negative,NORMAL,0.79,2026-06-12,v1.0
FB000844,BYR000718,PRD002430,Yes,No,Yes,No,No,No,Irrelevant to my search,Neutral,NORMAL,0.77,2026-07-07,v1.0
FB000845,BYR000903,PRD000122,Yes,No,Yes,No,No,No,Irrelevant to my search,Neutral,NORMAL,0.86,2026-05-16,v1.0
FB000846,BYR000226,PRD001032,Yes,No,Yes,No,No,No,Irrelevant to my search,Neutral,NORMAL,0.52,2026-05-12,v1.0
FB000847,BYR000730,PRD001450,Yes,No,No,No,Yes,No,Not interested,Negative,NORMAL,0.62,2026-07-27,v1.0
FB000848,BYR000321,PRD002411,Yes,No,Yes,No,No,No,Price too high 😅,Neutral,NORMAL,0.7,2026-08-02,v1.0
FB000849,BYR000612,PRD002912,Yes,No,No,No,Yes,No,Duplicate of item I already own,Negative,NORMAL,0.81,2026-07-26,v1.0
FB000850,BYR000941,PRD000628,Yes,Yes,Yes,Yes,No,No,Great match! ⭐⭐⭐⭐⭐,Positive,NORMAL,0.51,2026-05-11,v1.0
FB000851,BYR000437,PRD002882,Yes,Yes,Yes,No,No,No,"Good match, saved to wishlist",Neutral,NORMAL,0.86,2026-05-26,v1.0
FB000852,BYR000637,PRD002117,Yes,No,Yes,No,No,No,Not my style,Neutral,NORMAL,0.76,2026-05-22,v1.0
FB000853,BYR000157,PRD000459,Yes,No,No,No,Yes,No,Already purchased elsewhere,Negative,EDGE,0.93,2026-06-19,v1.0
FB000854,BYR000669,PRD001828,Yes,No,No,No,Yes,No,Not interested,Negative,NORMAL,0.78,2026-08-03,v1.0
FB000855,BYR000866,PRD001270,Yes,Yes,Yes,No,No,No,Relevant recommendation,Neutral,NORMAL,0.59,2026-06-27,v1.0
FB000856,BYR000110,PRD000582,Yes,Yes,Yes,No,No,No,Too expensive for my budget,Neutral,NORMAL,0.58,2026-07-04,v1.0
FB000857,BYR000153,PRD001864,Yes,No,Yes,No,No,No,Price too high 😅,Neutral,NORMAL,0.91,2026-07-21,v1.0
FB000858,BYR000208,PRD000960,Yes,No,No,No,Yes,No,Not interested,Negative,NORMAL,0.96,2026-07-30,v1.0
FB000859,BYR000166,PRD001462,Yes,No,No,No,Yes,Yes,Already purchased elsewhere,Negative,NEGATIVE,0.9,2026-05-29,v1.0
FB000860,BYR000092,PRD002604,Yes,Yes,Yes,Yes,No,No,"Perfect timing, needed this",Positive,NORMAL,0.55,2026-06-06,v1.0
FB000861,BYR000284,PRD000548,Yes,Yes,Yes,Yes,No,No,Clicked and purchased,Positive,BOUNDARY,0.72,2026-07-13,v1.0
FB000862,BYR000072,PRD001316,Yes,No,Yes,No,No,No,Price too high 😅,Neutral,RARE,0.61,2026-06-03,v1.0
FB000863,BYR000602,PRD000533,Yes,No,No,No,Yes,Yes,Already purchased elsewhere,Negative,NORMAL,0.54,2026-06-12,v1.0
FB000864,BYR000127,PRD001476,Yes,No,Yes,No,No,No,Price too high 😅,Neutral,RARE,0.52,2026-05-27,v1.0
FB000865,BYR000072,PRD001539,Yes,No,Yes,No,No,No,Price too high 😅,Neutral,NORMAL,0.77,2026-06-10,v1.0
FB000866,BYR000210,PRD002900,Yes,Yes,Yes,No,No,No,Relevant recommendation,Neutral,NORMAL,0.71,2026-05-15,v1.0
FB000867,BYR000004,PRD000573,Yes,No,Yes,No,No,No,Irrelevant to my search,Neutral,NORMAL,0.61,2026-07-12,v1.0
FB000868,BYR000615,PRD002748,Yes,Yes,Yes,No,No,No,Too expensive for my budget,Neutral,EDGE,0.91,2026-08-02,v1.0
FB000869,BYR000366,PRD002619,Yes,No,Yes,No,No,No,Price too high 😅,Neutral,NORMAL,0.71,2026-07-29,v1.0
FB000870,BYR000215,PRD001500,Yes,Yes,Yes,No,No,No,Relevant recommendation,Neutral,NORMAL,0.8,2026-05-22,v1.0
FB000871,BYR000548,PRD000589,Yes,No,Yes,No,No,No,Price too high 😅,Neutral,NORMAL,0.54,2026-08-06,v1.0
FB000872,BYR000176,PRD002362,Yes,No,Yes,No,No,No,Irrelevant to my search,Neutral,NORMAL,0.9,2026-06-26,v1.0
FB000873,BYR000626,PRD000867,Yes,Yes,Yes,No,No,No,"Good match, saved to wishlist",Neutral,NORMAL,0.99,2026-06-12,v1.0
FB000874,BYR000281,PRD001110,Yes,No,Yes,No,No,No,Irrelevant to my search,Neutral,NORMAL,0.94,2026-05-20,v1.0
FB000875,BYR000899,PRD002515,Yes,No,Yes,No,No,No,Price too high 😅,Neutral,NORMAL,0.54,2026-06-19,v1.0
FB000876,BYR000330,PRD002451,Yes,No,No,No,Yes,No,Already purchased elsewhere,Negative,NORMAL,0.9,2026-05-25,v1.0
FB000877,BYR000058,PRD000834,Yes,No,No,No,Yes,No,Not interested,Negative,NORMAL,0.61,2026-05-10,v1.0
FB000878,BYR000929,PRD002678,Yes,Yes,Yes,No,No,No,"Good match, saved to wishlist",Neutral,NORMAL,0.54,2026-07-26,v1.0
FB000879,BYR000584,PRD000505,Yes,Yes,Yes,No,No,No,Too expensive for my budget,Neutral,COLD_START,0.74,2026-07-18,v1.0
FB000880,BYR000268,PRD001979,Yes,No,No,No,Yes,No,Already purchased elsewhere,Negative,BOUNDARY,0.67,2026-07-23,v1.0
FB000881,BYR000662,PRD001544,Yes,No,No,No,Yes,No,Already purchased elsewhere,Negative,NORMAL,0.75,2026-06-03,v1.0
FB000882,BYR000770,PRD000171,Yes,No,Yes,No,No,No,Not my style,Neutral,NORMAL,0.91,2026-06-22,v1.0
FB000883,BYR000501,PRD001044,Yes,No,Yes,No,No,No,Irrelevant to my search,Neutral,NORMAL,0.96,2026-07-01,v1.0
FB000884,BYR000055,PRD002570,Yes,No,No,No,Yes,No,Not interested,Negative,BOUNDARY,0.62,2026-06-26,v1.0
FB000885,BYR000459,PRD001336,Yes,Yes,Yes,No,No,No,Too expensive for my budget,Neutral,NORMAL,0.84,2026-07-11,v1.0
FB000886,BYR000078,PRD000644,Yes,No,Yes,No,No,No,Not my style,Neutral,NORMAL,0.51,2026-08-02,v1.0
FB000887,BYR000667,PRD001292,Yes,No,No,No,Yes,No,Already purchased elsewhere,Negative,RARE,0.97,2026-06-17,v1.0
FB000888,BYR000245,PRD001860,Yes,No,Yes,No,No,No,Not my style,Neutral,NORMAL,0.88,2026-06-03,v1.0
FB000889,BYR000119,PRD001511,Yes,No,Yes,No,No,No,Price too high 😅,Neutral,NORMAL,0.93,2026-08-05,v1.0
FB000890,BYR000203,PRD000147,Yes,No,No,No,Yes,Yes,Already purchased elsewhere,Negative,NORMAL,0.62,2026-08-04,v1.0
FB000891,BYR000355,PRD001456,Yes,Yes,Yes,No,No,No,Relevant recommendation,Neutral,NORMAL,0.59,2026-07-08,v1.0
FB000892,BYR000456,PRD000730,Yes,Yes,Yes,No,No,No,"Good match, saved to wishlist",Neutral,NORMAL,0.62,2026-07-01,v1.0
FB000893,BYR000503,PRD002322,Yes,Yes,Yes,No,No,No,Too expensive for my budget,Neutral,NEGATIVE,0.88,2026-07-08,v1.0
FB000894,BYR000764,PRD001877,Yes,Yes,Yes,No,No,No,"Good match, saved to wishlist",Neutral,BOUNDARY,0.65,2026-06-23,v1.0
FB000895,BYR000203,PRD000629,Yes,No,No,No,Yes,No,Duplicate of item I already own,Negative,NORMAL,0.93,2026-06-06,v1.0
FB000896,BYR000190,PRD001105,Yes,No,No,No,Yes,No,Already purchased elsewhere,Negative,COLD_START,0.68,2026-05-18,v1.0
FB000897,BYR000269,PRD002639,Yes,No,Yes,No,No,No,Not my style,Neutral,NORMAL,0.62,2026-05-19,v1.0
FB000898,BYR000300,PRD000385,Yes,No,No,No,Yes,Yes,Not interested,Negative,NORMAL,0.56,2026-06-10,v1.0
FB000899,BYR000179,PRD001314,Yes,Yes,Yes,Yes,No,No,Great match! ⭐⭐⭐⭐⭐,Positive,NORMAL,0.58,2026-05-20,v1.0
FB000900,BYR000717,PRD000743,Yes,No,No,No,Yes,No,Already purchased elsewhere,Negative,NORMAL,0.73,2026-06-11,v1.0
FB000901,BYR000769,PRD001372,Yes,Yes,Yes,No,No,No,"Good match, saved to wishlist",Neutral,NORMAL,0.84,2026-05-09,v1.0
FB000902,BYR000798,PRD000895,Yes,No,Yes,No,No,No,Not my style,Neutral,RARE,0.65,2026-06-18,v1.0
FB000903,BYR000557,PRD001449,Yes,Yes,Yes,No,No,No,Too expensive for my budget,Neutral,NORMAL,0.53,2026-06-04,v1.0
FB000904,BYR000105,PRD002158,Yes,No,No,No,Yes,No,Duplicate of item I already own,Negative,NORMAL,0.78,2026-07-18,v1.0
FB000905,BYR000834,PRD002825,Yes,No,Yes,No,No,No,Price too high 😅,Neutral,NORMAL,0.57,2026-08-03,v1.0
FB000906,BYR000880,PRD002593,Yes,No,Yes,No,No,No,Not my style,Neutral,NORMAL,0.72,2026-06-05,v1.0
FB000907,BYR000143,PRD000810,Yes,Yes,Yes,No,No,No,Too expensive for my budget,Neutral,NORMAL,0.51,2026-05-11,v1.0
FB000908,BYR000838,PRD001018,Yes,Yes,Yes,Yes,No,No,Clicked and purchased,Positive,NORMAL,0.98,2026-07-04,v1.0
FB000909,BYR000878,PRD002561,Yes,No,No,No,Yes,No,Already purchased elsewhere,Negative,NORMAL,0.59,2026-05-31,v1.0
FB000910,BYR000840,PRD000729,Yes,No,Yes,No,No,No,Price too high 😅,Neutral,BOUNDARY,0.55,2026-07-18,v1.0
FB000911,BYR000436,PRD000919,Yes,No,No,No,Yes,No,Already purchased elsewhere,Negative,RARE,0.85,2026-08-01,v1.0
FB000912,BYR000478,PRD002294,Yes,No,No,No,Yes,Yes,Not interested,Negative,NORMAL,0.78,2026-05-23,v1.0
FB000913,BYR000637,PRD002997,Yes,No,No,No,Yes,No,Not interested,Negative,NORMAL,0.66,2026-05-21,v1.0
FB000914,BYR000843,PRD001918,Yes,No,No,No,Yes,No,Not interested,Negative,EDGE,0.63,2026-05-14,v1.0
FB000915,BYR000213,PRD002749,Yes,No,Yes,No,No,No,Irrelevant to my search,Neutral,NORMAL,0.73,2026-07-12,v1.0
FB000916,BYR000963,PRD000642,Yes,No,Yes,No,No,No,Price too high 😅,Neutral,NORMAL,0.7,2026-06-22,v1.0
FB000917,BYR000536,PRD002893,Yes,No,No,No,Yes,No,Not interested,Negative,BOUNDARY,0.73,2026-07-30,v1.0
FB000918,BYR000893,PRD000357,Yes,Yes,Yes,No,No,No,Relevant recommendation,Neutral,BOUNDARY,0.52,2026-05-29,v1.0
FB000919,BYR000275,PRD001912,Yes,No,Yes,No,No,No,Irrelevant to my search,Neutral,NORMAL,0.64,2026-06-20,v1.0
FB000920,BYR000694,PRD001070,Yes,No,No,No,Yes,No,Already purchased elsewhere,Negative,NORMAL,0.76,2026-05-24,v1.0
FB000921,BYR000185,PRD000778,Yes,No,Yes,No,No,No,Not my style,Neutral,NORMAL,0.53,2026-06-22,v1.0
FB000922,BYR000501,PRD001039,Yes,No,No,No,Yes,No,Already purchased elsewhere,Negative,NORMAL,0.8,2026-05-09,v1.0
FB000923,BYR000572,PRD002089,Yes,Yes,Yes,Yes,No,No,Great match! ⭐⭐⭐⭐⭐,Positive,NORMAL,0.62,2026-05-16,v1.0
FB000924,BYR000703,PRD002320,Yes,No,No,No,Yes,No,Already purchased elsewhere,Negative,NORMAL,0.85,2026-07-16,v1.0
FB000925,BYR000032,PRD001402,Yes,No,No,No,Yes,Yes,Duplicate of item I already own,Negative,NORMAL,0.89,2026-05-30,v1.0
FB000926,BYR000668,PRD002874,Yes,No,No,No,Yes,No,Not interested,Negative,NORMAL,0.56,2026-07-15,v1.0
FB000927,BYR000879,PRD001120,Yes,No,Yes,No,No,No,Not my style,Neutral,NORMAL,0.51,2026-05-28,v1.0
FB000928,BYR000387,PRD001874,Yes,No,Yes,No,No,No,Irrelevant to my search,Neutral,NORMAL,0.58,2026-07-27,v1.0
FB000929,BYR000842,PRD002202,Yes,No,Yes,No,No,No,Irrelevant to my search,Neutral,EDGE,0.88,2026-07-01,v1.0
FB000930,BYR000765,PRD001500,Yes,No,Yes,No,No,No,Irrelevant to my search,Neutral,NORMAL,0.52,2026-06-21,v1.0
FB000931,BYR000341,PRD000175,Yes,No,Yes,No,No,No,Price too high 😅,Neutral,NORMAL,0.82,2026-05-27,v1.0
FB000932,BYR000982,PRD000729,Yes,Yes,Yes,No,No,No,Relevant recommendation,Neutral,COLD_START,0.68,2026-06-05,v1.0
FB000933,BYR000991,PRD000433,Yes,Yes,Yes,No,No,No,Relevant recommendation,Neutral,NORMAL,1.0,2026-08-01,v1.0
FB000934,BYR000360,PRD001975,Yes,Yes,Yes,No,No,No,Relevant recommendation,Neutral,NORMAL,0.93,2026-05-20,v1.0
FB000935,BYR000579,PRD000587,Yes,No,Yes,No,No,No,Price too high 😅,Neutral,NORMAL,0.94,2026-08-01,v1.0
FB000936,BYR000322,PRD001372,Yes,No,No,No,Yes,No,Already purchased elsewhere,Negative,NORMAL,0.62,2026-06-15,v1.0
FB000937,BYR000404,PRD001955,Yes,No,No,No,Yes,No,Duplicate of item I already own,Negative,NORMAL,0.93,2026-06-04,v1.0
FB000938,BYR000064,PRD001393,Yes,No,No,No,Yes,No,Not interested,Negative,NORMAL,0.52,2026-07-23,v1.0
FB000939,BYR000023,PRD000324,Yes,No,No,No,Yes,No,Not interested,Negative,BOUNDARY,0.77,2026-05-29,v1.0
FB000940,BYR000805,PRD002418,Yes,Yes,Yes,No,No,No,Relevant recommendation,Neutral,NORMAL,0.91,2026-06-26,v1.0
FB000941,BYR000120,PRD002261,Yes,No,No,No,Yes,No,Duplicate of item I already own,Negative,NEGATIVE,0.75,2026-06-26,v1.0
FB000942,BYR000626,PRD000499,Yes,No,Yes,No,No,No,Not my style,Neutral,EDGE,0.71,2026-07-19,v1.0
FB000943,BYR000925,PRD002463,Yes,No,Yes,No,No,No,Price too high 😅,Neutral,EDGE,0.57,2026-05-31,v1.0
FB000944,BYR000458,PRD002174,Yes,No,No,No,Yes,No,Already purchased elsewhere,Negative,NORMAL,0.69,2026-06-20,v1.0
FB000945,BYR000131,PRD001785,Yes,Yes,Yes,No,No,No,Relevant recommendation,Neutral,BOUNDARY,0.77,2026-07-23,v1.0
FB000946,BYR000579,PRD000587,Yes,No,No,No,Yes,No,Not interested,Negative,NORMAL,0.59,2026-05-26,v1.0
FB000947,BYR000802,PRD000283,Yes,No,No,No,Yes,No,Duplicate of item I already own,Negative,NORMAL,0.71,2026-05-24,v1.0
FB000948,BYR000752,PRD002188,Yes,No,Yes,No,No,No,Irrelevant to my search,Neutral,NORMAL,0.58,2026-05-30,v1.0
FB000949,BYR000727,PRD002698,Yes,Yes,Yes,Yes,No,No,"Perfect timing, needed this",Positive,NORMAL,0.95,2026-06-01,v1.0
FB000950,BYR000020,PRD002493,Yes,No,No,No,Yes,No,Duplicate of item I already own,Negative,NORMAL,0.63,2026-06-04,v1.0
FB000951,BYR000238,PRD001599,Yes,No,Yes,No,No,No,Irrelevant to my search,Neutral,NORMAL,0.99,2026-05-14,v1.0
FB000952,BYR000914,PRD002804,Yes,No,No,No,Yes,No,Already purchased elsewhere,Negative,NEGATIVE,0.63,2026-05-17,v1.0
FB000953,BYR000116,PRD000481,Yes,No,No,No,Yes,Yes,Duplicate of item I already own,Negative,NORMAL,0.57,2026-07-28,v1.0
FB000954,BYR000067,PRD000209,Yes,Yes,Yes,No,No,No,"Good match, saved to wishlist",Neutral,BOUNDARY,0.59,2026-06-05,v1.0
FB000955,BYR000658,PRD001413,Yes,Yes,Yes,No,No,No,"Good match, saved to wishlist",Neutral,EDGE,0.92,2026-07-27,v1.0
FB000956,BYR000394,PRD000095,Yes,Yes,Yes,No,No,No,Relevant recommendation,Neutral,NORMAL,0.95,2026-06-03,v1.0
FB000957,BYR000990,PRD000388,Yes,No,No,No,Yes,No,Duplicate of item I already own,Negative,NEGATIVE,0.65,2026-07-15,v1.0
FB000958,BYR000449,PRD001100,Yes,No,No,No,Yes,No,Already purchased elsewhere,Negative,NORMAL,0.79,2026-06-12,v1.0
FB000959,BYR000240,PRD000108,Yes,No,Yes,No,No,No,Irrelevant to my search,Neutral,NORMAL,0.59,2026-07-23,v1.0
FB000960,BYR000471,PRD000779,Yes,No,No,No,Yes,No,Already purchased elsewhere,Negative,NORMAL,0.8,2026-07-29,v1.0
FB000961,BYR000355,PRD001447,Yes,Yes,Yes,No,No,No,Too expensive for my budget,Neutral,BOUNDARY,0.69,2026-08-01,v1.0
FB000962,BYR000299,PRD002782,Yes,No,No,No,Yes,No,Duplicate of item I already own,Negative,NORMAL,0.52,2026-05-17,v1.0
FB000963,BYR000934,PRD000879,Yes,No,No,No,Yes,No,Not interested,Negative,NORMAL,0.54,2026-05-24,v1.0
FB000964,BYR000177,PRD001578,Yes,No,Yes,No,No,No,Irrelevant to my search,Neutral,NEGATIVE,0.8,2026-05-18,v1.0
FB000965,BYR000546,PRD000553,Yes,No,No,No,Yes,No,Not interested,Negative,NEGATIVE,0.82,2026-06-26,v1.0
FB000966,BYR000711,PRD000839,Yes,Yes,Yes,Yes,No,No,Great match! ⭐⭐⭐⭐⭐,Positive,NORMAL,0.77,2026-05-24,v1.0
FB000967,BYR000042,PRD001856,Yes,No,Yes,No,No,No,Irrelevant to my search,Neutral,BOUNDARY,0.97,2026-05-08,v1.0
FB000968,BYR000534,PRD002086,Yes,No,Yes,No,No,No,Not my style,Neutral,NORMAL,0.7,2026-05-16,v1.0
FB000969,BYR000369,PRD001713,Yes,No,No,No,Yes,No,Duplicate of item I already own,Negative,NORMAL,0.72,2026-05-29,v1.0
FB000970,BYR000878,PRD001679,Yes,No,No,No,Yes,No,Duplicate of item I already own,Negative,NORMAL,0.94,2026-07-05,v1.0
FB000971,BYR000407,PRD000395,Yes,Yes,Yes,No,No,No,Relevant recommendation,Neutral,NORMAL,0.54,2026-07-31,v1.0
FB000972,BYR000428,PRD002130,Yes,No,No,No,Yes,No,Already purchased elsewhere,Negative,NEGATIVE,0.8,2026-07-15,v1.0
FB000973,BYR000850,PRD000185,Yes,No,No,No,Yes,No,Duplicate of item I already own,Negative,NORMAL,0.62,2026-06-16,v1.0
FB000974,BYR000257,PRD002563,Yes,Yes,Yes,No,No,No,"Good match, saved to wishlist",Neutral,EDGE,0.88,2026-07-23,v1.0
FB000975,BYR000253,PRD001400,Yes,Yes,Yes,No,No,No,"Good match, saved to wishlist",Neutral,NORMAL,0.9,2026-07-12,v1.0
FB000976,BYR000073,PRD001281,Yes,No,Yes,No,No,No,Price too high 😅,Neutral,NORMAL,0.92,2026-06-04,v1.0
FB000977,BYR000333,PRD000068,Yes,Yes,Yes,Yes,No,No,Clicked and purchased,Positive,NORMAL,0.93,2026-05-12,v1.0
FB000978,BYR000088,PRD000176,Yes,No,No,No,Yes,No,Already purchased elsewhere,Negative,NORMAL,0.52,2026-05-28,v1.0
FB000979,BYR000471,PRD001026,Yes,No,No,No,Yes,No,Duplicate of item I already own,Negative,NORMAL,0.95,2026-07-20,v1.0
FB000980,BYR000621,PRD001703,Yes,Yes,Yes,Yes,No,No,Clicked and purchased,Positive,NORMAL,1.0,2026-07-28,v1.0
FB000981,BYR000936,PRD001014,Yes,Yes,Yes,Yes,No,No,"Perfect timing, needed this",Positive,COLD_START,0.77,2026-06-14,v1.0
FB000982,BYR000934,PRD001907,Yes,No,No,No,Yes,No,Already purchased elsewhere,Negative,NORMAL,0.96,2026-07-29,v1.0
FB000983,BYR000097,PRD002311,Yes,No,No,No,Yes,No,Duplicate of item I already own,Negative,EDGE,0.97,2026-05-24,v1.0
FB000984,BYR000075,PRD002590,Yes,Yes,Yes,No,No,No,"Good match, saved to wishlist",Neutral,EDGE,0.66,2026-06-03,v1.0
FB000985,BYR000328,PRD000293,Yes,No,No,No,Yes,No,Already purchased elsewhere,Negative,NEGATIVE,0.71,2026-07-26,v1.0
FB000986,BYR000336,PRD001377,Yes,No,No,No,Yes,No,Not interested,Negative,NORMAL,0.58,2026-07-09,v1.0
FB000987,BYR000912,PRD001529,Yes,No,Yes,No,No,No,Irrelevant to my search,Neutral,NORMAL,0.52,2026-08-05,v1.0
FB000988,BYR000203,PRD000147,Yes,Yes,Yes,No,No,No,"Good match, saved to wishlist",Neutral,NORMAL,0.66,2026-06-07,v1.0
FB000989,BYR000589,PRD002385,Yes,Yes,Yes,Yes,No,No,Clicked and purchased,Positive,NORMAL,0.62,2026-06-11,v1.0
FB000990,BYR000457,PRD001860,Yes,Yes,Yes,Yes,No,No,"Perfect timing, needed this",Positive,NORMAL,0.78,2026-06-08,v1.0
FB000991,BYR000972,PRD000107,Yes,No,Yes,No,No,No,Price too high 😅,Neutral,BOUNDARY,0.56,2026-06-24,v1.0
FB000992,BYR000672,PRD002137,Yes,Yes,Yes,No,No,No,Too expensive for my budget,Neutral,NORMAL,0.75,2026-07-23,v1.0
FB000993,BYR000505,PRD002358,Yes,No,No,No,Yes,No,Duplicate of item I already own,Negative,EDGE,0.56,2026-06-11,v1.0
FB000994,BYR000124,PRD001806,Yes,No,Yes,No,No,No,Not my style,Neutral,NORMAL,0.56,2026-06-23,v1.0
FB000995,BYR000299,PRD000082,Yes,Yes,Yes,No,No,No,Too expensive for my budget,Neutral,NEGATIVE,0.64,2026-05-30,v1.0
FB000996,BYR000218,PRD002471,Yes,No,Yes,No,No,No,Price too high 😅,Neutral,NORMAL,0.87,2026-07-29,v1.0
FB000997,BYR000397,PRD001534,Yes,No,Yes,No,No,No,Not my style,Neutral,NEGATIVE,0.82,2026-05-22,v1.0
FB000998,BYR000727,PRD002820,Yes,No,No,No,Yes,No,Duplicate of item I already own,Negative,NORMAL,0.92,2026-06-05,v1.0
FB000999,BYR000095,PRD002591,Yes,No,No,No,Yes,No,Not interested,Negative,COLD_START,0.74,2026-07-20,v1.0
FB001000,BYR000471,PRD002542,Yes,Yes,Yes,No,No,No,Too expensive for my budget,Neutral,NORMAL,0.93,2026-06-10,v1.0
FB001001,BYR000899,PRD002350,Yes,No,No,No,Yes,No,Duplicate of item I already own,Negative,NORMAL,0.7,2026-07-14,v1.0
FB001002,BYR000373,PRD001660,Yes,No,Yes,No,No,No,Not my style,Neutral,NORMAL,0.93,2026-06-27,v1.0
FB001003,BYR000245,PRD000970,Yes,No,Yes,No,No,No,Not my style,Neutral,EDGE,0.75,2026-06-25,v1.0
FB001004,BYR000393,PRD000418,Yes,No,No,No,Yes,No,Duplicate of item I already own,Negative,NORMAL,0.94,2026-08-06,v1.0
FB001005,BYR000387,PRD002883,Yes,No,Yes,No,No,No,Price too high 😅,Neutral,NORMAL,0.96,2026-07-07,v1.0
FB001006,BYR000537,PRD000946,Yes,No,No,No,Yes,No,Not interested,Negative,NORMAL,0.65,2026-05-30,v1.0
FB001007,BYR000740,PRD000264,Yes,No,Yes,No,No,No,Irrelevant to my search,Neutral,COLD_START,0.68,2026-06-25,v1.0
FB001008,BYR000660,PRD001464,Yes,No,Yes,No,No,No,Not my style,Neutral,NORMAL,0.7,2026-06-10,v1.0
FB001009,BYR000711,PRD001873,Yes,Yes,Yes,No,No,No,"Good match, saved to wishlist",Neutral,COLD_START,0.62,2026-06-14,v1.0
FB001010,BYR000980,PRD001676,Yes,No,No,No,Yes,No,Duplicate of item I already own,Negative,NORMAL,0.68,2026-06-29,v1.0
FB001011,BYR000029,PRD000600,Yes,Yes,Yes,Yes,No,No,Clicked and purchased,Positive,NORMAL,0.66,2026-07-11,v1.0
FB001012,BYR000984,PRD001049,Yes,No,Yes,No,No,No,Price too high 😅,Neutral,BOUNDARY,0.86,2026-07-29,v1.0
FB001013,BYR000766,PRD000564,Yes,No,Yes,No,No,No,Not my style,Neutral,NORMAL,0.72,2026-06-26,v1.0
FB001014,BYR000612,PRD002912,Yes,No,No,No,Yes,No,Not interested,Negative,NORMAL,0.73,2026-07-16,v1.0
FB001015,BYR000042,PRD001939,Yes,No,No,No,Yes,No,Already purchased elsewhere,Negative,NEGATIVE,0.93,2026-06-04,v1.0
FB001016,BYR000288,PRD002363,Yes,Yes,Yes,No,No,No,Relevant recommendation,Neutral,NORMAL,0.6,2026-07-17,v1.0
FB001017,BYR000491,PRD000259,Yes,No,No,No,Yes,No,Duplicate of item I already own,Negative,NEGATIVE,0.71,2026-07-19,v1.0
FB001018,BYR000841,PRD002451,Yes,Yes,Yes,No,No,No,Relevant recommendation,Neutral,NORMAL,0.5,2026-07-19,v1.0
FB001019,BYR000393,PRD001055,Yes,No,No,No,Yes,No,Not interested,Negative,NORMAL,0.66,2026-05-08,v1.0
FB001020,BYR000010,PRD001175,Yes,Yes,Yes,Yes,No,No,Clicked and purchased,Positive,COLD_START,0.85,2026-07-10,v1.0
FB001021,BYR000004,PRD000236,Yes,No,Yes,No,No,No,Irrelevant to my search,Neutral,BOUNDARY,0.8,2026-07-31,v1.0
FB001022,BYR000893,PRD000599,Yes,No,Yes,No,No,No,Not my style,Neutral,NORMAL,0.98,2026-07-08,v1.0
FB001023,BYR000657,PRD000683,Yes,No,Yes,No,No,No,Price too high 😅,Neutral,NORMAL,0.95,2026-07-04,v1.0
FB001024,BYR000456,PRD002980,Yes,No,No,No,Yes,No,Duplicate of item I already own,Negative,NORMAL,0.77,2026-08-04,v1.0
FB001025,BYR000306,PRD002064,Yes,No,No,No,Yes,No,Duplicate of item I already own,Negative,NORMAL,0.78,2026-06-22,v1.0
FB001026,BYR000611,PRD002878,Yes,No,No,No,Yes,No,Not interested,Negative,NORMAL,0.93,2026-05-11,v1.0
FB001027,BYR000905,PRD002890,Yes,No,Yes,No,No,No,Price too high 😅,Neutral,NORMAL,0.55,2026-07-08,v1.0
FB001028,BYR000234,PRD000722,Yes,No,Yes,No,No,No,Price too high 😅,Neutral,NORMAL,1.0,2026-08-02,v1.0
FB001029,BYR000217,PRD000589,Yes,No,No,No,Yes,No,Not interested,Negative,NORMAL,0.57,2026-07-18,v1.0
FB001030,BYR000610,PRD001876,Yes,No,No,No,Yes,No,Already purchased elsewhere,Negative,NORMAL,0.6,2026-08-05,v1.0
FB001031,BYR000539,PRD002937,Yes,Yes,Yes,No,No,No,Too expensive for my budget,Neutral,EDGE,0.98,2026-05-19,v1.0
FB001032,BYR000066,PRD000723,Yes,No,No,No,Yes,No,Already purchased elsewhere,Negative,NORMAL,0.89,2026-05-12,v1.0
FB001033,BYR000888,PRD000683,Yes,Yes,Yes,No,No,No,"Good match, saved to wishlist",Neutral,EDGE,0.8,2026-05-13,v1.0
FB001034,BYR000960,PRD002797,Yes,No,No,No,Yes,No,Duplicate of item I already own,Negative,EDGE,0.83,2026-05-18,v1.0
FB001035,BYR000618,PRD002412,Yes,No,No,No,Yes,Yes,Already purchased elsewhere,Negative,BOUNDARY,0.67,2026-06-10,v1.0
FB001036,BYR000479,PRD001373,Yes,No,No,No,Yes,Yes,Already purchased elsewhere,Negative,NEGATIVE,0.91,2026-07-05,v1.0
FB001037,BYR000834,PRD002973,Yes,No,No,No,Yes,No,Already purchased elsewhere,Negative,NORMAL,0.87,2026-05-16,v1.0
FB001038,BYR000100,PRD000491,Yes,No,No,No,Yes,No,Not interested,Negative,NEGATIVE,0.72,2026-07-03,v1.0
FB001039,BYR000690,PRD000148,Yes,No,No,No,Yes,No,Already purchased elsewhere,Negative,NEGATIVE,0.68,2026-06-13,v1.0
FB001040,BYR000228,PRD000267,Yes,No,No,No,Yes,Yes,Duplicate of item I already own,Negative,NORMAL,0.92,2026-05-11,v1.0
FB001041,BYR000976,PRD001069,Yes,No,No,No,Yes,No,Already purchased elsewhere,Negative,NORMAL,0.91,2026-07-31,v1.0
FB001042,BYR000192,PRD000204,Yes,No,Yes,No,No,No,Irrelevant to my search,Neutral,NORMAL,0.9,2026-07-31,v1.0
FB001043,BYR000117,PRD001751,Yes,Yes,Yes,Yes,No,No,Clicked and purchased,Positive,BOUNDARY,0.65,2026-05-21,v1.0
FB001044,BYR000132,PRD002573,Yes,Yes,Yes,No,No,No,"Good match, saved to wishlist",Neutral,BOUNDARY,0.76,2026-07-28,v1.0
FB001045,BYR000964,PRD001413,Yes,No,No,No,Yes,No,Already purchased elsewhere,Negative,NORMAL,0.62,2026-06-20,v1.0
FB001046,BYR000835,PRD002519,Yes,Yes,Yes,No,No,No,"Good match, saved to wishlist",Neutral,NORMAL,0.56,2026-08-05,v1.0
FB001047,BYR000928,PRD000227,Yes,Yes,Yes,Yes,No,No,"Perfect timing, needed this",Positive,NORMAL,0.58,2026-05-12,v1.0
FB001048,BYR000861,PRD000571,Yes,No,Yes,No,No,No,Not my style,Neutral,COLD_START,0.71,2026-08-03,v1.0
FB001049,BYR000911,PRD002257,Yes,Yes,Yes,No,No,No,Too expensive for my budget,Neutral,BOUNDARY,0.69,2026-06-01,v1.0
FB001050,BYR000620,PRD002244,Yes,No,No,No,Yes,No,Already purchased elsewhere,Negative,NEGATIVE,0.65,2026-08-04,v1.0
FB001051,BYR000618,PRD000593,Yes,Yes,Yes,No,No,No,"Good match, saved to wishlist",Neutral,NORMAL,0.54,2026-06-26,v1.0
FB001052,BYR000958,PRD001757,Yes,Yes,Yes,No,No,No,Too expensive for my budget,Neutral,NORMAL,0.54,2026-06-10,v1.0
FB001053,BYR000078,PRD002976,Yes,Yes,Yes,No,No,No,"Good match, saved to wishlist",Neutral,NORMAL,0.68,2026-05-12,v1.0
FB001054,BYR000902,PRD001158,Yes,Yes,Yes,No,No,No,Too expensive for my budget,Neutral,NORMAL,0.7,2026-07-05,v1.0
FB001055,BYR000496,PRD001012,Yes,No,No,No,Yes,No,Not interested,Negative,NORMAL,0.89,2026-07-16,v1.0
FB001056,BYR000897,PRD002074,Yes,No,No,No,Yes,No,Not interested,Negative,NORMAL,0.68,2026-07-07,v1.0
FB001057,BYR000714,PRD002034,Yes,No,Yes,No,No,No,Price too high 😅,Neutral,RARE,0.89,2026-06-26,v1.0
FB001058,BYR000354,PRD002830,Yes,No,Yes,No,No,No,Not my style,Neutral,NORMAL,0.67,2026-07-29,v1.0
FB001059,BYR000162,PRD000927,Yes,No,Yes,No,No,No,Irrelevant to my search,Neutral,NORMAL,0.94,2026-06-23,v1.0
FB001060,BYR000636,PRD002986,Yes,No,No,No,Yes,Yes,Already purchased elsewhere,Negative,NORMAL,0.62,2026-05-20,v1.0
FB001061,BYR000337,PRD002068,Yes,Yes,Yes,No,No,No,Too expensive for my budget,Neutral,BOUNDARY,0.71,2026-07-11,v1.0
FB001062,BYR000992,PRD000886,Yes,No,No,No,Yes,No,Already purchased elsewhere,Negative,NORMAL,0.91,2026-05-14,v1.0
FB001063,BYR000881,PRD000931,Yes,No,Yes,No,No,No,Not my style,Neutral,EDGE,0.65,2026-07-20,v1.0
FB001064,BYR000266,PRD000038,Yes,No,No,No,Yes,No,Not interested,Negative,NORMAL,0.82,2026-05-29,v1.0
FB001065,BYR000466,PRD000800,Yes,Yes,Yes,No,No,No,Too expensive for my budget,Neutral,NEGATIVE,0.71,2026-05-20,v1.0
FB001066,BYR000279,PRD001476,Yes,No,No,No,Yes,No,Not interested,Negative,NORMAL,0.79,2026-06-07,v1.0
FB001067,BYR000904,PRD002385,Yes,No,No,No,Yes,No,Not interested,Negative,NORMAL,0.64,2026-05-30,v1.0
FB001068,BYR000491,PRD000812,Yes,No,Yes,No,No,No,Irrelevant to my search,Neutral,NORMAL,0.62,2026-08-02,v1.0
FB001069,BYR000565,PRD000338,Yes,No,Yes,No,No,No,Not my style,Neutral,NORMAL,0.58,2026-08-04,v1.0
FB001070,BYR000963,PRD002037,Yes,Yes,Yes,No,No,No,Relevant recommendation,Neutral,BOUNDARY,0.53,2026-07-10,v1.0
FB001071,BYR000891,PRD002556,Yes,Yes,Yes,No,No,No,Relevant recommendation,Neutral,BOUNDARY,0.68,2026-05-10,v1.0
FB001072,BYR000502,PRD000406,Yes,No,No,No,Yes,No,Already purchased elsewhere,Negative,NORMAL,0.51,2026-06-11,v1.0
FB001073,BYR000730,PRD000164,Yes,No,No,No,Yes,Yes,Duplicate of item I already own,Negative,NORMAL,0.78,2026-05-18,v1.0
FB001074,BYR000652,PRD002810,Yes,Yes,Yes,Yes,No,No,Clicked and purchased,Positive,NORMAL,0.73,2026-05-15,v1.0
FB001075,BYR000089,PRD001528,Yes,No,No,No,Yes,No,Not interested,Negative,NEGATIVE,0.99,2026-07-27,v1.0
FB001076,BYR000232,PRD001915,Yes,No,No,No,Yes,No,Duplicate of item I already own,Negative,NORMAL,0.77,2026-07-16,v1.0
FB001077,BYR000962,PRD002076,Yes,No,Yes,No,No,No,Not my style,Neutral,EDGE,0.61,2026-07-13,v1.0
FB001078,BYR000151,PRD000840,Yes,No,Yes,No,No,No,Not my style,Neutral,NORMAL,0.97,2026-07-19,v1.0
FB001079,BYR000650,PRD002448,Yes,Yes,Yes,Yes,No,No,Great match! ⭐⭐⭐⭐⭐,Positive,EDGE,0.67,2026-05-30,v1.0
FB001080,BYR000571,PRD000827,Yes,No,Yes,No,No,No,Irrelevant to my search,Neutral,NORMAL,0.96,2026-05-31,v1.0
FB001081,BYR000554,PRD001232,Yes,No,No,No,Yes,No,Not interested,Negative,NORMAL,0.51,2026-05-28,v1.0
FB001082,BYR000705,PRD002636,Yes,No,No,No,Yes,No,Already purchased elsewhere,Negative,NORMAL,0.81,2026-07-10,v1.0
FB001083,BYR000132,PRD001641,Yes,Yes,Yes,No,No,No,Too expensive for my budget,Neutral,NORMAL,0.8,2026-06-22,v1.0
FB001084,BYR000475,PRD001236,Yes,No,No,No,Yes,Yes,Already purchased elsewhere,Negative,NORMAL,0.51,2026-07-06,v1.0
FB001085,BYR000356,PRD000340,Yes,Yes,Yes,Yes,No,No,"Perfect timing, needed this",Positive,BOUNDARY,0.81,2026-05-30,v1.0
FB001086,BYR000272,PRD002630,Yes,Yes,Yes,No,No,No,"Good match, saved to wishlist",Neutral,NORMAL,0.73,2026-05-15,v1.0
FB001087,BYR000071,PRD002908,Yes,No,No,No,Yes,Yes,Already purchased elsewhere,Negative,NORMAL,0.95,2026-07-13,v1.0
FB001088,BYR000992,PRD000277,Yes,No,No,No,Yes,No,Not interested,Negative,NORMAL,0.85,2026-07-11,v1.0
FB001089,BYR000254,PRD000033,Yes,No,No,No,Yes,Yes,Already purchased elsewhere,Negative,COLD_START,0.95,2026-05-25,v1.0
FB001090,BYR000956,PRD001869,Yes,No,Yes,No,No,No,Price too high 😅,Neutral,NORMAL,0.56,2026-08-02,v1.0
FB001091,BYR000809,PRD001318,Yes,No,Yes,No,No,No,Irrelevant to my search,Neutral,NORMAL,0.97,2026-07-02,v1.0
FB001092,BYR000113,PRD001377,Yes,No,Yes,No,No,No,Price too high 😅,Neutral,NORMAL,0.8,2026-05-16,v1.0
FB001093,BYR000138,PRD002754,Yes,No,Yes,No,No,No,Irrelevant to my search,Neutral,NORMAL,0.64,2026-07-15,v1.0
FB001094,BYR000591,PRD000150,Yes,No,No,No,Yes,No,Duplicate of item I already own,Negative,EDGE,0.72,2026-06-20,v1.0
FB001095,BYR000359,PRD001672,Yes,No,No,No,Yes,No,Not interested,Negative,BOUNDARY,0.7,2026-07-25,v1.0
FB001096,BYR000298,PRD002271,Yes,No,No,No,Yes,No,Duplicate of item I already own,Negative,EDGE,0.95,2026-07-22,v1.0
FB001097,BYR000422,PRD002517,Yes,No,No,No,Yes,No,Not interested,Negative,NORMAL,0.78,2026-05-12,v1.0
FB001098,BYR000140,PRD002796,Yes,No,Yes,No,No,No,Not my style,Neutral,NORMAL,0.66,2026-06-28,v1.0
FB001099,BYR000356,PRD001055,Yes,Yes,Yes,Yes,No,No,Great match! ⭐⭐⭐⭐⭐,Positive,NORMAL,0.52,2026-05-24,v1.0
FB001100,BYR000062,PRD001209,Yes,No,No,No,Yes,No,Already purchased elsewhere,Negative,NEGATIVE,0.86,2026-06-23,v1.0
FB001101,BYR000777,PRD001124,Yes,No,Yes,No,No,No,Not my style,Neutral,NORMAL,0.67,2026-08-04,v1.0
FB001102,BYR000621,PRD001735,Yes,No,No,No,Yes,No,Duplicate of item I already own,Negative,NORMAL,0.65,2026-08-06,v1.0
FB001103,BYR000856,PRD000701,Yes,Yes,Yes,No,No,No,Relevant recommendation,Neutral,NORMAL,0.68,2026-06-22,v1.0
FB001104,BYR000903,PRD002948,Yes,No,No,No,Yes,No,Already purchased elsewhere,Negative,NORMAL,0.73,2026-06-20,v1.0
FB001105,BYR000494,PRD000977,Yes,No,No,No,Yes,No,Not interested,Negative,EDGE,0.73,2026-05-16,v1.0
FB001106,BYR000547,PRD000492,Yes,No,No,No,Yes,No,Duplicate of item I already own,Negative,NORMAL,0.51,2026-06-27,v1.0
FB001107,BYR000584,PRD001659,Yes,No,No,No,Yes,No,Already purchased elsewhere,Negative,NORMAL,0.72,2026-07-02,v1.0
FB001108,BYR000105,PRD001627,Yes,No,No,No,Yes,No,Not interested,Negative,NORMAL,0.79,2026-05-23,v1.0
FB001109,BYR000034,PRD002965,Yes,No,Yes,No,No,No,Price too high 😅,Neutral,NORMAL,0.68,2026-06-26,v1.0
FB001110,BYR000816,PRD000007,Yes,No,No,No,Yes,No,Already purchased elsewhere,Negative,NORMAL,0.51,2026-06-13,v1.0
FB001111,BYR000488,PRD001041,Yes,Yes,Yes,Yes,No,No,"Perfect timing, needed this",Positive,NORMAL,0.73,2026-05-19,v1.0
FB001112,BYR000292,PRD001905,Yes,No,No,No,Yes,No,Already purchased elsewhere,Negative,BOUNDARY,0.83,2026-06-07,v1.0
FB001113,BYR000322,PRD001263,Yes,No,No,No,Yes,No,Not interested,Negative,RARE,0.72,2026-07-03,v1.0
FB001114,BYR000486,PRD002338,Yes,No,No,No,Yes,Yes,Not interested,Negative,NORMAL,0.55,2026-07-15,v1.0
FB001115,BYR000483,PRD000512,Yes,No,No,No,Yes,No,Duplicate of item I already own,Negative,NORMAL,0.63,2026-06-24,v1.0
FB001116,BYR000571,PRD000160,Yes,No,No,No,Yes,No,Not interested,Negative,NORMAL,0.74,2026-05-08,v1.0
FB001117,BYR000073,PRD002379,Yes,No,No,No,Yes,No,Duplicate of item I already own,Negative,NORMAL,0.94,2026-07-16,v1.0
FB001118,BYR000926,PRD001198,Yes,No,No,No,Yes,No,Already purchased elsewhere,Negative,NORMAL,0.79,2026-07-12,v1.0
FB001119,BYR000817,PRD000843,Yes,No,Yes,No,No,No,Irrelevant to my search,Neutral,NORMAL,0.97,2026-07-03,v1.0
FB001120,BYR000286,PRD001880,Yes,Yes,Yes,No,No,No,Relevant recommendation,Neutral,NORMAL,0.75,2026-05-28,v1.0
FB001121,BYR000828,PRD000746,Yes,No,No,No,Yes,No,Already purchased elsewhere,Negative,NEGATIVE,0.86,2026-08-06,v1.0
FB001122,BYR000653,PRD001820,Yes,Yes,Yes,No,No,No,Relevant recommendation,Neutral,NORMAL,0.83,2026-06-30,v1.0
FB001123,BYR000469,PRD000801,Yes,No,No,No,Yes,No,Duplicate of item I already own,Negative,NORMAL,0.69,2026-07-16,v1.0
FB001124,BYR000791,PRD001440,Yes,No,No,No,Yes,No,Duplicate of item I already own,Negative,NORMAL,0.76,2026-07-01,v1.0
FB001125,BYR000498,PRD001919,Yes,Yes,Yes,No,No,No,"Good match, saved to wishlist",Neutral,NORMAL,0.81,2026-06-13,v1.0
FB001126,BYR000076,PRD002709,Yes,No,No,No,Yes,No,Duplicate of item I already own,Negative,BOUNDARY,0.59,2026-07-24,v1.0
FB001127,BYR000956,PRD001240,Yes,Yes,Yes,No,No,No,"Good match, saved to wishlist",Neutral,NORMAL,0.97,2026-07-02,v1.0
FB001128,BYR000310,PRD001089,Yes,No,Yes,No,No,No,Irrelevant to my search,Neutral,COLD_START,0.67,2026-05-24,v1.0
FB001129,BYR000852,PRD002771,Yes,Yes,Yes,No,No,No,Relevant recommendation,Neutral,NORMAL,0.97,2026-07-19,v1.0
FB001130,BYR000952,PRD002201,Yes,No,Yes,No,No,No,Price too high 😅,Neutral,NORMAL,0.88,2026-08-02,v1.0
FB001131,BYR000377,PRD000991,Yes,Yes,Yes,No,No,No,"Good match, saved to wishlist",Neutral,NORMAL,0.56,2026-07-12,v1.0
FB001132,BYR000422,PRD001403,Yes,No,No,No,Yes,No,Not interested,Negative,NORMAL,0.71,2026-05-22,v1.0
FB001133,BYR000870,PRD002165,Yes,No,No,No,Yes,No,Already purchased elsewhere,Negative,NORMAL,0.59,2026-06-14,v1.0
FB001134,BYR000959,PRD002006,Yes,No,No,No,Yes,No,Not interested,Negative,COLD_START,0.83,2026-05-09,v1.0
FB001135,BYR000723,PRD000599,Yes,Yes,Yes,No,No,No,"Good match, saved to wishlist",Neutral,NORMAL,0.56,2026-06-13,v1.0
FB001136,BYR000455,PRD000749,Yes,No,No,No,Yes,Yes,Already purchased elsewhere,Negative,NORMAL,0.85,2026-05-12,v1.0
FB001137,BYR000641,PRD002803,Yes,No,No,No,Yes,Yes,Not interested,Negative,NORMAL,0.78,2026-07-24,v1.0
FB001138,BYR000459,PRD000034,Yes,No,Yes,No,No,No,Price too high 😅,Neutral,NORMAL,0.99,2026-05-20,v1.0
FB001139,BYR000374,PRD002379,Yes,No,No,No,Yes,No,Already purchased elsewhere,Negative,NORMAL,0.7,2026-05-26,v1.0
FB001140,BYR000875,PRD000330,Yes,No,No,No,Yes,No,Duplicate of item I already own,Negative,NEGATIVE,0.69,2026-07-28,v1.0
FB001141,BYR000863,PRD001792,Yes,No,No,No,Yes,No,Duplicate of item I already own,Negative,EDGE,0.54,2026-07-21,v1.0
FB001142,BYR000026,PRD002925,Yes,No,No,No,Yes,No,Already purchased elsewhere,Negative,NORMAL,0.55,2026-06-26,v1.0
FB001143,BYR000802,PRD002557,Yes,No,Yes,No,No,No,Not my style,Neutral,EDGE,0.98,2026-05-17,v1.0
FB001144,BYR000599,PRD000983,Yes,Yes,Yes,No,No,No,"Good match, saved to wishlist",Neutral,NORMAL,0.63,2026-06-05,v1.0
FB001145,BYR000185,PRD000633,Yes,No,No,No,Yes,No,Not interested,Negative,NORMAL,0.61,2026-08-01,v1.0
FB001146,BYR000632,PRD001100,Yes,No,No,No,Yes,No,Already purchased elsewhere,Negative,BOUNDARY,0.5,2026-06-12,v1.0
FB001147,BYR000832,PRD000514,Yes,No,Yes,No,No,No,Price too high 😅,Neutral,NORMAL,0.91,2026-05-26,v1.0
FB001148,BYR000922,PRD001380,Yes,Yes,Yes,Yes,No,No,"Perfect timing, needed this",Positive,RARE,0.76,2026-06-11,v1.0
FB001149,BYR000054,PRD001218,Yes,No,Yes,No,No,No,Price too high 😅,Neutral,COLD_START,0.69,2026-05-19,v1.0
FB001150,BYR000663,PRD002842,Yes,No,No,No,Yes,No,Already purchased elsewhere,Negative,NORMAL,0.72,2026-08-02,v1.0
FB001151,BYR000794,PRD001555,Yes,No,Yes,No,No,No,Irrelevant to my search,Neutral,BOUNDARY,0.65,2026-06-03,v1.0
FB001152,BYR000749,PRD000069,Yes,No,Yes,No,No,No,Not my style,Neutral,NORMAL,0.51,2026-05-09,v1.0
FB001153,BYR000908,PRD002387,Yes,Yes,Yes,Yes,No,No,Clicked and purchased,Positive,NORMAL,0.83,2026-05-24,v1.0
FB001154,BYR000808,PRD002244,Yes,No,Yes,No,No,No,Not my style,Neutral,NORMAL,0.95,2026-07-09,v1.0
FB001155,BYR000247,PRD000975,Yes,No,No,No,Yes,Yes,Duplicate of item I already own,Negative,NORMAL,0.61,2026-06-20,v1.0
FB001156,BYR000623,PRD001592,Yes,Yes,Yes,No,No,No,Too expensive for my budget,Neutral,NORMAL,0.66,2026-05-17,v1.0
FB001157,BYR000955,PRD002849,Yes,No,No,No,Yes,No,Not interested,Negative,NORMAL,0.83,2026-05-13,v1.0
FB001158,BYR000650,PRD002892,Yes,Yes,Yes,No,No,No,"Good match, saved to wishlist",Neutral,BOUNDARY,0.94,2026-08-01,v1.0
FB001159,BYR000347,PRD000019,Yes,Yes,Yes,No,No,No,Too expensive for my budget,Neutral,NORMAL,0.85,2026-06-03,v1.0
FB001160,BYR000157,PRD002848,Yes,No,Yes,No,No,No,Irrelevant to my search,Neutral,NORMAL,0.52,2026-05-14,v1.0
FB001161,BYR000284,PRD001180,Yes,No,Yes,No,No,No,Irrelevant to my search,Neutral,NORMAL,0.62,2026-07-23,v1.0
FB001162,BYR000597,PRD002703,Yes,No,No,No,Yes,No,Already purchased elsewhere,Negative,NORMAL,0.61,2026-05-20,v1.0
FB001163,BYR000821,PRD001866,Yes,Yes,Yes,No,No,No,"Good match, saved to wishlist",Neutral,NORMAL,0.77,2026-08-03,v1.0
FB001164,BYR000963,PRD000880,Yes,No,No,No,Yes,No,Already purchased elsewhere,Negative,NORMAL,0.67,2026-07-06,v1.0
FB001165,BYR000757,PRD002231,Yes,No,No,No,Yes,No,Not interested,Negative,NORMAL,0.58,2026-05-09,v1.0
FB001166,BYR000031,PRD002549,Yes,No,Yes,No,No,No,Irrelevant to my search,Neutral,EDGE,0.85,2026-05-24,v1.0
FB001167,BYR000615,PRD000800,Yes,No,No,No,Yes,No,Not interested,Negative,NORMAL,0.56,2026-06-07,v1.0
FB001168,BYR000278,PRD002232,Yes,No,No,No,Yes,No,Already purchased elsewhere,Negative,EDGE,0.83,2026-07-27,v1.0
FB001169,BYR000185,PRD001396,Yes,Yes,Yes,No,No,No,"Good match, saved to wishlist",Neutral,EDGE,0.6,2026-08-02,v1.0
FB001170,BYR000434,PRD000696,Yes,Yes,Yes,No,No,No,Too expensive for my budget,Neutral,NEGATIVE,0.63,2026-06-03,v1.0
FB001171,BYR000264,PRD000144,Yes,No,Yes,No,No,No,Not my style,Neutral,NORMAL,0.64,2026-07-03,v1.0
FB001172,BYR000071,PRD002359,Yes,Yes,Yes,Yes,No,No,Great match! ⭐⭐⭐⭐⭐,Positive,NEGATIVE,0.67,2026-05-23,v1.0
FB001173,BYR000376,PRD000700,Yes,No,Yes,No,No,No,Irrelevant to my search,Neutral,NORMAL,0.62,2026-05-14,v1.0
FB001174,BYR000540,PRD002672,Yes,No,Yes,No,No,No,Price too high 😅,Neutral,EDGE,0.62,2026-06-23,v1.0
FB001175,BYR000095,PRD002516,Yes,No,No,No,Yes,No,Duplicate of item I already own,Negative,NORMAL,0.65,2026-06-18,v1.0
FB001176,BYR000324,PRD000443,Yes,No,No,No,Yes,No,Not interested,Negative,NORMAL,0.51,2026-06-28,v1.0
FB001177,BYR000094,PRD002534,Yes,No,No,No,Yes,No,Not interested,Negative,NEGATIVE,0.6,2026-06-29,v1.0
FB001178,BYR000669,PRD001828,Yes,No,Yes,No,No,No,Not my style,Neutral,NORMAL,0.59,2026-05-31,v1.0
FB001179,BYR000642,PRD001348,Yes,No,No,No,Yes,No,Not interested,Negative,NORMAL,0.93,2026-05-09,v1.0
FB001180,BYR000978,PRD002325,Yes,No,No,No,Yes,No,Duplicate of item I already own,Negative,NORMAL,0.65,2026-06-19,v1.0
FB001181,BYR000103,PRD002410,Yes,Yes,Yes,No,No,No,"Good match, saved to wishlist",Neutral,RARE,0.66,2026-06-17,v1.0
FB001182,BYR000494,PRD000950,Yes,Yes,Yes,No,No,No,"Good match, saved to wishlist",Neutral,NEGATIVE,0.69,2026-06-18,v1.0
FB001183,BYR000010,PRD002133,Yes,No,No,No,Yes,No,Not interested,Negative,EDGE,0.9,2026-06-05,v1.0
FB001184,BYR000105,PRD002310,Yes,No,Yes,No,No,No,Price too high 😅,Neutral,NORMAL,0.75,2026-05-28,v1.0
FB001185,BYR000210,PRD001954,Yes,No,No,No,Yes,No,Not interested,Negative,NORMAL,0.59,2026-08-05,v1.0
FB001186,BYR000335,PRD001520,Yes,Yes,Yes,No,No,No,Too expensive for my budget,Neutral,NORMAL,0.55,2026-08-04,v1.0
FB001187,BYR000036,PRD001320,Yes,No,Yes,No,No,No,Irrelevant to my search,Neutral,NORMAL,0.98,2026-07-08,v1.0
FB001188,BYR000209,PRD001927,Yes,No,Yes,No,No,No,Not my style,Neutral,NORMAL,0.93,2026-07-19,v1.0
FB001189,BYR000691,PRD002657,Yes,Yes,Yes,No,No,No,Too expensive for my budget,Neutral,NEGATIVE,0.99,2026-07-23,v1.0
FB001190,BYR000760,PRD002604,Yes,No,No,No,Yes,No,Not interested,Negative,NORMAL,0.91,2026-05-15,v1.0
FB001191,BYR000523,PRD002160,Yes,No,No,No,Yes,No,Duplicate of item I already own,Negative,NORMAL,0.82,2026-05-23,v1.0
FB001192,BYR000008,PRD001463,Yes,No,No,No,Yes,No,Not interested,Negative,NORMAL,0.84,2026-07-21,v1.0
FB001193,BYR000330,PRD001932,Yes,No,No,No,Yes,No,Not interested,Negative,NORMAL,0.72,2026-06-28,v1.0
FB001194,BYR000404,PRD001909,Yes,No,Yes,No,No,No,Price too high 😅,Neutral,NORMAL,0.6,2026-07-02,v1.0
FB001195,BYR000074,PRD002432,Yes,No,No,No,Yes,Yes,Duplicate of item I already own,Negative,COLD_START,0.94,2026-05-14,v1.0
FB001196,BYR000860,PRD002292,Yes,No,No,No,Yes,No,Duplicate of item I already own,Negative,NORMAL,0.61,2026-05-31,v1.0
FB001197,BYR000554,PRD002648,Yes,No,No,No,Yes,No,Duplicate of item I already own,Negative,COLD_START,0.62,2026-05-19,v1.0
FB001198,BYR000403,PRD001006,Yes,No,No,No,Yes,No,Already purchased elsewhere,Negative,RARE,0.92,2026-07-23,v1.0
FB001199,BYR000221,PRD001422,Yes,No,No,No,Yes,No,Duplicate of item I already own,Negative,NORMAL,0.56,2026-07-01,v1.0
FB001200,BYR000185,PRD001734,Yes,No,Yes,No,No,No,Not my style,Neutral,NORMAL,0.67,2026-07-10,v1.0
FB001201,BYR000901,PRD002468,Yes,Yes,Yes,No,No,No,Relevant recommendation,Neutral,NEGATIVE,0.83,2026-06-25,v1.0
FB001202,BYR000501,PRD001039,Yes,Yes,Yes,Yes,No,No,Great match! ⭐⭐⭐⭐⭐,Positive,NORMAL,0.72,2026-05-19,v1.0
FB001203,BYR000495,PRD000070,Yes,Yes,Yes,Yes,No,No,Great match! ⭐⭐⭐⭐⭐,Positive,NORMAL,0.78,2026-06-08,v1.0
FB001204,BYR000083,PRD002238,Yes,No,No,No,Yes,Yes,Duplicate of item I already own,Negative,NORMAL,0.59,2026-07-10,v1.0
FB001205,BYR000402,PRD002424,Yes,Yes,Yes,No,No,No,Relevant recommendation,Neutral,COLD_START,0.73,2026-07-21,v1.0
FB001206,BYR000445,PRD002874,Yes,No,No,No,Yes,No,Not interested,Negative,NORMAL,0.89,2026-06-10,v1.0
FB001207,BYR000261,PRD002754,Yes,Yes,Yes,No,No,No,Relevant recommendation,Neutral,NORMAL,0.87,2026-06-09,v1.0
FB001208,BYR000073,PRD002379,Yes,No,No,No,Yes,No,Already purchased elsewhere,Negative,NORMAL,0.9,2026-07-30,v1.0
FB001209,BYR000071,PRD002786,Yes,No,Yes,No,No,No,Price too high 😅,Neutral,NORMAL,0.58,2026-05-26,v1.0
FB001210,BYR000654,PRD001954,Yes,Yes,Yes,No,No,No,"Good match, saved to wishlist",Neutral,EDGE,0.55,2026-07-06,v1.0
FB001211,BYR000513,PRD002713,Yes,Yes,Yes,Yes,No,No,Clicked and purchased,Positive,NORMAL,0.54,2026-08-06,v1.0
FB001212,BYR000941,PRD000839,Yes,Yes,Yes,No,No,No,"Good match, saved to wishlist",Neutral,NORMAL,0.87,2026-06-12,v1.0
FB001213,BYR000993,PRD002523,Yes,Yes,Yes,No,No,No,Relevant recommendation,Neutral,NORMAL,0.92,2026-05-11,v1.0
FB001214,BYR000235,PRD000361,Yes,No,Yes,No,No,No,Not my style,Neutral,RARE,0.87,2026-07-25,v1.0
FB001215,BYR000261,PRD002777,Yes,No,No,No,Yes,No,Already purchased elsewhere,Negative,BOUNDARY,0.94,2026-07-19,v1.0
FB001216,BYR000149,PRD001469,Yes,No,No,No,Yes,No,Already purchased elsewhere,Negative,NORMAL,0.7,2026-05-24,v1.0
FB001217,BYR000117,PRD001211,Yes,No,Yes,No,No,No,Irrelevant to my search,Neutral,NORMAL,0.91,2026-07-18,v1.0
FB001218,BYR000342,PRD001384,Yes,No,No,No,Yes,No,Duplicate of item I already own,Negative,NORMAL,0.54,2026-06-04,v1.0
FB001219,BYR000742,PRD001827,Yes,No,Yes,No,No,No,Irrelevant to my search,Neutral,NORMAL,0.78,2026-06-17,v1.0
FB001220,BYR000286,PRD001871,Yes,No,Yes,No,No,No,Price too high 😅,Neutral,NORMAL,0.5,2026-07-25,v1.0
FB001221,BYR000650,PRD002994,Yes,No,No,No,Yes,No,Already purchased elsewhere,Negative,NORMAL,0.65,2026-05-14,v1.0
FB001222,BYR000658,PRD002040,Yes,Yes,Yes,Yes,No,No,"Perfect timing, needed this",Positive,NORMAL,0.59,2026-06-24,v1.0
FB001223,BYR000331,PRD000545,Yes,No,No,No,Yes,No,Not interested,Negative,NORMAL,0.76,2026-06-20,v1.0
FB001224,BYR000022,PRD000810,Yes,No,No,No,Yes,No,Already purchased elsewhere,Negative,NORMAL,0.63,2026-06-01,v1.0
FB001225,BYR000904,PRD000598,Yes,Yes,Yes,No,No,No,Too expensive for my budget,Neutral,NORMAL,0.94,2026-06-08,v1.0
FB001226,BYR000485,PRD001109,Yes,Yes,Yes,No,No,No,Relevant recommendation,Neutral,NORMAL,0.69,2026-07-12,v1.0
FB001227,BYR000188,PRD002569,Yes,Yes,Yes,No,No,No,"Good match, saved to wishlist",Neutral,EDGE,0.68,2026-06-25,v1.0
FB001228,BYR000757,PRD002962,Yes,No,No,No,Yes,No,Duplicate of item I already own,Negative,RARE,0.71,2026-05-19,v1.0
FB001229,BYR000725,PRD001292,Yes,Yes,Yes,No,No,No,Too expensive for my budget,Neutral,NORMAL,0.69,2026-07-19,v1.0
FB001230,BYR000429,PRD001196,Yes,No,No,No,Yes,No,Not interested,Negative,NORMAL,0.81,2026-07-04,v1.0
FB001231,BYR000712,PRD000779,Yes,No,No,No,Yes,No,Duplicate of item I already own,Negative,NORMAL,0.7,2026-05-23,v1.0
FB001232,BYR000385,PRD000947,Yes,No,No,No,Yes,No,Duplicate of item I already own,Negative,NORMAL,0.86,2026-06-20,v1.0
FB001233,BYR000463,PRD002652,Yes,No,Yes,No,No,No,Irrelevant to my search,Neutral,BOUNDARY,0.96,2026-06-22,v1.0
FB001234,BYR000445,PRD000939,Yes,No,Yes,No,No,No,Not my style,Neutral,NORMAL,0.61,2026-06-03,v1.0
FB001235,BYR000295,PRD002444,Yes,Yes,Yes,Yes,No,No,Great match! ⭐⭐⭐⭐⭐,Positive,NORMAL,0.65,2026-06-11,v1.0
FB001236,BYR000612,PRD001151,Yes,No,Yes,No,No,No,Not my style,Neutral,EDGE,0.55,2026-07-16,v1.0
FB001237,BYR000734,PRD000252,Yes,Yes,Yes,No,No,No,Too expensive for my budget,Neutral,NORMAL,0.51,2026-07-01,v1.0
FB001238,BYR000891,PRD001690,Yes,No,Yes,No,No,No,Not my style,Neutral,NORMAL,0.98,2026-06-19,v1.0
FB001239,BYR000951,PRD002705,Yes,No,Yes,No,No,No,Irrelevant to my search,Neutral,RARE,0.66,2026-07-12,v1.0
FB001240,BYR000670,PRD001615,Yes,No,Yes,No,No,No,Irrelevant to my search,Neutral,BOUNDARY,0.62,2026-05-21,v1.0
FB001241,BYR000978,PRD002557,Yes,Yes,Yes,Yes,No,No,Clicked and purchased,Positive,NORMAL,0.68,2026-05-14,v1.0
FB001242,BYR000190,PRD002643,Yes,Yes,Yes,No,No,No,"Good match, saved to wishlist",Neutral,NORMAL,0.75,2026-05-22,v1.0
FB001243,BYR000167,PRD000636,Yes,Yes,Yes,No,No,No,Relevant recommendation,Neutral,BOUNDARY,0.64,2026-07-31,v1.0
FB001244,BYR000528,PRD002317,Yes,No,No,No,Yes,No,Already purchased elsewhere,Negative,NORMAL,0.66,2026-06-01,v1.0
FB001245,BYR000570,PRD000264,Yes,No,No,No,Yes,No,Already purchased elsewhere,Negative,NORMAL,0.62,2026-08-05,v1.0
FB001246,BYR000755,PRD000268,Yes,No,No,No,Yes,No,Already purchased elsewhere,Negative,NORMAL,0.62,2026-06-14,v1.0
FB001247,BYR000142,PRD002645,Yes,No,No,No,Yes,No,Already purchased elsewhere,Negative,NORMAL,0.83,2026-07-11,v1.0
FB001248,BYR000175,PRD002650,Yes,Yes,Yes,No,No,No,"Good match, saved to wishlist",Neutral,NORMAL,0.5,2026-07-28,v1.0
FB001249,BYR000284,PRD002400,Yes,No,No,No,Yes,No,Already purchased elsewhere,Negative,NORMAL,0.62,2026-06-02,v1.0
FB001250,BYR000214,PRD000753,Yes,No,No,No,Yes,No,Not interested,Negative,NEGATIVE,0.76,2026-07-16,v1.0
FB001251,BYR000736,PRD002578,Yes,Yes,Yes,No,No,No,Relevant recommendation,Neutral,NEGATIVE,0.8,2026-06-11,v1.0
FB001252,BYR000676,PRD000974,Yes,Yes,Yes,No,No,No,Relevant recommendation,Neutral,NORMAL,0.53,2026-05-12,v1.0
FB001253,BYR000604,PRD002925,Yes,Yes,Yes,No,No,No,Relevant recommendation,Neutral,RARE,0.82,2026-05-11,v1.0
FB001254,BYR000121,PRD000698,Yes,Yes,Yes,No,No,No,Too expensive for my budget,Neutral,NORMAL,0.53,2026-05-14,v1.0
FB001255,BYR000674,PRD002074,Yes,Yes,Yes,Yes,No,No,"Perfect timing, needed this",Positive,NORMAL,0.7,2026-06-20,v1.0
FB001256,BYR000963,PRD000880,Yes,Yes,Yes,No,No,No,"Good match, saved to wishlist",Neutral,NORMAL,0.68,2026-05-24,v1.0
FB001257,BYR000737,PRD000019,Yes,Yes,Yes,No,No,No,Too expensive for my budget,Neutral,NORMAL,0.7,2026-05-16,v1.0
FB001258,BYR000834,PRD000118,Yes,Yes,Yes,No,No,No,"Good match, saved to wishlist",Neutral,NORMAL,0.97,2026-05-30,v1.0
FB001259,BYR000031,PRD002350,Yes,No,No,No,Yes,No,Duplicate of item I already own,Negative,NEGATIVE,0.9,2026-05-09,v1.0
FB001260,BYR000861,PRD001801,Yes,No,Yes,No,No,No,Price too high 😅,Neutral,NORMAL,0.51,2026-06-07,v1.0
FB001261,BYR000517,PRD000113,Yes,No,No,No,Yes,No,Duplicate of item I already own,Negative,NORMAL,0.56,2026-05-31,v1.0
FB001262,BYR000743,PRD001761,Yes,No,Yes,No,No,No,Not my style,Neutral,NORMAL,0.99,2026-07-24,v1.0
FB001263,BYR000992,PRD002553,Yes,No,No,No,Yes,No,Duplicate of item I already own,Negative,NORMAL,0.76,2026-07-22,v1.0
FB001264,BYR000736,PRD001468,Yes,No,No,No,Yes,No,Duplicate of item I already own,Negative,RARE,0.97,2026-07-02,v1.0
FB001265,BYR000150,PRD002187,Yes,No,No,No,Yes,No,Duplicate of item I already own,Negative,NORMAL,0.51,2026-07-19,v1.0
FB001266,BYR000321,PRD002411,Yes,No,Yes,No,No,No,Not my style,Neutral,NORMAL,0.56,2026-05-21,v1.0
FB001267,BYR000573,PRD000797,Yes,No,No,No,Yes,No,Already purchased elsewhere,Negative,NORMAL,0.61,2026-05-12,v1.0
FB001268,BYR000354,PRD001213,Yes,Yes,Yes,Yes,No,No,Clicked and purchased,Positive,NORMAL,0.67,2026-05-22,v1.0
FB001269,BYR000075,PRD002986,Yes,Yes,Yes,No,No,No,"Good match, saved to wishlist",Neutral,NORMAL,0.72,2026-07-16,v1.0
FB001270,BYR000352,PRD002851,Yes,No,Yes,No,No,No,Price too high 😅,Neutral,NORMAL,0.63,2026-05-16,v1.0
FB001271,BYR000032,PRD001402,Yes,No,No,No,Yes,No,Not interested,Negative,NORMAL,0.72,2026-07-13,v1.0
FB001272,BYR000228,PRD002714,Yes,Yes,Yes,Yes,No,No,"Perfect timing, needed this",Positive,NORMAL,0.64,2026-05-29,v1.0
FB001273,BYR000916,PRD000865,Yes,No,Yes,No,No,No,Irrelevant to my search,Neutral,NORMAL,0.59,2026-06-16,v1.0
FB001274,BYR000488,PRD000030,Yes,No,No,No,Yes,No,Already purchased elsewhere,Negative,NORMAL,0.82,2026-06-08,v1.0
FB001275,BYR000438,PRD002077,Yes,No,No,No,Yes,No,Already purchased elsewhere,Negative,NORMAL,0.73,2026-06-19,v1.0
FB001276,BYR000759,PRD002397,Yes,No,Yes,No,No,No,Irrelevant to my search,Neutral,NORMAL,0.7,2026-06-18,v1.0
FB001277,BYR000016,PRD000030,Yes,No,Yes,No,No,No,Irrelevant to my search,Neutral,NORMAL,0.84,2026-05-29,v1.0
FB001278,BYR000356,PRD001055,Yes,Yes,Yes,No,No,No,Relevant recommendation,Neutral,NORMAL,0.86,2026-05-13,v1.0
FB001279,BYR000547,PRD000588,Yes,Yes,Yes,No,No,No,"Good match, saved to wishlist",Neutral,NEGATIVE,0.81,2026-07-14,v1.0
FB001280,BYR000541,PRD001714,Yes,No,No,No,Yes,No,Already purchased elsewhere,Negative,NORMAL,0.79,2026-06-04,v1.0
FB001281,BYR000004,PRD000540,Yes,Yes,Yes,No,No,No,Too expensive for my budget,Neutral,NORMAL,0.91,2026-07-15,v1.0
FB001282,BYR000956,PRD000658,Yes,Yes,Yes,No,No,No,"Good match, saved to wishlist",Neutral,EDGE,0.62,2026-06-01,v1.0
FB001283,BYR000938,PRD000896,Yes,Yes,Yes,No,No,No,Too expensive for my budget,Neutral,NORMAL,0.62,2026-07-02,v1.0
FB001284,BYR000047,PRD001767,Yes,Yes,Yes,Yes,No,No,Clicked and purchased,Positive,NORMAL,0.77,2026-06-06,v1.0
FB001285,BYR000842,PRD000337,Yes,No,Yes,No,No,No,Irrelevant to my search,Neutral,NORMAL,0.71,2026-06-13,v1.0
FB001286,BYR000503,PRD001743,Yes,No,No,No,Yes,No,Duplicate of item I already own,Negative,COLD_START,0.59,2026-07-20,v1.0
FB001287,BYR000823,PRD001258,Yes,Yes,Yes,No,No,No,"Good match, saved to wishlist",Neutral,EDGE,0.84,2026-07-26,v1.0
FB001288,BYR000105,PRD001316,Yes,No,Yes,No,No,No,Not my style,Neutral,NORMAL,0.59,2026-05-09,v1.0
FB001289,BYR000244,PRD000955,Yes,No,Yes,No,No,No,Not my style,Neutral,NORMAL,0.92,2026-05-28,v1.0
FB001290,BYR000925,PRD002443,Yes,Yes,Yes,No,No,No,Relevant recommendation,Neutral,NORMAL,0.76,2026-07-30,v1.0
FB001291,BYR000193,PRD002899,Yes,No,No,No,Yes,No,Already purchased elsewhere,Negative,RARE,0.85,2026-08-05,v1.0
FB001292,BYR000594,PRD002725,Yes,Yes,Yes,No,No,No,"Good match, saved to wishlist",Neutral,NORMAL,0.74,2026-06-06,v1.0
FB001293,BYR000709,PRD002427,Yes,No,Yes,No,No,No,Not my style,Neutral,NEGATIVE,0.87,2026-07-10,v1.0
FB001294,BYR000073,PRD000721,Yes,No,Yes,No,No,No,Irrelevant to my search,Neutral,NORMAL,0.95,2026-07-09,v1.0
FB001295,BYR000623,PRD002455,Yes,Yes,Yes,No,No,No,Too expensive for my budget,Neutral,NORMAL,0.96,2026-07-31,v1.0
FB001296,BYR000571,PRD000733,Yes,No,No,No,Yes,No,Already purchased elsewhere,Negative,NORMAL,0.78,2026-06-27,v1.0
FB001297,BYR000965,PRD000656,Yes,No,No,No,Yes,No,Duplicate of item I already own,Negative,NORMAL,0.54,2026-05-11,v1.0
FB001298,BYR000810,PRD001633,Yes,No,No,No,Yes,No,Already purchased elsewhere,Negative,NEGATIVE,0.74,2026-06-01,v1.0
FB001299,BYR000928,PRD001270,Yes,No,No,No,Yes,No,Duplicate of item I already own,Negative,NORMAL,0.96,2026-06-08,v1.0
FB001300,BYR000833,PRD000958,Yes,No,Yes,No,No,No,Not my style,Neutral,NORMAL,0.97,2026-06-28,v1.0
FB001301,BYR000745,PRD001318,Yes,No,No,No,Yes,No,Already purchased elsewhere,Negative,RARE,0.95,2026-07-06,v1.0
FB001302,BYR000696,PRD001402,Yes,No,No,No,Yes,No,Not interested,Negative,NORMAL,0.85,2026-05-14,v1.0
FB001303,BYR000398,PRD002189,Yes,No,No,No,Yes,No,Not interested,Negative,NORMAL,0.98,2026-06-10,v1.0
FB001304,BYR000799,PRD002352,Yes,No,No,No,Yes,No,Duplicate of item I already own,Negative,NORMAL,0.57,2026-07-29,v1.0
FB001305,BYR000660,PRD000784,Yes,No,Yes,No,No,No,Price too high 😅,Neutral,BOUNDARY,0.65,2026-06-25,v1.0
FB001306,BYR000710,PRD002132,Yes,No,Yes,No,No,No,Price too high 😅,Neutral,NORMAL,0.94,2026-06-04,v1.0
FB001307,BYR000389,PRD001030,Yes,No,Yes,No,No,No,Not my style,Neutral,NORMAL,0.87,2026-05-30,v1.0
FB001308,BYR000580,PRD000386,Yes,No,No,No,Yes,No,Duplicate of item I already own,Negative,NORMAL,0.85,2026-06-03,v1.0
FB001309,BYR000807,PRD002692,Yes,Yes,Yes,Yes,No,No,Great match! ⭐⭐⭐⭐⭐,Positive,NORMAL,0.93,2026-05-15,v1.0
FB001310,BYR000092,PRD002441,Yes,No,No,No,Yes,No,Not interested,Negative,NORMAL,0.89,2026-06-10,v1.0
FB001311,BYR000952,PRD002201,Yes,Yes,Yes,No,No,No,"Good match, saved to wishlist",Neutral,NORMAL,1.0,2026-07-31,v1.0
FB001312,BYR000296,PRD001131,Yes,No,No,No,Yes,Yes,Already purchased elsewhere,Negative,NORMAL,0.95,2026-08-02,v1.0
FB001313,BYR000112,PRD002380,Yes,No,No,No,Yes,No,Duplicate of item I already own,Negative,NORMAL,0.8,2026-07-10,v1.0
FB001314,BYR000887,PRD001838,Yes,No,No,No,Yes,No,Not interested,Negative,COLD_START,0.76,2026-06-02,v1.0
FB001315,BYR000834,PRD002281,Yes,No,No,No,Yes,No,Duplicate of item I already own,Negative,NORMAL,0.65,2026-07-12,v1.0
FB001316,BYR000606,PRD002195,Yes,Yes,Yes,No,No,No,"Good match, saved to wishlist",Neutral,NORMAL,0.96,2026-07-31,v1.0
FB001317,BYR000230,PRD000404,Yes,Yes,Yes,No,No,No,Relevant recommendation,Neutral,NORMAL,0.58,2026-07-04,v1.0
FB001318,BYR000717,PRD001513,Yes,No,No,No,Yes,No,Already purchased elsewhere,Negative,NORMAL,0.93,2026-06-15,v1.0
FB001319,BYR000214,PRD001194,Yes,Yes,Yes,Yes,No,No,Clicked and purchased,Positive,EDGE,0.85,2026-05-24,v1.0
FB001320,BYR000590,PRD000493,Yes,No,No,No,Yes,No,Already purchased elsewhere,Negative,NORMAL,0.92,2026-06-21,v1.0
FB001321,BYR000360,PRD000448,Yes,No,No,No,Yes,No,Already purchased elsewhere,Negative,NORMAL,0.77,2026-06-01,v1.0
FB001322,BYR000391,PRD000864,Yes,No,No,No,Yes,No,Already purchased elsewhere,Negative,NORMAL,0.98,2026-06-23,v1.0
FB001323,BYR000986,PRD000352,Yes,Yes,Yes,No,No,No,"Good match, saved to wishlist",Neutral,EDGE,1.0,2026-06-28,v1.0
FB001324,BYR000332,PRD001346,Yes,Yes,Yes,Yes,No,No,"Perfect timing, needed this",Positive,NORMAL,0.75,2026-05-30,v1.0
FB001325,BYR000771,PRD001552,Yes,Yes,Yes,Yes,No,No,Great match! ⭐⭐⭐⭐⭐,Positive,NORMAL,0.96,2026-05-20,v1.0
FB001326,BYR000679,PRD000362,Yes,No,No,No,Yes,No,Already purchased elsewhere,Negative,BOUNDARY,0.96,2026-07-30,v1.0
FB001327,BYR000531,PRD002952,Yes,No,No,No,Yes,No,Not interested,Negative,NORMAL,0.84,2026-05-31,v1.0
FB001328,BYR000874,PRD001619,Yes,Yes,Yes,No,No,No,Too expensive for my budget,Neutral,NORMAL,0.63,2026-07-31,v1.0
FB001329,BYR000030,PRD000697,Yes,No,Yes,No,No,No,Price too high 😅,Neutral,NORMAL,0.57,2026-05-09,v1.0
FB001330,BYR000469,PRD001336,Yes,No,Yes,No,No,No,Irrelevant to my search,Neutral,NORMAL,0.7,2026-06-05,v1.0
FB001331,BYR000700,PRD002878,Yes,Yes,Yes,No,No,No,"Good match, saved to wishlist",Neutral,NORMAL,0.52,2026-06-19,v1.0
FB001332,BYR000225,PRD000155,Yes,No,No,No,Yes,No,Not interested,Negative,NORMAL,0.96,2026-07-28,v1.0
FB001333,BYR000777,PRD000232,Yes,Yes,Yes,No,No,No,Relevant recommendation,Neutral,NEGATIVE,0.94,2026-08-05,v1.0
FB001334,BYR000653,PRD001005,Yes,No,No,No,Yes,No,Duplicate of item I already own,Negative,NORMAL,0.63,2026-07-29,v1.0
FB001335,BYR000755,PRD002355,Yes,Yes,Yes,No,No,No,Too expensive for my budget,Neutral,EDGE,0.95,2026-06-23,v1.0
FB001336,BYR000558,PRD000416,Yes,Yes,Yes,Yes,No,No,Great match! ⭐⭐⭐⭐⭐,Positive,NORMAL,0.52,2026-05-20,v1.0
FB001337,BYR000259,PRD001536,Yes,No,Yes,No,No,No,Price too high 😅,Neutral,NORMAL,0.68,2026-06-26,v1.0
FB001338,BYR000734,PRD001305,Yes,No,No,No,Yes,No,Not interested,Negative,BOUNDARY,0.87,2026-07-26,v1.0
FB001339,BYR000616,PRD002992,Yes,Yes,Yes,No,No,No,Too expensive for my budget,Neutral,NORMAL,0.82,2026-05-30,v1.0
FB001340,BYR000373,PRD002527,Yes,Yes,Yes,No,No,No,Too expensive for my budget,Neutral,EDGE,0.91,2026-07-06,v1.0
FB001341,BYR000853,PRD002172,Yes,No,No,No,Yes,No,Already purchased elsewhere,Negative,NORMAL,0.93,2026-05-19,v1.0
FB001342,BYR000927,PRD002328,Yes,No,No,No,Yes,No,Already purchased elsewhere,Negative,BOUNDARY,0.74,2026-06-08,v1.0
FB001343,BYR000043,PRD002844,Yes,No,No,No,Yes,No,Already purchased elsewhere,Negative,NEGATIVE,0.59,2026-08-06,v1.0
FB001344,BYR000319,PRD000311,Yes,Yes,Yes,No,No,No,"Good match, saved to wishlist",Neutral,NORMAL,0.85,2026-05-25,v1.0
FB001345,BYR000035,PRD002747,Yes,No,No,No,Yes,No,Duplicate of item I already own,Negative,NORMAL,0.57,2026-06-23,v1.0
FB001346,BYR000009,PRD000641,Yes,No,No,No,Yes,No,Not interested,Negative,BOUNDARY,0.58,2026-07-09,v1.0
FB001347,BYR000730,PRD000492,Yes,No,No,No,Yes,No,Not interested,Negative,NORMAL,0.56,2026-05-24,v1.0
FB001348,BYR000404,PRD002410,Yes,No,Yes,No,No,No,Irrelevant to my search,Neutral,NORMAL,0.79,2026-07-15,v1.0
FB001349,BYR000071,PRD002187,Yes,No,No,No,Yes,No,Duplicate of item I already own,Negative,NORMAL,0.95,2026-07-04,v1.0
FB001350,BYR000903,PRD001613,Yes,Yes,Yes,No,No,No,"Good match, saved to wishlist",Neutral,NORMAL,0.88,2026-05-15,v1.0
FB001351,BYR000156,PRD002524,Yes,No,Yes,No,No,No,Price too high 😅,Neutral,NORMAL,0.88,2026-07-21,v1.0
FB001352,BYR000390,PRD000683,Yes,No,Yes,No,No,No,Not my style,Neutral,RARE,0.82,2026-06-28,v1.0
FB001353,BYR000976,PRD000485,Yes,Yes,Yes,No,No,No,Relevant recommendation,Neutral,NORMAL,0.99,2026-06-14,v1.0
FB001354,BYR000735,PRD002403,Yes,Yes,Yes,No,No,No,"Good match, saved to wishlist",Neutral,BOUNDARY,0.89,2026-06-11,v1.0
FB001355,BYR000127,PRD001172,Yes,Yes,Yes,No,No,No,"Good match, saved to wishlist",Neutral,NORMAL,0.61,2026-05-23,v1.0
FB001356,BYR000404,PRD000728,Yes,No,Yes,No,No,No,Irrelevant to my search,Neutral,NEGATIVE,0.67,2026-05-19,v1.0
FB001357,BYR000006,PRD001667,Yes,No,No,No,Yes,Yes,Already purchased elsewhere,Negative,NEGATIVE,0.65,2026-07-20,v1.0
FB001358,BYR000038,PRD002393,Yes,No,Yes,No,No,No,Irrelevant to my search,Neutral,NORMAL,0.71,2026-07-19,v1.0
FB001359,BYR000111,PRD000243,Yes,No,No,No,Yes,Yes,Not interested,Negative,NORMAL,0.96,2026-06-29,v1.0
FB001360,BYR000794,PRD002585,Yes,No,No,No,Yes,No,Already purchased elsewhere,Negative,NORMAL,0.94,2026-05-23,v1.0
FB001361,BYR000111,PRD002125,Yes,No,No,No,Yes,No,Not interested,Negative,NORMAL,0.52,2026-05-15,v1.0
FB001362,BYR000949,PRD002981,Yes,No,Yes,No,No,No,Irrelevant to my search,Neutral,BOUNDARY,0.6,2026-06-11,v1.0
FB001363,BYR000052,PRD000137,Yes,No,No,No,Yes,No,Not interested,Negative,NORMAL,0.56,2026-05-11,v1.0
FB001364,BYR000282,PRD000463,Yes,No,Yes,No,No,No,Price too high 😅,Neutral,NORMAL,0.57,2026-05-29,v1.0
FB001365,BYR000016,PRD000859,Yes,Yes,Yes,No,No,No,Relevant recommendation,Neutral,NORMAL,0.52,2026-05-09,v1.0
FB001366,BYR000159,PRD000533,Yes,No,No,No,Yes,No,Already purchased elsewhere,Negative,NORMAL,0.61,2026-07-07,v1.0
FB001367,BYR000390,PRD000848,Yes,No,No,No,Yes,No,Not interested,Negative,NORMAL,0.7,2026-07-09,v1.0
FB001368,BYR000719,PRD001472,Yes,No,Yes,No,No,No,Not my style,Neutral,NORMAL,0.79,2026-06-05,v1.0
FB001369,BYR000595,PRD000080,Yes,No,No,No,Yes,No,Already purchased elsewhere,Negative,NORMAL,0.82,2026-06-18,v1.0
FB001370,BYR000156,PRD000262,Yes,Yes,Yes,No,No,No,Too expensive for my budget,Neutral,NORMAL,0.6,2026-06-22,v1.0
FB001371,BYR000301,PRD002510,Yes,No,No,No,Yes,No,Not interested,Negative,RARE,0.74,2026-07-27,v1.0
FB001372,BYR000619,PRD001860,Yes,Yes,Yes,No,No,No,Too expensive for my budget,Neutral,NORMAL,0.94,2026-07-26,v1.0
FB001373,BYR000513,PRD002546,Yes,Yes,Yes,Yes,No,No,"Perfect timing, needed this",Positive,NORMAL,0.58,2026-07-13,v1.0
FB001374,BYR000146,PRD000342,Yes,No,No,No,Yes,No,Already purchased elsewhere,Negative,NORMAL,0.54,2026-05-28,v1.0
FB001375,BYR000670,PRD001966,Yes,No,No,No,Yes,No,Duplicate of item I already own,Negative,RARE,0.81,2026-06-04,v1.0
FB001376,BYR000302,PRD001864,Yes,No,Yes,No,No,No,Price too high 😅,Neutral,NORMAL,0.53,2026-06-24,v1.0
FB001377,BYR000036,PRD002530,Yes,No,Yes,No,No,No,Irrelevant to my search,Neutral,NORMAL,0.58,2026-05-13,v1.0
FB001378,BYR000580,PRD000986,Yes,No,No,No,Yes,No,Already purchased elsewhere,Negative,NEGATIVE,0.6,2026-05-08,v1.0
FB001379,BYR000109,PRD002513,Yes,Yes,Yes,No,No,No,Too expensive for my budget,Neutral,NORMAL,0.73,2026-07-13,v1.0
FB001380,BYR000560,PRD001239,Yes,Yes,Yes,No,No,No,"Good match, saved to wishlist",Neutral,NORMAL,0.71,2026-06-09,v1.0
FB001381,BYR000682,PRD002705,Yes,No,No,No,Yes,Yes,Not interested,Negative,NORMAL,0.66,2026-05-09,v1.0
FB001382,BYR000854,PRD000764,Yes,Yes,Yes,Yes,No,No,Great match! ⭐⭐⭐⭐⭐,Positive,NORMAL,0.6,2026-06-18,v1.0
FB001383,BYR000539,PRD002299,Yes,No,No,No,Yes,No,Not interested,Negative,NORMAL,0.59,2026-05-30,v1.0
FB001384,BYR000052,PRD000137,Yes,Yes,Yes,No,No,No,Relevant recommendation,Neutral,NORMAL,0.88,2026-07-08,v1.0
FB001385,BYR000505,PRD002500,Yes,No,No,No,Yes,No,Not interested,Negative,BOUNDARY,0.77,2026-06-24,v1.0
FB001386,BYR000216,PRD001849,Yes,No,Yes,No,No,No,Irrelevant to my search,Neutral,NORMAL,0.7,2026-06-05,v1.0
FB001387,BYR000855,PRD001616,Yes,Yes,Yes,Yes,No,No,Clicked and purchased,Positive,NORMAL,0.93,2026-06-01,v1.0
FB001388,BYR000860,PRD000804,Yes,No,No,No,Yes,No,Not interested,Negative,NORMAL,0.5,2026-05-12,v1.0
FB001389,BYR000141,PRD000001,Yes,No,Yes,No,No,No,Price too high 😅,Neutral,NORMAL,0.79,2026-06-06,v1.0
FB001390,BYR000248,PRD002150,Yes,No,Yes,No,No,No,Price too high 😅,Neutral,NORMAL,0.82,2026-07-15,v1.0
FB001391,BYR000498,PRD001428,Yes,No,No,No,Yes,No,Already purchased elsewhere,Negative,NORMAL,0.86,2026-05-23,v1.0
FB001392,BYR000448,PRD001244,Yes,Yes,Yes,Yes,No,No,"Perfect timing, needed this",Positive,NORMAL,0.85,2026-07-27,v1.0
FB001393,BYR000576,PRD000502,Yes,No,No,No,Yes,No,Duplicate of item I already own,Negative,NORMAL,0.64,2026-05-19,v1.0
FB001394,BYR000106,PRD000014,Yes,No,No,No,Yes,No,Already purchased elsewhere,Negative,NEGATIVE,0.93,2026-07-31,v1.0
FB001395,BYR000822,PRD002185,Yes,No,Yes,No,No,No,Not my style,Neutral,NORMAL,0.97,2026-06-24,v1.0
FB001396,BYR000791,PRD001440,Yes,Yes,Yes,Yes,No,No,Clicked and purchased,Positive,NORMAL,0.99,2026-05-28,v1.0
FB001397,BYR000625,PRD000833,Yes,No,No,No,Yes,No,Not interested,Negative,NORMAL,0.91,2026-07-10,v1.0
FB001398,BYR000641,PRD000324,Yes,No,Yes,No,No,No,Price too high 😅,Neutral,NORMAL,0.71,2026-05-23,v1.0
FB001399,BYR000435,PRD001636,Yes,No,No,No,Yes,No,Not interested,Negative,NORMAL,0.61,2026-06-22,v1.0
FB001400,BYR000595,PRD002585,Yes,No,No,No,Yes,No,Not interested,Negative,NORMAL,0.75,2026-06-26,v1.0
FB001401,BYR000262,PRD002222,Yes,No,Yes,No,No,No,Price too high 😅,Neutral,EDGE,0.67,2026-05-19,v1.0
FB001402,BYR000928,PRD000893,Yes,Yes,Yes,No,No,No,Relevant recommendation,Neutral,NORMAL,0.66,2026-07-22,v1.0
FB001403,BYR000953,PRD001624,Yes,Yes,Yes,Yes,No,No,Great match! ⭐⭐⭐⭐⭐,Positive,EDGE,0.65,2026-08-06,v1.0
FB001404,BYR000207,PRD002538,Yes,No,Yes,No,No,No,Not my style,Neutral,NORMAL,0.65,2026-06-19,v1.0
FB001405,BYR000528,PRD001062,Yes,No,No,No,Yes,Yes,Not interested,Negative,BOUNDARY,0.9,2026-05-24,v1.0
FB001406,BYR000998,PRD001424,Yes,No,No,No,Yes,No,Not interested,Negative,NORMAL,0.84,2026-06-29,v1.0
FB001407,BYR000793,PRD002354,Yes,No,Yes,No,No,No,Irrelevant to my search,Neutral,NORMAL,0.63,2026-07-09,v1.0
FB001408,BYR000904,PRD000718,Yes,No,Yes,No,No,No,Irrelevant to my search,Neutral,NORMAL,0.93,2026-08-04,v1.0
FB001409,BYR000222,PRD002893,Yes,No,No,No,Yes,Yes,Duplicate of item I already own,Negative,NORMAL,0.83,2026-06-05,v1.0
FB001410,BYR000248,PRD002414,Yes,No,Yes,No,No,No,Not my style,Neutral,NORMAL,0.82,2026-05-22,v1.0
FB001411,BYR000879,PRD001437,Yes,No,No,No,Yes,No,Duplicate of item I already own,Negative,NORMAL,0.73,2026-06-05,v1.0
FB001412,BYR000174,PRD000822,Yes,No,Yes,No,No,No,Irrelevant to my search,Neutral,NORMAL,0.79,2026-07-01,v1.0
FB001413,BYR000700,PRD000649,Yes,No,No,No,Yes,No,Already purchased elsewhere,Negative,NORMAL,0.84,2026-07-25,v1.0
FB001414,BYR000837,PRD000056,Yes,No,No,No,Yes,Yes,Duplicate of item I already own,Negative,NORMAL,0.58,2026-07-23,v1.0
FB001415,BYR000765,PRD001715,Yes,No,Yes,No,No,No,Not my style,Neutral,EDGE,0.52,2026-07-03,v1.0
FB001416,BYR000105,PRD000759,Yes,No,Yes,No,No,No,Price too high 😅,Neutral,NORMAL,0.92,2026-07-17,v1.0
FB001417,BYR000581,PRD002499,Yes,No,No,No,Yes,No,Not interested,Negative,NORMAL,0.65,2026-05-16,v1.0
FB001418,BYR000600,PRD001665,Yes,Yes,Yes,Yes,No,No,Clicked and purchased,Positive,NORMAL,0.98,2026-06-15,v1.0
FB001419,BYR000040,PRD000342,Yes,No,No,No,Yes,No,Not interested,Negative,NORMAL,0.86,2026-05-18,v1.0
FB001420,BYR000002,PRD000164,Yes,Yes,Yes,No,No,No,Relevant recommendation,Neutral,NORMAL,0.89,2026-07-29,v1.0
FB001421,BYR000355,PRD002311,Yes,No,No,No,Yes,No,Already purchased elsewhere,Negative,NORMAL,0.68,2026-06-10,v1.0
FB001422,BYR000887,PRD002603,Yes,No,No,No,Yes,No,Duplicate of item I already own,Negative,NORMAL,0.52,2026-05-28,v1.0
FB001423,BYR000327,PRD000197,Yes,No,Yes,No,No,No,Price too high 😅,Neutral,NORMAL,0.7,2026-07-27,v1.0
FB001424,BYR000503,PRD002401,Yes,No,No,No,Yes,No,Already purchased elsewhere,Negative,EDGE,0.85,2026-07-09,v1.0
FB001425,BYR000163,PRD000791,Yes,No,No,No,Yes,No,Duplicate of item I already own,Negative,BOUNDARY,0.91,2026-06-12,v1.0
FB001426,BYR000544,PRD000556,Yes,No,Yes,No,No,No,Not my style,Neutral,COLD_START,0.61,2026-07-12,v1.0
FB001427,BYR000962,PRD001708,Yes,No,No,No,Yes,No,Not interested,Negative,NORMAL,0.82,2026-06-13,v1.0
FB001428,BYR000380,PRD002674,Yes,No,Yes,No,No,No,Price too high 😅,Neutral,NORMAL,0.8,2026-07-04,v1.0
FB001429,BYR000226,PRD000319,Yes,No,Yes,No,No,No,Price too high 😅,Neutral,NORMAL,0.71,2026-05-10,v1.0
FB001430,BYR000813,PRD001137,Yes,No,No,No,Yes,No,Duplicate of item I already own,Negative,NORMAL,0.83,2026-07-16,v1.0
FB001431,BYR000549,PRD002591,Yes,No,Yes,No,No,No,Not my style,Neutral,COLD_START,0.94,2026-07-27,v1.0
FB001432,BYR000590,PRD002625,Yes,No,Yes,No,No,No,Price too high 😅,Neutral,COLD_START,0.91,2026-07-18,v1.0
FB001433,BYR000518,PRD002440,Yes,No,No,No,Yes,No,Already purchased elsewhere,Negative,NORMAL,0.63,2026-07-16,v1.0
FB001434,BYR000053,PRD000389,Yes,No,No,No,Yes,No,Not interested,Negative,NORMAL,0.85,2026-06-07,v1.0
FB001435,BYR000967,PRD000683,Yes,No,No,No,Yes,No,Already purchased elsewhere,Negative,NORMAL,0.8,2026-05-24,v1.0
FB001436,BYR000174,PRD002565,Yes,Yes,Yes,No,No,No,Relevant recommendation,Neutral,NORMAL,0.79,2026-07-09,v1.0
FB001437,BYR000973,PRD002654,Yes,No,Yes,No,No,No,Price too high 😅,Neutral,NORMAL,0.96,2026-07-21,v1.0
FB001438,BYR000942,PRD002122,Yes,No,Yes,No,No,No,Irrelevant to my search,Neutral,NEGATIVE,0.9,2026-07-16,v1.0
FB001439,BYR000865,PRD002904,Yes,No,No,No,Yes,No,Already purchased elsewhere,Negative,NORMAL,0.58,2026-07-21,v1.0
FB001440,BYR000748,PRD000836,Yes,No,Yes,No,No,No,Irrelevant to my search,Neutral,NORMAL,0.75,2026-05-27,v1.0
FB001441,BYR000955,PRD002985,Yes,No,Yes,No,No,No,Not my style,Neutral,NORMAL,0.68,2026-06-28,v1.0
FB001442,BYR000868,PRD001408,Yes,Yes,Yes,No,No,No,Too expensive for my budget,Neutral,NORMAL,0.7,2026-07-08,v1.0
FB001443,BYR000038,PRD001153,Yes,No,No,No,Yes,Yes,Already purchased elsewhere,Negative,NORMAL,0.89,2026-05-14,v1.0
FB001444,BYR000084,PRD000037,Yes,Yes,Yes,No,No,No,Relevant recommendation,Neutral,NORMAL,0.5,2026-06-10,v1.0
FB001445,BYR000999,PRD002603,Yes,No,Yes,No,No,No,Price too high 😅,Neutral,NORMAL,0.95,2026-06-28,v1.0
FB001446,BYR000072,PRD002840,Yes,No,Yes,No,No,No,Not my style,Neutral,COLD_START,0.59,2026-08-05,v1.0
FB001447,BYR000944,PRD000915,Yes,Yes,Yes,No,No,No,Relevant recommendation,Neutral,NORMAL,0.87,2026-05-14,v1.0
FB001448,BYR000965,PRD000308,Yes,No,No,No,Yes,Yes,Duplicate of item I already own,Negative,NORMAL,0.95,2026-06-27,v1.0
FB001449,BYR000344,PRD001362,Yes,No,No,No,Yes,No,Already purchased elsewhere,Negative,NORMAL,0.88,2026-05-08,v1.0
FB001450,BYR000884,PRD001678,Yes,Yes,Yes,Yes,No,No,Clicked and purchased,Positive,COLD_START,0.52,2026-07-29,v1.0
FB001451,BYR000251,PRD002109,Yes,No,Yes,No,No,No,Irrelevant to my search,Neutral,NORMAL,1.0,2026-07-29,v1.0
FB001452,BYR000303,PRD001402,Yes,No,No,No,Yes,No,Duplicate of item I already own,Negative,NORMAL,0.58,2026-06-06,v1.0
FB001453,BYR000441,PRD002458,Yes,Yes,Yes,No,No,No,"Good match, saved to wishlist",Neutral,EDGE,0.95,2026-06-16,v1.0
FB001454,BYR000866,PRD001270,Yes,No,No,No,Yes,No,Not interested,Negative,NORMAL,0.62,2026-05-17,v1.0
FB001455,BYR000136,PRD001991,Yes,Yes,Yes,Yes,No,No,Great match! ⭐⭐⭐⭐⭐,Positive,NORMAL,0.56,2026-07-13,v1.0
FB001456,BYR000291,PRD001091,Yes,No,No,No,Yes,No,Already purchased elsewhere,Negative,NORMAL,0.77,2026-07-10,v1.0
FB001457,BYR000382,PRD001107,Yes,Yes,Yes,No,No,No,Relevant recommendation,Neutral,NORMAL,0.73,2026-05-19,v1.0
FB001458,BYR000185,PRD000673,Yes,No,No,No,Yes,No,Not interested,Negative,NORMAL,0.89,2026-06-16,v1.0
FB001459,BYR000612,PRD002016,Yes,No,No,No,Yes,No,Duplicate of item I already own,Negative,BOUNDARY,0.86,2026-05-19,v1.0
FB001460,BYR000978,PRD002559,Yes,No,No,No,Yes,No,Duplicate of item I already own,Negative,NORMAL,0.7,2026-06-18,v1.0
FB001461,BYR000259,PRD001965,Yes,No,No,No,Yes,No,Already purchased elsewhere,Negative,NORMAL,0.51,2026-06-03,v1.0
FB001462,BYR000248,PRD001362,Yes,No,No,No,Yes,No,Not interested,Negative,NORMAL,0.74,2026-06-13,v1.0
FB001463,BYR000746,PRD002477,Yes,No,No,No,Yes,No,Not interested,Negative,NORMAL,0.88,2026-05-31,v1.0
FB001464,BYR000477,PRD000351,Yes,No,No,No,Yes,No,Not interested,Negative,NORMAL,0.84,2026-07-13,v1.0
FB001465,BYR000796,PRD001219,Yes,Yes,Yes,No,No,No,"Good match, saved to wishlist",Neutral,NORMAL,0.64,2026-07-11,v1.0
FB001466,BYR000747,PRD002121,Yes,No,Yes,No,No,No,Irrelevant to my search,Neutral,NORMAL,0.84,2026-07-20,v1.0
FB001467,BYR000936,PRD000715,Yes,No,Yes,No,No,No,Price too high 😅,Neutral,NORMAL,0.61,2026-05-13,v1.0
FB001468,BYR000192,PRD001465,Yes,Yes,Yes,Yes,No,No,Great match! ⭐⭐⭐⭐⭐,Positive,NORMAL,0.84,2026-07-16,v1.0
FB001469,BYR000729,PRD000203,Yes,No,No,No,Yes,No,Already purchased elsewhere,Negative,EDGE,0.72,2026-07-11,v1.0
FB001470,BYR000349,PRD000401,Yes,No,Yes,No,No,No,Not my style,Neutral,NORMAL,0.98,2026-05-29,v1.0
FB001471,BYR000130,PRD000468,Yes,No,Yes,No,No,No,Not my style,Neutral,NORMAL,0.7,2026-06-01,v1.0
FB001472,BYR000951,PRD002799,Yes,No,Yes,No,No,No,Not my style,Neutral,NORMAL,0.56,2026-05-26,v1.0
FB001473,BYR000160,PRD000810,Yes,No,Yes,No,No,No,Not my style,Neutral,NORMAL,0.68,2026-05-27,v1.0
FB001474,BYR000943,PRD000718,Yes,No,No,No,Yes,No,Already purchased elsewhere,Negative,NORMAL,0.85,2026-06-10,v1.0
FB001475,BYR000272,PRD002173,Yes,No,Yes,No,No,No,Irrelevant to my search,Neutral,NORMAL,0.81,2026-06-27,v1.0
FB001476,BYR000404,PRD002201,Yes,Yes,Yes,No,No,No,"Good match, saved to wishlist",Neutral,EDGE,0.6,2026-05-23,v1.0
FB001477,BYR000357,PRD000368,Yes,No,Yes,No,No,No,Not my style,Neutral,NORMAL,0.96,2026-05-31,v1.0
FB001478,BYR000962,PRD002985,Yes,No,No,No,Yes,No,Not interested,Negative,NORMAL,0.89,2026-06-02,v1.0
FB001479,BYR000916,PRD000586,Yes,Yes,Yes,Yes,No,No,Clicked and purchased,Positive,NORMAL,0.91,2026-06-17,v1.0
FB001480,BYR000382,PRD001107,Yes,Yes,Yes,Yes,No,No,"Perfect timing, needed this",Positive,NORMAL,0.74,2026-07-03,v1.0
FB001481,BYR000998,PRD000796,Yes,No,No,No,Yes,No,Already purchased elsewhere,Negative,NORMAL,0.92,2026-07-18,v1.0
FB001482,BYR000449,PRD001251,Yes,No,No,No,Yes,No,Not interested,Negative,RARE,0.51,2026-07-14,v1.0
FB001483,BYR000656,PRD001971,Yes,No,No,No,Yes,No,Duplicate of item I already own,Negative,NORMAL,0.58,2026-05-21,v1.0
FB001484,BYR000503,PRD002799,Yes,No,Yes,No,No,No,Price too high 😅,Neutral,NORMAL,0.79,2026-07-23,v1.0
FB001485,BYR000648,PRD000439,Yes,No,No,No,Yes,No,Not interested,Negative,NORMAL,0.97,2026-05-21,v1.0
FB001486,BYR000251,PRD000763,Yes,No,No,No,Yes,No,Not interested,Negative,NEGATIVE,0.69,2026-06-03,v1.0
FB001487,BYR000499,PRD001268,Yes,No,Yes,No,No,No,Price too high 😅,Neutral,NORMAL,0.83,2026-06-30,v1.0
FB001488,BYR000624,PRD001972,Yes,Yes,Yes,No,No,No,Too expensive for my budget,Neutral,NORMAL,0.97,2026-07-22,v1.0
FB001489,BYR000353,PRD000807,Yes,Yes,Yes,No,No,No,Relevant recommendation,Neutral,NORMAL,0.77,2026-05-31,v1.0
FB001490,BYR000577,PRD002052,Yes,Yes,Yes,Yes,No,No,Great match! ⭐⭐⭐⭐⭐,Positive,NORMAL,0.82,2026-06-11,v1.0
FB001491,BYR000516,PRD001567,Yes,No,Yes,No,No,No,Price too high 😅,Neutral,NORMAL,0.81,2026-06-21,v1.0
FB001492,BYR000706,PRD002923,Yes,Yes,Yes,No,No,No,"Good match, saved to wishlist",Neutral,NORMAL,0.66,2026-06-01,v1.0
FB001493,BYR000300,PRD001815,Yes,No,No,No,Yes,No,Already purchased elsewhere,Negative,NORMAL,0.5,2026-06-20,v1.0
FB001494,BYR000752,PRD000323,Yes,Yes,Yes,Yes,No,No,Clicked and purchased,Positive,NORMAL,0.54,2026-07-19,v1.0
FB001495,BYR000510,PRD002607,Yes,No,Yes,No,No,No,Price too high 😅,Neutral,EDGE,0.83,2026-08-03,v1.0
FB001496,BYR000815,PRD000795,Yes,Yes,Yes,Yes,No,No,Great match! ⭐⭐⭐⭐⭐,Positive,NORMAL,0.63,2026-05-22,v1.0
FB001497,BYR000341,PRD001549,Yes,No,No,No,Yes,No,Already purchased elsewhere,Negative,NORMAL,0.51,2026-07-06,v1.0
FB001498,BYR000405,PRD002518,Yes,No,No,No,Yes,Yes,Duplicate of item I already own,Negative,NORMAL,0.92,2026-05-12,v1.0
FB001499,BYR000978,PRD001792,Yes,No,Yes,No,No,No,Price too high 😅,Neutral,NORMAL,0.6,2026-06-12,v1.0
FB001500,BYR000256,PRD001347,Yes,No,No,No,Yes,No,Not interested,Negative,NORMAL,0.9,2026-05-22,v1.0
FB001501,BYR000781,PRD002183,Yes,No,No,No,Yes,No,Duplicate of item I already own,Negative,NORMAL,0.95,2026-07-10,v1.0
FB001502,BYR000472,PRD001682,Yes,No,No,No,Yes,No,Not interested,Negative,NEGATIVE,0.66,2026-05-29,v1.0
FB001503,BYR000796,PRD001848,Yes,No,No,No,Yes,No,Duplicate of item I already own,Negative,EDGE,0.7,2026-05-26,v1.0
FB001504,BYR000936,PRD000512,Yes,Yes,Yes,No,No,No,Too expensive for my budget,Neutral,NORMAL,0.93,2026-07-21,v1.0
FB001505,BYR000457,PRD001860,Yes,No,No,No,Yes,No,Not interested,Negative,NORMAL,0.72,2026-06-19,v1.0
FB001506,BYR000309,PRD000366,Yes,No,No,No,Yes,No,Already purchased elsewhere,Negative,RARE,0.54,2026-05-18,v1.0
FB001507,BYR000880,PRD001708,Yes,Yes,Yes,No,No,No,Too expensive for my budget,Neutral,NORMAL,0.61,2026-06-05,v1.0
FB001508,BYR000280,PRD002114,Yes,Yes,Yes,No,No,No,Relevant recommendation,Neutral,NORMAL,0.58,2026-06-28,v1.0
FB001509,BYR000903,PRD002782,Yes,No,No,No,Yes,Yes,Duplicate of item I already own,Negative,NORMAL,0.67,2026-06-06,v1.0
FB001510,BYR000129,PRD000901,Yes,No,No,No,Yes,No,Already purchased elsewhere,Negative,NORMAL,0.72,2026-08-01,v1.0
FB001511,BYR000918,PRD000317,Yes,Yes,Yes,Yes,No,No,Great match! ⭐⭐⭐⭐⭐,Positive,NORMAL,0.54,2026-05-16,v1.0
FB001512,BYR000305,PRD002310,Yes,No,No,No,Yes,No,Not interested,Negative,NORMAL,0.99,2026-07-06,v1.0
FB001513,BYR000750,PRD000035,Yes,No,Yes,No,No,No,Not my style,Neutral,NEGATIVE,0.94,2026-07-06,v1.0
FB001514,BYR000070,PRD002882,Yes,Yes,Yes,No,No,No,Too expensive for my budget,Neutral,NORMAL,0.95,2026-07-04,v1.0
FB001515,BYR000622,PRD000441,Yes,No,No,No,Yes,No,Not interested,Negative,BOUNDARY,0.98,2026-07-16,v1.0
FB001516,BYR000116,PRD001786,Yes,No,Yes,No,No,No,Not my style,Neutral,NORMAL,0.76,2026-06-08,v1.0
FB001517,BYR000323,PRD001076,Yes,No,Yes,No,No,No,Price too high 😅,Neutral,NORMAL,0.92,2026-07-19,v1.0
FB001518,BYR000023,PRD002467,Yes,Yes,Yes,No,No,No,Relevant recommendation,Neutral,NORMAL,0.68,2026-05-25,v1.0
FB001519,BYR000858,PRD000449,Yes,No,No,No,Yes,No,Duplicate of item I already own,Negative,NORMAL,0.9,2026-05-18,v1.0
FB001520,BYR000966,PRD001844,Yes,No,No,No,Yes,No,Duplicate of item I already own,Negative,NORMAL,0.96,2026-07-03,v1.0
FB001521,BYR000284,PRD001180,Yes,Yes,Yes,No,No,No,Too expensive for my budget,Neutral,NORMAL,0.69,2026-07-17,v1.0
FB001522,BYR000331,PRD002509,Yes,No,Yes,No,No,No,Price too high 😅,Neutral,NORMAL,0.79,2026-05-20,v1.0
FB001523,BYR000576,PRD000729,Yes,No,No,No,Yes,No,Duplicate of item I already own,Negative,NORMAL,0.63,2026-06-05,v1.0
FB001524,BYR000417,PRD001420,Yes,No,Yes,No,No,No,Not my style,Neutral,NORMAL,0.63,2026-05-13,v1.0
FB001525,BYR000133,PRD001913,Yes,Yes,Yes,No,No,No,Relevant recommendation,Neutral,NORMAL,0.77,2026-08-06,v1.0
FB001526,BYR000641,PRD000123,Yes,No,No,No,Yes,No,Duplicate of item I already own,Negative,NORMAL,0.52,2026-06-04,v1.0
FB001527,BYR000419,PRD001707,Yes,Yes,Yes,No,No,No,Relevant recommendation,Neutral,NORMAL,0.56,2026-06-14,v1.0
FB001528,BYR000078,PRD000079,Yes,Yes,Yes,Yes,No,No,Great match! ⭐⭐⭐⭐⭐,Positive,NORMAL,0.86,2026-07-24,v1.0
FB001529,BYR000080,PRD001285,Yes,No,No,No,Yes,No,Already purchased elsewhere,Negative,RARE,0.65,2026-06-15,v1.0
FB001530,BYR000736,PRD002002,Yes,No,Yes,No,No,No,Irrelevant to my search,Neutral,NORMAL,0.92,2026-08-02,v1.0
FB001531,BYR000111,PRD002031,Yes,No,No,No,Yes,No,Already purchased elsewhere,Negative,NORMAL,0.55,2026-06-28,v1.0
FB001532,BYR000685,PRD001572,Yes,No,No,No,Yes,No,Duplicate of item I already own,Negative,NORMAL,0.58,2026-08-06,v1.0
FB001533,BYR000902,PRD002016,Yes,No,Yes,No,No,No,Price too high 😅,Neutral,COLD_START,0.64,2026-07-30,v1.0
FB001534,BYR000627,PRD001218,Yes,No,No,No,Yes,No,Not interested,Negative,NORMAL,0.95,2026-07-03,v1.0
FB001535,BYR000833,PRD000075,Yes,No,No,No,Yes,No,Duplicate of item I already own,Negative,NORMAL,0.78,2026-05-13,v1.0
FB001536,BYR000161,PRD001781,Yes,No,No,No,Yes,No,Duplicate of item I already own,Negative,NORMAL,0.92,2026-07-07,v1.0
FB001537,BYR000887,PRD000253,Yes,No,No,No,Yes,No,Duplicate of item I already own,Negative,NORMAL,0.86,2026-07-17,v1.0
FB001538,BYR000759,PRD001467,Yes,Yes,Yes,No,No,No,Relevant recommendation,Neutral,NORMAL,0.96,2026-06-12,v1.0
FB001539,BYR000151,PRD002534,Yes,No,Yes,No,No,No,Not my style,Neutral,NEGATIVE,0.65,2026-05-17,v1.0
FB001540,BYR000197,PRD002418,Yes,No,Yes,No,No,No,Not my style,Neutral,NEGATIVE,0.98,2026-06-14,v1.0
FB001541,BYR000722,PRD001789,Yes,No,Yes,No,No,No,Irrelevant to my search,Neutral,NORMAL,0.62,2026-05-22,v1.0
FB001542,BYR000363,PRD002304,Yes,Yes,Yes,No,No,No,Too expensive for my budget,Neutral,NORMAL,0.72,2026-06-07,v1.0
FB001543,BYR000408,PRD000377,Yes,No,No,No,Yes,No,Not interested,Negative,NORMAL,0.89,2026-08-02,v1.0
FB001544,BYR000385,PRD000752,Yes,No,No,No,Yes,No,Already purchased elsewhere,Negative,NEGATIVE,0.73,2026-07-07,v1.0
FB001545,BYR000827,PRD000468,Yes,Yes,Yes,Yes,No,No,Clicked and purchased,Positive,BOUNDARY,0.98,2026-05-20,v1.0
FB001546,BYR000160,PRD000731,Yes,No,No,No,Yes,No,Not interested,Negative,BOUNDARY,0.97,2026-05-14,v1.0
FB001547,BYR000452,PRD000335,Yes,Yes,Yes,Yes,No,No,"Perfect timing, needed this",Positive,NORMAL,0.97,2026-07-07,v1.0
FB001548,BYR000893,PRD001233,Yes,No,No,No,Yes,No,Already purchased elsewhere,Negative,NORMAL,0.77,2026-06-27,v1.0
FB001549,BYR000377,PRD000124,Yes,Yes,Yes,No,No,No,"Good match, saved to wishlist",Neutral,NORMAL,0.77,2026-07-26,v1.0
FB001550,BYR000168,PRD001463,Yes,Yes,Yes,No,No,No,Relevant recommendation,Neutral,NORMAL,0.65,2026-05-15,v1.0
FB001551,BYR000532,PRD001712,Yes,Yes,Yes,No,No,No,Relevant recommendation,Neutral,NORMAL,0.55,2026-07-09,v1.0
FB001552,BYR000063,PRD000512,Yes,No,No,No,Yes,No,Not interested,Negative,NORMAL,0.65,2026-07-04,v1.0
FB001553,BYR000762,PRD001450,Yes,No,No,No,Yes,Yes,Not interested,Negative,EDGE,0.86,2026-08-04,v1.0
FB001554,BYR000100,PRD000025,Yes,Yes,Yes,Yes,No,No,Clicked and purchased,Positive,COLD_START,0.8,2026-06-10,v1.0
FB001555,BYR000640,PRD000963,Yes,No,Yes,No,No,No,Price too high 😅,Neutral,NORMAL,0.68,2026-07-18,v1.0
FB001556,BYR000769,PRD000594,Yes,No,No,No,Yes,No,Duplicate of item I already own,Negative,BOUNDARY,0.58,2026-07-14,v1.0
FB001557,BYR000727,PRD001754,Yes,No,No,No,Yes,No,Not interested,Negative,NORMAL,0.78,2026-08-02,v1.0
FB001558,BYR000156,PRD001617,Yes,No,Yes,No,No,No,Price too high 😅,Neutral,NORMAL,0.64,2026-05-10,v1.0
FB001559,BYR000569,PRD001626,Yes,No,No,No,Yes,No,Already purchased elsewhere,Negative,BOUNDARY,0.97,2026-08-04,v1.0
FB001560,BYR000964,PRD001062,Yes,No,No,No,Yes,No,Not interested,Negative,NORMAL,0.7,2026-06-14,v1.0
FB001561,BYR000398,PRD001829,Yes,No,No,No,Yes,No,Not interested,Negative,NORMAL,0.73,2026-06-15,v1.0
FB001562,BYR000754,PRD000414,Yes,No,No,No,Yes,No,Already purchased elsewhere,Negative,NORMAL,0.55,2026-06-06,v1.0
FB001563,BYR000655,PRD001639,Yes,Yes,Yes,Yes,No,No,Clicked and purchased,Positive,EDGE,0.76,2026-07-15,v1.0
FB001564,BYR000977,PRD002368,Yes,No,Yes,No,No,No,Price too high 😅,Neutral,NORMAL,0.99,2026-06-30,v1.0
FB001565,BYR000082,PRD000215,Yes,Yes,Yes,No,No,No,Relevant recommendation,Neutral,NORMAL,0.7,2026-05-14,v1.0
FB001566,BYR000398,PRD000339,Yes,No,Yes,No,No,No,Irrelevant to my search,Neutral,EDGE,0.64,2026-07-04,v1.0
FB001567,BYR000583,PRD000962,Yes,Yes,Yes,No,No,No,Too expensive for my budget,Neutral,NORMAL,0.94,2026-05-19,v1.0
FB001568,BYR000111,PRD001170,Yes,Yes,Yes,No,No,No,Relevant recommendation,Neutral,NEGATIVE,0.76,2026-07-12,v1.0
FB001569,BYR000572,PRD001696,Yes,No,No,No,Yes,No,Not interested,Negative,EDGE,0.98,2026-07-29,v1.0
FB001570,BYR000110,PRD001005,Yes,Yes,Yes,No,No,No,"Good match, saved to wishlist",Neutral,NORMAL,0.56,2026-06-02,v1.0
FB001571,BYR000826,PRD000501,Yes,No,No,No,Yes,No,Not interested,Negative,NEGATIVE,0.74,2026-06-09,v1.0
FB001572,BYR000127,PRD002905,Yes,No,No,No,Yes,Yes,Not interested,Negative,NORMAL,0.62,2026-07-26,v1.0
FB001573,BYR000746,PRD001515,Yes,No,No,No,Yes,No,Already purchased elsewhere,Negative,NORMAL,0.8,2026-07-29,v1.0
FB001574,BYR000288,PRD001454,Yes,No,No,No,Yes,No,Duplicate of item I already own,Negative,NORMAL,0.84,2026-08-02,v1.0
FB001575,BYR000985,PRD000407,Yes,Yes,Yes,Yes,No,No,Clicked and purchased,Positive,NORMAL,0.9,2026-07-30,v1.0
FB001576,BYR000074,PRD002621,Yes,Yes,Yes,No,No,No,"Good match, saved to wishlist",Neutral,NORMAL,0.86,2026-08-05,v1.0
FB001577,BYR000078,PRD001534,Yes,No,No,No,Yes,No,Not interested,Negative,NEGATIVE,0.9,2026-07-27,v1.0
FB001578,BYR000498,PRD001933,Yes,No,No,No,Yes,No,Not interested,Negative,NEGATIVE,0.92,2026-08-06,v1.0
FB001579,BYR000722,PRD001847,Yes,No,No,No,Yes,No,Duplicate of item I already own,Negative,NORMAL,0.89,2026-06-24,v1.0
FB001580,BYR000938,PRD000750,Yes,No,Yes,No,No,No,Price too high 😅,Neutral,NORMAL,0.9,2026-06-16,v1.0
FB001581,BYR000593,PRD000039,Yes,Yes,Yes,Yes,No,No,Clicked and purchased,Positive,NORMAL,0.99,2026-08-06,v1.0
FB001582,BYR000322,PRD000467,Yes,Yes,Yes,No,No,No,Too expensive for my budget,Neutral,NORMAL,0.58,2026-07-19,v1.0
FB001583,BYR000100,PRD000025,Yes,Yes,Yes,No,No,No,Too expensive for my budget,Neutral,COLD_START,0.83,2026-06-17,v1.0
FB001584,BYR000842,PRD001039,Yes,No,No,No,Yes,No,Not interested,Negative,NORMAL,0.86,2026-07-19,v1.0
FB001585,BYR000693,PRD002048,Yes,No,No,No,Yes,No,Already purchased elsewhere,Negative,NORMAL,0.79,2026-06-14,v1.0
FB001586,BYR000449,PRD001133,Yes,No,No,No,Yes,No,Duplicate of item I already own,Negative,NORMAL,0.55,2026-05-20,v1.0
FB001587,BYR000628,PRD000947,Yes,Yes,Yes,No,No,No,Relevant recommendation,Neutral,NORMAL,0.58,2026-05-10,v1.0
FB001588,BYR000248,PRD001362,Yes,No,Yes,No,No,No,Price too high 😅,Neutral,NORMAL,0.96,2026-06-01,v1.0
FB001589,BYR000656,PRD000384,Yes,Yes,Yes,No,No,No,"Good match, saved to wishlist",Neutral,NORMAL,0.83,2026-06-30,v1.0
FB001590,BYR000960,PRD001017,Yes,No,Yes,No,No,No,Irrelevant to my search,Neutral,NORMAL,0.85,2026-05-11,v1.0
FB001591,BYR000799,PRD001768,Yes,No,No,No,Yes,No,Not interested,Negative,COLD_START,0.89,2026-07-16,v1.0
FB001592,BYR000995,PRD002301,Yes,No,No,No,Yes,No,Duplicate of item I already own,Negative,NORMAL,0.56,2026-06-16,v1.0
FB001593,BYR000088,PRD000359,Yes,No,Yes,No,No,No,Not my style,Neutral,NORMAL,0.57,2026-07-29,v1.0
FB001594,BYR000424,PRD001937,Yes,No,Yes,No,No,No,Not my style,Neutral,NORMAL,0.85,2026-07-02,v1.0
FB001595,BYR000315,PRD000459,Yes,No,No,No,Yes,No,Not interested,Negative,NORMAL,0.82,2026-07-18,v1.0
FB001596,BYR000513,PRD002713,Yes,No,Yes,No,No,No,Price too high 😅,Neutral,NORMAL,0.65,2026-06-22,v1.0
FB001597,BYR000571,PRD001337,Yes,No,Yes,No,No,No,Price too high 😅,Neutral,NORMAL,1.0,2026-06-02,v1.0
FB001598,BYR000853,PRD001027,Yes,No,No,No,Yes,Yes,Duplicate of item I already own,Negative,COLD_START,0.89,2026-05-29,v1.0
FB001599,BYR000279,PRD002433,Yes,Yes,Yes,No,No,No,"Good match, saved to wishlist",Neutral,NORMAL,0.64,2026-06-24,v1.0
FB001600,BYR000403,PRD002382,Yes,Yes,Yes,No,No,No,Too expensive for my budget,Neutral,NORMAL,0.52,2026-07-12,v1.0
FB001601,BYR000555,PRD002540,Yes,Yes,Yes,No,No,No,Relevant recommendation,Neutral,NORMAL,0.56,2026-06-22,v1.0
FB001602,BYR000509,PRD001230,Yes,No,No,No,Yes,No,Duplicate of item I already own,Negative,NORMAL,0.58,2026-08-05,v1.0
FB001603,BYR000307,PRD001210,Yes,No,No,No,Yes,No,Already purchased elsewhere,Negative,NORMAL,0.62,2026-07-02,v1.0
FB001604,BYR000398,PRD000339,Yes,No,No,No,Yes,No,Not interested,Negative,EDGE,0.89,2026-06-20,v1.0
FB001605,BYR000301,PRD002390,Yes,Yes,Yes,No,No,No,Too expensive for my budget,Neutral,NORMAL,0.81,2026-06-11,v1.0
FB001606,BYR000083,PRD002238,Yes,Yes,Yes,No,No,No,Relevant recommendation,Neutral,NORMAL,0.98,2026-06-10,v1.0
FB001607,BYR000029,PRD002584,Yes,No,No,No,Yes,No,Already purchased elsewhere,Negative,NORMAL,0.93,2026-05-20,v1.0
FB001608,BYR000920,PRD002966,Yes,No,Yes,No,No,No,Price too high 😅,Neutral,NORMAL,0.66,2026-05-22,v1.0
FB001609,BYR000873,PRD000703,Yes,No,Yes,No,No,No,Price too high 😅,Neutral,COLD_START,0.69,2026-05-18,v1.0
FB001610,BYR000389,PRD002421,Yes,No,No,No,Yes,No,Duplicate of item I already own,Negative,EDGE,0.68,2026-08-01,v1.0
FB001611,BYR000048,PRD002944,Yes,Yes,Yes,Yes,No,No,Clicked and purchased,Positive,NORMAL,0.73,2026-08-05,v1.0
FB001612,BYR000077,PRD001108,Yes,Yes,Yes,No,No,No,Too expensive for my budget,Neutral,NORMAL,0.55,2026-06-19,v1.0
FB001613,BYR000913,PRD002424,Yes,No,No,No,Yes,No,Not interested,Negative,BOUNDARY,0.9,2026-06-30,v1.0
FB001614,BYR000166,PRD001291,Yes,No,No,No,Yes,No,Not interested,Negative,NORMAL,0.57,2026-06-30,v1.0
FB001615,BYR000328,PRD001912,Yes,Yes,Yes,No,No,No,"Good match, saved to wishlist",Neutral,NORMAL,0.79,2026-07-21,v1.0
FB001616,BYR000918,PRD000042,Yes,No,Yes,No,No,No,Not my style,Neutral,NEGATIVE,0.8,2026-07-24,v1.0
FB001617,BYR000072,PRD000192,Yes,No,No,No,Yes,No,Duplicate of item I already own,Negative,NORMAL,0.56,2026-06-09,v1.0
FB001618,BYR000569,PRD000227,Yes,No,Yes,No,No,No,Not my style,Neutral,COLD_START,0.75,2026-05-23,v1.0
FB001619,BYR000752,PRD000695,Yes,No,Yes,No,No,No,Not my style,Neutral,NORMAL,0.97,2026-07-26,v1.0
FB001620,BYR000802,PRD002242,Yes,No,No,No,Yes,No,Already purchased elsewhere,Negative,NORMAL,0.94,2026-06-05,v1.0
FB001621,BYR000142,PRD000885,Yes,Yes,Yes,No,No,No,Too expensive for my budget,Neutral,NORMAL,0.66,2026-07-04,v1.0
FB001622,BYR000470,PRD000378,Yes,Yes,Yes,No,No,No,Relevant recommendation,Neutral,NORMAL,0.67,2026-08-06,v1.0
FB001623,BYR000173,PRD002226,Yes,No,Yes,No,No,No,Irrelevant to my search,Neutral,NORMAL,0.87,2026-05-22,v1.0
FB001624,BYR000884,PRD000683,Yes,No,Yes,No,No,No,Not my style,Neutral,NORMAL,0.94,2026-07-16,v1.0
FB001625,BYR000458,PRD001918,Yes,No,Yes,No,No,No,Not my style,Neutral,RARE,0.74,2026-05-13,v1.0
FB001626,BYR000932,PRD001566,Yes,No,No,No,Yes,No,Already purchased elsewhere,Negative,NORMAL,0.78,2026-07-11,v1.0
FB001627,BYR000236,PRD001570,Yes,No,Yes,No,No,No,Irrelevant to my search,Neutral,EDGE,0.99,2026-07-27,v1.0
FB001628,BYR000761,PRD000973,Yes,Yes,Yes,No,No,No,Relevant recommendation,Neutral,NORMAL,0.71,2026-07-15,v1.0
FB001629,BYR000152,PRD001272,Yes,No,Yes,No,No,No,Price too high 😅,Neutral,NORMAL,0.84,2026-07-28,v1.0
FB001630,BYR000491,PRD002688,Yes,Yes,Yes,No,No,No,Too expensive for my budget,Neutral,NEGATIVE,0.98,2026-06-29,v1.0
FB001631,BYR000590,PRD001133,Yes,No,Yes,No,No,No,Irrelevant to my search,Neutral,NEGATIVE,0.79,2026-05-12,v1.0
FB001632,BYR000851,PRD002094,Yes,Yes,Yes,Yes,No,No,Great match! ⭐⭐⭐⭐⭐,Positive,RARE,0.74,2026-07-13,v1.0
FB001633,BYR000171,PRD002741,Yes,No,No,No,Yes,No,Not interested,Negative,NORMAL,0.79,2026-06-06,v1.0
FB001634,BYR000454,PRD000022,Yes,No,No,No,Yes,No,Duplicate of item I already own,Negative,NORMAL,0.84,2026-07-29,v1.0
FB001635,BYR000015,PRD002470,Yes,Yes,Yes,No,No,No,Relevant recommendation,Neutral,NORMAL,0.57,2026-08-02,v1.0
FB001636,BYR000462,PRD000636,Yes,Yes,Yes,Yes,No,No,"Perfect timing, needed this",Positive,NORMAL,0.92,2026-05-13,v1.0
FB001637,BYR000241,PRD000063,Yes,Yes,Yes,No,No,No,Too expensive for my budget,Neutral,NORMAL,0.97,2026-06-12,v1.0
FB001638,BYR000048,PRD001758,Yes,No,No,No,Yes,No,Duplicate of item I already own,Negative,NORMAL,0.58,2026-06-24,v1.0
FB001639,BYR000977,PRD000324,Yes,No,No,No,Yes,No,Already purchased elsewhere,Negative,NORMAL,0.71,2026-06-24,v1.0
FB001640,BYR000624,PRD000202,Yes,No,No,No,Yes,No,Already purchased elsewhere,Negative,NORMAL,0.96,2026-05-22,v1.0
FB001641,BYR000661,PRD001773,Yes,No,No,No,Yes,No,Already purchased elsewhere,Negative,NORMAL,0.72,2026-07-13,v1.0
FB001642,BYR000882,PRD002607,Yes,No,No,No,Yes,No,Duplicate of item I already own,Negative,RARE,0.6,2026-06-01,v1.0
FB001643,BYR000588,PRD001233,Yes,Yes,Yes,No,No,No,Relevant recommendation,Neutral,NORMAL,0.89,2026-05-24,v1.0
FB001644,BYR000821,PRD001866,Yes,Yes,Yes,Yes,No,No,Great match! ⭐⭐⭐⭐⭐,Positive,NORMAL,0.87,2026-08-01,v1.0
FB001645,BYR000848,PRD002760,Yes,Yes,Yes,No,No,No,"Good match, saved to wishlist",Neutral,NORMAL,0.66,2026-07-29,v1.0
FB001646,BYR000726,PRD000262,Yes,No,Yes,No,No,No,Irrelevant to my search,Neutral,NORMAL,0.73,2026-07-12,v1.0
FB001647,BYR000419,PRD001707,Yes,No,No,No,Yes,No,Duplicate of item I already own,Negative,NORMAL,0.77,2026-05-08,v1.0
FB001648,BYR000685,PRD001572,Yes,No,No,No,Yes,No,Already purchased elsewhere,Negative,NORMAL,0.96,2026-05-12,v1.0
FB001649,BYR000691,PRD000825,Yes,Yes,Yes,No,No,No,Too expensive for my budget,Neutral,NORMAL,0.92,2026-07-03,v1.0
FB001650,BYR000180,PRD000113,Yes,No,Yes,No,No,No,Not my style,Neutral,EDGE,0.87,2026-08-04,v1.0
FB001651,BYR000676,PRD001104,Yes,Yes,Yes,No,No,No,"Good match, saved to wishlist",Neutral,NORMAL,0.88,2026-07-25,v1.0
FB001652,BYR000594,PRD002725,Yes,No,No,No,Yes,Yes,Already purchased elsewhere,Negative,NORMAL,0.92,2026-06-15,v1.0
FB001653,BYR000472,PRD001390,Yes,No,No,No,Yes,No,Not interested,Negative,NORMAL,0.53,2026-05-22,v1.0
FB001654,BYR000510,PRD001655,Yes,No,Yes,No,No,No,Price too high 😅,Neutral,BOUNDARY,0.72,2026-07-02,v1.0
FB001655,BYR000933,PRD001479,Yes,No,No,No,Yes,No,Not interested,Negative,NORMAL,0.87,2026-05-19,v1.0
FB001656,BYR000166,PRD000287,Yes,Yes,Yes,Yes,No,No,Great match! ⭐⭐⭐⭐⭐,Positive,NORMAL,0.67,2026-07-18,v1.0
FB001657,BYR000486,PRD000005,Yes,No,Yes,No,No,No,Price too high 😅,Neutral,NORMAL,0.91,2026-06-09,v1.0
FB001658,BYR000712,PRD002015,Yes,Yes,Yes,Yes,No,No,Clicked and purchased,Positive,NORMAL,0.6,2026-05-27,v1.0
FB001659,BYR000294,PRD000756,Yes,No,No,No,Yes,No,Not interested,Negative,NORMAL,0.79,2026-06-27,v1.0
FB001660,BYR000762,PRD000610,Yes,No,Yes,No,No,No,Price too high 😅,Neutral,BOUNDARY,0.81,2026-06-01,v1.0
FB001661,BYR000318,PRD000373,Yes,No,No,No,Yes,No,Already purchased elsewhere,Negative,EDGE,0.88,2026-05-26,v1.0
FB001662,BYR000207,PRD002647,Yes,No,Yes,No,No,No,Not my style,Neutral,NORMAL,0.79,2026-07-03,v1.0
FB001663,BYR000064,PRD001078,Yes,Yes,Yes,No,No,No,Too expensive for my budget,Neutral,NEGATIVE,0.5,2026-06-26,v1.0
FB001664,BYR000272,PRD000969,Yes,No,Yes,No,No,No,Not my style,Neutral,NORMAL,0.89,2026-06-11,v1.0
FB001665,BYR000182,PRD000645,Yes,Yes,Yes,No,No,No,Relevant recommendation,Neutral,NORMAL,0.58,2026-07-19,v1.0
FB001666,BYR000354,PRD000190,Yes,No,Yes,No,No,No,Irrelevant to my search,Neutral,NEGATIVE,0.72,2026-07-24,v1.0
FB001667,BYR000261,PRD002777,Yes,No,No,No,Yes,No,Not interested,Negative,BOUNDARY,0.88,2026-06-17,v1.0
FB001668,BYR000308,PRD002219,Yes,No,No,No,Yes,No,Not interested,Negative,NORMAL,0.5,2026-05-22,v1.0
FB001669,BYR000957,PRD002874,Yes,No,No,No,Yes,No,Not interested,Negative,NORMAL,0.59,2026-07-25,v1.0
FB001670,BYR000581,PRD001992,Yes,No,No,No,Yes,No,Not interested,Negative,NORMAL,0.53,2026-05-10,v1.0
FB001671,BYR000737,PRD000079,Yes,Yes,Yes,No,No,No,Relevant recommendation,Neutral,NORMAL,0.82,2026-06-21,v1.0
FB001672,BYR000213,PRD002729,Yes,Yes,Yes,No,No,No,"Good match, saved to wishlist",Neutral,NORMAL,0.63,2026-05-10,v1.0
FB001673,BYR000762,PRD001988,Yes,No,No,No,Yes,No,Not interested,Negative,NORMAL,0.86,2026-05-29,v1.0
FB001674,BYR000348,PRD001519,Yes,No,No,No,Yes,No,Duplicate of item I already own,Negative,NORMAL,0.52,2026-05-13,v1.0
FB001675,BYR000899,PRD001639,Yes,Yes,Yes,No,No,No,Too expensive for my budget,Neutral,BOUNDARY,0.87,2026-07-20,v1.0
FB001676,BYR000365,PRD000891,Yes,Yes,Yes,Yes,No,No,"Perfect timing, needed this",Positive,NORMAL,0.77,2026-08-04,v1.0
FB001677,BYR000621,PRD000549,Yes,No,Yes,No,No,No,Not my style,Neutral,NORMAL,0.88,2026-07-04,v1.0
FB001678,BYR000934,PRD002576,Yes,No,No,No,Yes,No,Not interested,Negative,NORMAL,0.64,2026-07-23,v1.0
FB001679,BYR000118,PRD002226,Yes,Yes,Yes,No,No,No,Too expensive for my budget,Neutral,NORMAL,0.66,2026-05-25,v1.0
FB001680,BYR000167,PRD000908,Yes,No,No,No,Yes,No,Duplicate of item I already own,Negative,COLD_START,0.82,2026-06-03,v1.0
FB001681,BYR000548,PRD001258,Yes,No,No,No,Yes,No,Already purchased elsewhere,Negative,EDGE,0.77,2026-05-26,v1.0
FB001682,BYR000664,PRD001945,Yes,Yes,Yes,No,No,No,Relevant recommendation,Neutral,NORMAL,0.66,2026-06-17,v1.0
FB001683,BYR000852,PRD000672,Yes,No,Yes,No,No,No,Price too high 😅,Neutral,NORMAL,0.9,2026-07-29,v1.0
FB001684,BYR000568,PRD000759,Yes,No,No,No,Yes,No,Already purchased elsewhere,Negative,NORMAL,0.91,2026-05-14,v1.0
FB001685,BYR000672,PRD000180,Yes,No,No,No,Yes,No,Duplicate of item I already own,Negative,BOUNDARY,0.81,2026-05-09,v1.0
FB001686,BYR000599,PRD000845,Yes,No,No,No,Yes,No,Already purchased elsewhere,Negative,NORMAL,0.7,2026-07-10,v1.0
FB001687,BYR000571,PRD000290,Yes,No,No,No,Yes,No,Duplicate of item I already own,Negative,NORMAL,0.97,2026-05-27,v1.0
FB001688,BYR000245,PRD000970,Yes,No,Yes,No,No,No,Price too high 😅,Neutral,EDGE,0.55,2026-07-30,v1.0
FB001689,BYR000849,PRD001140,Yes,No,No,No,Yes,Yes,Duplicate of item I already own,Negative,NORMAL,0.99,2026-08-05,v1.0
FB001690,BYR000620,PRD002402,Yes,No,Yes,No,No,No,Price too high 😅,Neutral,NORMAL,0.72,2026-05-13,v1.0
FB001691,BYR000923,PRD002497,Yes,No,Yes,No,No,No,Not my style,Neutral,NORMAL,0.85,2026-05-12,v1.0
FB001692,BYR000927,PRD001219,Yes,No,No,No,Yes,No,Already purchased elsewhere,Negative,NEGATIVE,0.83,2026-07-30,v1.0
FB001693,BYR000533,PRD002711,Yes,No,No,No,Yes,No,Already purchased elsewhere,Negative,EDGE,0.92,2026-07-10,v1.0
FB001694,BYR000613,PRD002329,Yes,No,No,No,Yes,No,Not interested,Negative,NORMAL,0.94,2026-07-01,v1.0
FB001695,BYR000145,PRD002175,Yes,No,Yes,No,No,No,Price too high 😅,Neutral,NORMAL,0.87,2026-07-09,v1.0
FB001696,BYR000390,PRD001107,Yes,No,Yes,No,No,No,Not my style,Neutral,NORMAL,0.58,2026-07-29,v1.0
FB001697,BYR000849,PRD001140,Yes,No,Yes,No,No,No,Not my style,Neutral,NORMAL,0.86,2026-07-15,v1.0
FB001698,BYR000069,PRD000210,Yes,No,Yes,No,No,No,Irrelevant to my search,Neutral,NORMAL,0.87,2026-06-28,v1.0
FB001699,BYR000658,PRD002019,Yes,Yes,Yes,No,No,No,"Good match, saved to wishlist",Neutral,NORMAL,0.69,2026-07-05,v1.0
FB001700,BYR000141,PRD000130,Yes,Yes,Yes,No,No,No,Relevant recommendation,Neutral,NORMAL,0.52,2026-06-05,v1.0
FB001701,BYR000740,PRD000264,Yes,No,No,No,Yes,No,Already purchased elsewhere,Negative,COLD_START,0.56,2026-05-08,v1.0
FB001702,BYR000382,PRD000909,Yes,Yes,Yes,Yes,No,No,Clicked and purchased,Positive,NORMAL,0.92,2026-05-14,v1.0
FB001703,BYR000811,PRD000093,Yes,No,No,No,Yes,No,Not interested,Negative,NORMAL,0.53,2026-05-17,v1.0
FB001704,BYR000147,PRD001124,Yes,No,No,No,Yes,No,Not interested,Negative,NORMAL,0.95,2026-06-11,v1.0
FB001705,BYR000472,PRD000667,Yes,Yes,Yes,No,No,No,Relevant recommendation,Neutral,BOUNDARY,0.55,2026-06-19,v1.0
FB001706,BYR000598,PRD002230,Yes,Yes,Yes,No,No,No,Relevant recommendation,Neutral,NORMAL,0.59,2026-05-18,v1.0
FB001707,BYR000476,PRD001481,Yes,No,Yes,No,No,No,Price too high 😅,Neutral,NORMAL,0.84,2026-05-21,v1.0
FB001708,BYR000389,PRD001040,Yes,No,No,No,Yes,No,Not interested,Negative,NORMAL,0.78,2026-06-06,v1.0
FB001709,BYR000202,PRD001185,Yes,No,No,No,Yes,No,Already purchased elsewhere,Negative,NORMAL,0.93,2026-05-30,v1.0
FB001710,BYR000007,PRD000964,Yes,No,No,No,Yes,No,Duplicate of item I already own,Negative,NORMAL,0.84,2026-06-24,v1.0
FB001711,BYR000438,PRD002519,Yes,No,No,No,Yes,No,Already purchased elsewhere,Negative,NORMAL,0.63,2026-05-15,v1.0
FB001712,BYR000054,PRD002770,Yes,No,No,No,Yes,No,Already purchased elsewhere,Negative,COLD_START,0.93,2026-08-02,v1.0
FB001713,BYR000493,PRD001170,Yes,No,No,No,Yes,No,Duplicate of item I already own,Negative,NEGATIVE,0.99,2026-07-17,v1.0
FB001714,BYR000118,PRD002213,Yes,Yes,Yes,No,No,No,Relevant recommendation,Neutral,NORMAL,0.85,2026-06-15,v1.0
FB001715,BYR000935,PRD000390,Yes,No,Yes,No,No,No,Irrelevant to my search,Neutral,NORMAL,0.96,2026-05-15,v1.0
FB001716,BYR000116,PRD002578,Yes,No,No,No,Yes,No,Duplicate of item I already own,Negative,NEGATIVE,0.91,2026-07-08,v1.0
FB001717,BYR000866,PRD000203,Yes,No,Yes,No,No,No,Irrelevant to my search,Neutral,NORMAL,0.66,2026-06-12,v1.0
FB001718,BYR000873,PRD001195,Yes,No,No,No,Yes,No,Already purchased elsewhere,Negative,NORMAL,0.68,2026-06-27,v1.0
FB001719,BYR000764,PRD000355,Yes,No,No,No,Yes,No,Not interested,Negative,NORMAL,0.53,2026-05-13,v1.0
FB001720,BYR000048,PRD000670,Yes,No,Yes,No,No,No,Price too high 😅,Neutral,BOUNDARY,0.64,2026-05-13,v1.0
FB001721,BYR000804,PRD002711,Yes,No,No,No,Yes,No,Already purchased elsewhere,Negative,NORMAL,0.68,2026-06-26,v1.0
FB001722,BYR000252,PRD000640,Yes,No,No,No,Yes,No,Already purchased elsewhere,Negative,NORMAL,0.7,2026-05-28,v1.0
FB001723,BYR000725,PRD001793,Yes,Yes,Yes,Yes,No,No,Clicked and purchased,Positive,NEGATIVE,0.61,2026-05-11,v1.0
FB001724,BYR000830,PRD001447,Yes,No,No,No,Yes,No,Not interested,Negative,BOUNDARY,0.59,2026-05-11,v1.0
FB001725,BYR000094,PRD001919,Yes,Yes,Yes,No,No,No,Too expensive for my budget,Neutral,NORMAL,0.98,2026-07-18,v1.0
FB001726,BYR000315,PRD002213,Yes,No,No,No,Yes,No,Not interested,Negative,NORMAL,0.84,2026-07-19,v1.0
FB001727,BYR000282,PRD002043,Yes,No,Yes,No,No,No,Irrelevant to my search,Neutral,NORMAL,0.75,2026-07-04,v1.0
FB001728,BYR000127,PRD002905,Yes,No,Yes,No,No,No,Irrelevant to my search,Neutral,NORMAL,0.72,2026-07-09,v1.0
FB001729,BYR000869,PRD002275,Yes,Yes,Yes,Yes,No,No,"Perfect timing, needed this",Positive,NORMAL,0.73,2026-05-13,v1.0
FB001730,BYR000747,PRD002121,Yes,No,No,No,Yes,No,Already purchased elsewhere,Negative,NORMAL,0.98,2026-06-15,v1.0
FB001731,BYR000674,PRD000351,Yes,No,No,No,Yes,No,Not interested,Negative,NORMAL,0.89,2026-07-12,v1.0
FB001732,BYR000218,PRD000624,Yes,No,Yes,No,No,No,Not my style,Neutral,NORMAL,0.64,2026-06-29,v1.0
FB001733,BYR000978,PRD000638,Yes,Yes,Yes,No,No,No,"Good match, saved to wishlist",Neutral,NORMAL,0.9,2026-06-03,v1.0
FB001734,BYR000348,PRD001683,Yes,No,No,No,Yes,No,Duplicate of item I already own,Negative,NORMAL,0.88,2026-07-15,v1.0
FB001735,BYR000747,PRD001168,Yes,No,No,No,Yes,Yes,Not interested,Negative,EDGE,0.63,2026-05-08,v1.0
FB001736,BYR000986,PRD001421,Yes,Yes,Yes,No,No,No,Relevant recommendation,Neutral,NORMAL,0.99,2026-05-16,v1.0
FB001737,BYR000144,PRD002710,Yes,No,No,No,Yes,Yes,Not interested,Negative,BOUNDARY,0.54,2026-05-28,v1.0
FB001738,BYR000256,PRD002844,Yes,No,No,No,Yes,No,Already purchased elsewhere,Negative,NEGATIVE,0.53,2026-07-21,v1.0
FB001739,BYR000176,PRD001394,Yes,Yes,Yes,No,No,No,"Good match, saved to wishlist",Neutral,NORMAL,0.52,2026-07-31,v1.0
FB001740,BYR000657,PRD000920,Yes,Yes,Yes,Yes,No,No,"Perfect timing, needed this",Positive,NORMAL,0.82,2026-07-27,v1.0
FB001741,BYR000542,PRD001856,Yes,No,Yes,No,No,No,Irrelevant to my search,Neutral,NORMAL,0.77,2026-05-15,v1.0
FB001742,BYR000700,PRD000261,Yes,No,Yes,No,No,No,Not my style,Neutral,NORMAL,0.6,2026-05-10,v1.0
FB001743,BYR000809,PRD001318,Yes,No,No,No,Yes,No,Duplicate of item I already own,Negative,NORMAL,0.57,2026-05-24,v1.0
FB001744,BYR000435,PRD001985,Yes,Yes,Yes,Yes,No,No,Clicked and purchased,Positive,NORMAL,0.66,2026-07-11,v1.0
FB001745,BYR000801,PRD001079,Yes,No,No,No,Yes,No,Duplicate of item I already own,Negative,NORMAL,0.99,2026-07-14,v1.0
FB001746,BYR000470,PRD001109,Yes,No,Yes,No,No,No,Price too high 😅,Neutral,NORMAL,0.78,2026-06-27,v1.0
FB001747,BYR000104,PRD001522,Yes,No,No,No,Yes,No,Not interested,Negative,NORMAL,0.86,2026-06-07,v1.0
FB001748,BYR000554,PRD000072,Yes,No,No,No,Yes,No,Already purchased elsewhere,Negative,NORMAL,0.56,2026-06-27,v1.0
FB001749,BYR000079,PRD001902,Yes,No,Yes,No,No,No,Not my style,Neutral,NORMAL,0.62,2026-07-03,v1.0
FB001750,BYR000974,PRD000767,Yes,No,No,No,Yes,No,Already purchased elsewhere,Negative,NORMAL,0.99,2026-06-01,v1.0
FB001751,BYR000357,PRD000163,Yes,No,No,No,Yes,No,Not interested,Negative,NORMAL,0.92,2026-07-23,v1.0
FB001752,BYR000478,PRD000317,Yes,Yes,Yes,No,No,No,Relevant recommendation,Neutral,NORMAL,0.99,2026-07-10,v1.0
FB001753,BYR000883,PRD002176,Yes,No,No,No,Yes,No,Already purchased elsewhere,Negative,RARE,0.52,2026-06-07,v1.0
FB001754,BYR000414,PRD001614,Yes,No,Yes,No,No,No,Not my style,Neutral,NORMAL,0.82,2026-06-23,v1.0
FB001755,BYR000201,PRD002209,Yes,Yes,Yes,Yes,No,No,Great match! ⭐⭐⭐⭐⭐,Positive,NORMAL,0.75,2026-07-16,v1.0
FB001756,BYR000727,PRD000206,Yes,No,No,No,Yes,Yes,Not interested,Negative,NORMAL,0.79,2026-05-18,v1.0
FB001757,BYR000419,PRD002310,Yes,Yes,Yes,No,No,No,Too expensive for my budget,Neutral,NORMAL,0.51,2026-07-28,v1.0
FB001758,BYR000724,PRD001393,Yes,Yes,Yes,No,No,No,Too expensive for my budget,Neutral,NORMAL,0.77,2026-05-18,v1.0
FB001759,BYR000740,PRD000095,Yes,No,Yes,No,No,No,Not my style,Neutral,NORMAL,0.93,2026-06-25,v1.0
FB001760,BYR000710,PRD001170,Yes,No,No,No,Yes,No,Already purchased elsewhere,Negative,NEGATIVE,0.61,2026-06-11,v1.0
FB001761,BYR000961,PRD002594,Yes,No,Yes,No,No,No,Price too high 😅,Neutral,NORMAL,0.53,2026-07-04,v1.0
FB001762,BYR000058,PRD001219,Yes,Yes,Yes,Yes,No,No,"Perfect timing, needed this",Positive,NORMAL,0.73,2026-08-06,v1.0
FB001763,BYR000412,PRD001324,Yes,No,No,No,Yes,No,Already purchased elsewhere,Negative,NORMAL,0.56,2026-05-26,v1.0
FB001764,BYR000801,PRD002426,Yes,No,Yes,No,No,No,Not my style,Neutral,NORMAL,1.0,2026-06-28,v1.0
FB001765,BYR000076,PRD002444,Yes,No,Yes,No,No,No,Not my style,Neutral,BOUNDARY,0.51,2026-07-22,v1.0
FB001766,BYR000387,PRD002630,Yes,No,Yes,No,No,No,Irrelevant to my search,Neutral,NORMAL,0.57,2026-07-09,v1.0
FB001767,BYR000621,PRD001073,Yes,No,No,No,Yes,Yes,Duplicate of item I already own,Negative,NORMAL,0.69,2026-05-27,v1.0
FB001768,BYR000087,PRD001397,Yes,Yes,Yes,No,No,No,Relevant recommendation,Neutral,COLD_START,0.55,2026-06-08,v1.0
FB001769,BYR000278,PRD001465,Yes,No,No,No,Yes,No,Not interested,Negative,EDGE,0.85,2026-08-01,v1.0
FB001770,BYR000003,PRD000703,Yes,Yes,Yes,No,No,No,Relevant recommendation,Neutral,NORMAL,0.88,2026-05-18,v1.0
FB001771,BYR000413,PRD002442,Yes,No,Yes,No,No,No,Price too high 😅,Neutral,NORMAL,0.87,2026-06-27,v1.0
FB001772,BYR000998,PRD000023,Yes,Yes,Yes,No,No,No,Too expensive for my budget,Neutral,NORMAL,0.78,2026-06-10,v1.0
FB001773,BYR000140,PRD000967,Yes,No,No,No,Yes,No,Already purchased elsewhere,Negative,NORMAL,0.54,2026-08-01,v1.0
FB001774,BYR000564,PRD000336,Yes,No,No,No,Yes,No,Duplicate of item I already own,Negative,NORMAL,0.85,2026-08-04,v1.0
FB001775,BYR000216,PRD000802,Yes,No,No,No,Yes,Yes,Already purchased elsewhere,Negative,RARE,0.8,2026-06-29,v1.0
FB001776,BYR000369,PRD000211,Yes,Yes,Yes,Yes,No,No,Great match! ⭐⭐⭐⭐⭐,Positive,NORMAL,0.66,2026-07-28,v1.0
FB001777,BYR000525,PRD000934,Yes,Yes,Yes,No,No,No,Relevant recommendation,Neutral,NORMAL,0.98,2026-05-29,v1.0
FB001778,BYR000858,PRD000822,Yes,No,No,No,Yes,No,Duplicate of item I already own,Negative,NORMAL,0.82,2026-07-14,v1.0
FB001779,BYR000620,PRD002244,Yes,Yes,Yes,No,No,No,Too expensive for my budget,Neutral,NEGATIVE,0.65,2026-05-15,v1.0
FB001780,BYR000244,PRD000363,Yes,No,No,No,Yes,No,Already purchased elsewhere,Negative,EDGE,0.83,2026-05-31,v1.0
FB001781,BYR000619,PRD002524,Yes,No,No,No,Yes,No,Not interested,Negative,NORMAL,0.64,2026-05-29,v1.0
FB001782,BYR000573,PRD000797,Yes,No,Yes,No,No,No,Not my style,Neutral,NORMAL,0.97,2026-08-05,v1.0
FB001783,BYR000723,PRD001104,Yes,Yes,Yes,No,No,No,"Good match, saved to wishlist",Neutral,RARE,0.98,2026-08-03,v1.0
FB001784,BYR000291,PRD001720,Yes,No,No,No,Yes,No,Not interested,Negative,NORMAL,0.84,2026-06-10,v1.0
FB001785,BYR000364,PRD001515,Yes,No,No,No,Yes,No,Not interested,Negative,NORMAL,0.87,2026-07-15,v1.0
FB001786,BYR000344,PRD001429,Yes,No,No,No,Yes,No,Already purchased elsewhere,Negative,NORMAL,0.72,2026-08-05,v1.0
FB001787,BYR000512,PRD000469,Yes,No,No,No,Yes,No,Already purchased elsewhere,Negative,NORMAL,0.94,2026-07-20,v1.0
FB001788,BYR000417,PRD002291,Yes,Yes,Yes,Yes,No,No,"Perfect timing, needed this",Positive,EDGE,0.96,2026-06-11,v1.0
FB001789,BYR000593,PRD002045,Yes,No,Yes,No,No,No,Irrelevant to my search,Neutral,NORMAL,0.84,2026-07-12,v1.0
FB001790,BYR000144,PRD002930,Yes,No,No,No,Yes,No,Not interested,Negative,NORMAL,0.67,2026-07-09,v1.0
FB001791,BYR000268,PRD002025,Yes,No,Yes,No,No,No,Price too high 😅,Neutral,NORMAL,0.57,2026-05-25,v1.0
FB001792,BYR000169,PRD000102,Yes,No,No,No,Yes,No,Already purchased elsewhere,Negative,EDGE,0.62,2026-05-22,v1.0
FB001793,BYR000526,PRD000995,Yes,No,Yes,No,No,No,Price too high 😅,Neutral,NORMAL,0.85,2026-06-20,v1.0
FB001794,BYR000663,PRD002690,Yes,No,Yes,No,No,No,Irrelevant to my search,Neutral,NORMAL,0.92,2026-08-02,v1.0
FB001795,BYR000694,PRD001983,Yes,No,No,No,Yes,No,Already purchased elsewhere,Negative,EDGE,0.65,2026-07-04,v1.0
FB001796,BYR000583,PRD000441,Yes,Yes,Yes,No,No,No,Relevant recommendation,Neutral,NORMAL,0.52,2026-06-14,v1.0
FB001797,BYR000667,PRD001544,Yes,No,Yes,No,No,No,Not my style,Neutral,EDGE,0.69,2026-06-01,v1.0
FB001798,BYR000196,PRD001237,Yes,No,Yes,No,No,No,Price too high 😅,Neutral,NORMAL,0.59,2026-08-03,v1.0
FB001799,BYR000164,PRD000629,Yes,Yes,Yes,No,No,No,Too expensive for my budget,Neutral,NORMAL,0.8,2026-07-29,v1.0
FB001800,BYR000450,PRD000235,Yes,No,No,No,Yes,No,Not interested,Negative,NORMAL,1.0,2026-08-06,v1.0
FB001801,BYR000350,PRD002544,Yes,No,No,No,Yes,Yes,Duplicate of item I already own,Negative,NORMAL,0.53,2026-07-04,v1.0
FB001802,BYR000333,PRD001090,Yes,No,No,No,Yes,Yes,Already purchased elsewhere,Negative,NORMAL,0.92,2026-06-08,v1.0
FB001803,BYR000364,PRD002220,Yes,Yes,Yes,Yes,No,No,"Perfect timing, needed this",Positive,NORMAL,0.82,2026-05-11,v1.0
FB001804,BYR000540,PRD001962,Yes,No,No,No,Yes,No,Not interested,Negative,NORMAL,0.62,2026-07-08,v1.0
FB001805,BYR000197,PRD001627,Yes,No,No,No,Yes,No,Already purchased elsewhere,Negative,NORMAL,0.82,2026-05-31,v1.0
FB001806,BYR000302,PRD001836,Yes,No,Yes,No,No,No,Price too high 😅,Neutral,NORMAL,0.53,2026-06-27,v1.0
FB001807,BYR000615,PRD000030,Yes,No,Yes,No,No,No,Price too high 😅,Neutral,NORMAL,0.53,2026-06-28,v1.0
FB001808,BYR000642,PRD002877,Yes,No,Yes,No,No,No,Price too high 😅,Neutral,NORMAL,0.55,2026-05-10,v1.0
FB001809,BYR000960,PRD002696,Yes,No,Yes,No,No,No,Not my style,Neutral,NORMAL,0.61,2026-07-03,v1.0
FB001810,BYR000129,PRD001818,Yes,No,No,No,Yes,No,Duplicate of item I already own,Negative,NORMAL,0.64,2026-07-11,v1.0
FB001811,BYR000655,PRD002456,Yes,No,No,No,Yes,No,Already purchased elsewhere,Negative,NORMAL,0.98,2026-07-22,v1.0
FB001812,BYR000115,PRD001363,Yes,No,No,No,Yes,Yes,Already purchased elsewhere,Negative,NORMAL,0.57,2026-08-04,v1.0
FB001813,BYR000100,PRD000962,Yes,No,No,No,Yes,No,Already purchased elsewhere,Negative,NORMAL,0.54,2026-05-21,v1.0
FB001814,BYR000923,PRD000487,Yes,No,No,No,Yes,No,Duplicate of item I already own,Negative,BOUNDARY,0.81,2026-07-19,v1.0
FB001815,BYR000716,PRD001249,Yes,No,No,No,Yes,No,Already purchased elsewhere,Negative,NORMAL,0.73,2026-05-27,v1.0
FB001816,BYR000008,PRD001977,Yes,Yes,Yes,No,No,No,Too expensive for my budget,Neutral,NORMAL,0.96,2026-07-03,v1.0
FB001817,BYR000144,PRD000483,Yes,No,No,No,Yes,No,Duplicate of item I already own,Negative,NORMAL,0.85,2026-05-14,v1.0
FB001818,BYR000440,PRD001728,Yes,Yes,Yes,No,No,No,"Good match, saved to wishlist",Neutral,BOUNDARY,0.6,2026-06-20,v1.0
FB001819,BYR000136,PRD002499,Yes,Yes,Yes,Yes,No,No,Clicked and purchased,Positive,NORMAL,0.66,2026-06-12,v1.0
FB001820,BYR000073,PRD002852,Yes,No,No,No,Yes,No,Already purchased elsewhere,Negative,NORMAL,0.93,2026-07-08,v1.0
FB001821,BYR000993,PRD002523,Yes,No,No,No,Yes,No,Already purchased elsewhere,Negative,NORMAL,0.77,2026-07-26,v1.0
FB001822,BYR000311,PRD002501,Yes,No,No,No,Yes,No,Already purchased elsewhere,Negative,BOUNDARY,0.88,2026-07-12,v1.0
FB001823,BYR000509,PRD002431,Yes,Yes,Yes,Yes,No,No,Clicked and purchased,Positive,EDGE,0.85,2026-08-06,v1.0
FB001824,BYR000415,PRD001240,Yes,No,No,No,Yes,Yes,Already purchased elsewhere,Negative,NORMAL,0.7,2026-05-20,v1.0
FB001825,BYR000521,PRD000868,Yes,No,No,No,Yes,No,Already purchased elsewhere,Negative,NORMAL,0.52,2026-06-18,v1.0
FB001826,BYR000733,PRD001671,Yes,Yes,Yes,No,No,No,"Good match, saved to wishlist",Neutral,NORMAL,0.88,2026-05-12,v1.0
FB001827,BYR000543,PRD000404,Yes,No,Yes,No,No,No,Irrelevant to my search,Neutral,EDGE,0.79,2026-07-07,v1.0
FB001828,BYR000113,PRD000935,Yes,No,No,No,Yes,No,Already purchased elsewhere,Negative,RARE,0.72,2026-07-14,v1.0
FB001829,BYR000987,PRD002309,Yes,No,Yes,No,No,No,Not my style,Neutral,NORMAL,0.67,2026-06-23,v1.0
FB001830,BYR000067,PRD002515,Yes,No,Yes,No,No,No,Not my style,Neutral,NORMAL,0.86,2026-06-02,v1.0
FB001831,BYR000160,PRD000961,Yes,No,No,No,Yes,No,Already purchased elsewhere,Negative,NORMAL,0.62,2026-07-25,v1.0
FB001832,BYR000012,PRD001883,Yes,No,No,No,Yes,No,Already purchased elsewhere,Negative,NORMAL,0.89,2026-06-10,v1.0
FB001833,BYR000029,PRD002917,Yes,Yes,Yes,No,No,No,"Good match, saved to wishlist",Neutral,NORMAL,0.75,2026-06-13,v1.0
FB001834,BYR000596,PRD001529,Yes,No,No,No,Yes,No,Duplicate of item I already own,Negative,NORMAL,0.64,2026-07-19,v1.0
FB001835,BYR000302,PRD001719,Yes,Yes,Yes,No,No,No,Relevant recommendation,Neutral,BOUNDARY,0.71,2026-06-28,v1.0
FB001836,BYR000252,PRD000753,Yes,No,Yes,No,No,No,Irrelevant to my search,Neutral,NORMAL,0.76,2026-07-07,v1.0
FB001837,BYR000186,PRD002067,Yes,Yes,Yes,No,No,No,Relevant recommendation,Neutral,NORMAL,0.82,2026-05-12,v1.0
FB001838,BYR000520,PRD000152,Yes,Yes,Yes,No,No,No,Too expensive for my budget,Neutral,NORMAL,0.58,2026-06-10,v1.0
FB001839,BYR000963,PRD000642,Yes,Yes,Yes,No,No,No,Too expensive for my budget,Neutral,NORMAL,0.96,2026-06-02,v1.0
FB001840,BYR000660,PRD001805,Yes,No,Yes,No,No,No,Irrelevant to my search,Neutral,EDGE,0.64,2026-05-31,v1.0
FB001841,BYR000581,PRD002499,Yes,No,No,No,Yes,No,Already purchased elsewhere,Negative,NORMAL,0.76,2026-08-05,v1.0
FB001842,BYR000199,PRD001350,Yes,No,No,No,Yes,No,Not interested,Negative,NORMAL,0.65,2026-08-02,v1.0
FB001843,BYR000363,PRD001131,Yes,No,No,No,Yes,No,Duplicate of item I already own,Negative,NORMAL,0.53,2026-06-20,v1.0
FB001844,BYR000541,PRD002129,Yes,Yes,Yes,Yes,No,No,Clicked and purchased,Positive,NORMAL,0.7,2026-06-03,v1.0
FB001845,BYR000674,PRD002074,Yes,Yes,Yes,No,No,No,Relevant recommendation,Neutral,NORMAL,0.86,2026-07-18,v1.0
FB001846,BYR000374,PRD001482,Yes,No,No,No,Yes,No,Not interested,Negative,NORMAL,0.94,2026-06-04,v1.0
FB001847,BYR000608,PRD001850,Yes,Yes,Yes,No,No,No,Too expensive for my budget,Neutral,NORMAL,0.98,2026-07-19,v1.0
FB001848,BYR000516,PRD000623,Yes,No,No,No,Yes,No,Already purchased elsewhere,Negative,RARE,0.68,2026-06-05,v1.0
FB001849,BYR000505,PRD001570,Yes,No,Yes,No,No,No,Not my style,Neutral,EDGE,0.94,2026-05-26,v1.0
FB001850,BYR000260,PRD002826,Yes,No,No,No,Yes,No,Already purchased elsewhere,Negative,NORMAL,0.91,2026-08-06,v1.0
FB001851,BYR000145,PRD002458,Yes,Yes,Yes,No,No,No,Relevant recommendation,Neutral,NORMAL,0.68,2026-06-27,v1.0
FB001852,BYR000418,PRD000910,Yes,No,No,No,Yes,No,Not interested,Negative,NORMAL,0.91,2026-05-12,v1.0
FB001853,BYR000254,PRD002732,Yes,No,Yes,No,No,No,Irrelevant to my search,Neutral,NORMAL,0.99,2026-05-26,v1.0
FB001854,BYR000501,PRD001791,Yes,Yes,Yes,No,No,No,Too expensive for my budget,Neutral,NORMAL,0.78,2026-07-11,v1.0
FB001855,BYR000814,PRD000049,Yes,No,No,No,Yes,No,Already purchased elsewhere,Negative,NORMAL,0.62,2026-06-18,v1.0
FB001856,BYR000229,PRD000634,Yes,No,Yes,No,No,No,Price too high 😅,Neutral,NORMAL,0.83,2026-05-11,v1.0
FB001857,BYR000860,PRD000083,Yes,No,Yes,No,No,No,Price too high 😅,Neutral,NEGATIVE,0.62,2026-06-20,v1.0
FB001858,BYR000444,PRD002649,Yes,No,No,No,Yes,No,Not interested,Negative,NORMAL,0.6,2026-07-30,v1.0
FB001859,BYR000200,PRD000162,Yes,No,No,No,Yes,No,Duplicate of item I already own,Negative,NORMAL,0.56,2026-05-15,v1.0
FB001860,BYR000636,PRD000983,Yes,No,No,No,Yes,No,Not interested,Negative,NORMAL,0.69,2026-05-10,v1.0
FB001861,BYR000998,PRD002211,Yes,No,No,No,Yes,No,Not interested,Negative,RARE,0.69,2026-05-28,v1.0
FB001862,BYR000845,PRD001128,Yes,No,No,No,Yes,No,Not interested,Negative,NORMAL,0.89,2026-08-03,v1.0
FB001863,BYR000263,PRD001003,Yes,No,Yes,No,No,No,Price too high 😅,Neutral,NORMAL,0.98,2026-05-25,v1.0
FB001864,BYR000450,PRD002484,Yes,Yes,Yes,Yes,No,No,Great match! ⭐⭐⭐⭐⭐,Positive,NORMAL,0.86,2026-07-22,v1.0
FB001865,BYR000945,PRD000612,Yes,Yes,Yes,No,No,No,Too expensive for my budget,Neutral,BOUNDARY,0.68,2026-05-14,v1.0
FB001866,BYR000828,PRD001695,Yes,Yes,Yes,No,No,No,Relevant recommendation,Neutral,NORMAL,0.87,2026-05-18,v1.0
FB001867,BYR000364,PRD000184,Yes,Yes,Yes,No,No,No,Relevant recommendation,Neutral,NORMAL,0.9,2026-07-15,v1.0
FB001868,BYR000637,PRD001150,Yes,No,No,No,Yes,No,Not interested,Negative,RARE,0.76,2026-08-05,v1.0
FB001869,BYR000956,PRD000267,Yes,No,No,No,Yes,No,Already purchased elsewhere,Negative,COLD_START,0.5,2026-06-22,v1.0
FB001870,BYR000619,PRD001860,Yes,No,Yes,No,No,No,Irrelevant to my search,Neutral,NORMAL,0.6,2026-07-15,v1.0
FB001871,BYR000190,PRD002450,Yes,No,Yes,No,No,No,Price too high 😅,Neutral,EDGE,0.6,2026-05-29,v1.0
FB001872,BYR000652,PRD000273,Yes,No,Yes,No,No,No,Not my style,Neutral,NORMAL,0.5,2026-05-17,v1.0
FB001873,BYR000263,PRD001086,Yes,Yes,Yes,No,No,No,"Good match, saved to wishlist",Neutral,NORMAL,0.54,2026-07-25,v1.0
FB001874,BYR000917,PRD002229,Yes,No,Yes,No,No,No,Irrelevant to my search,Neutral,NORMAL,0.93,2026-06-28,v1.0
FB001875,BYR000152,PRD002899,Yes,No,Yes,No,No,No,Price too high 😅,Neutral,COLD_START,0.89,2026-06-30,v1.0
FB001876,BYR000879,PRD002089,Yes,No,No,No,Yes,No,Already purchased elsewhere,Negative,BOUNDARY,0.99,2026-08-06,v1.0
FB001877,BYR000364,PRD002220,Yes,Yes,Yes,Yes,No,No,Great match! ⭐⭐⭐⭐⭐,Positive,NORMAL,0.61,2026-07-13,v1.0
FB001878,BYR000736,PRD001468,Yes,No,No,No,Yes,No,Not interested,Negative,RARE,0.73,2026-07-08,v1.0
FB001879,BYR000573,PRD000217,Yes,No,No,No,Yes,No,Duplicate of item I already own,Negative,BOUNDARY,0.57,2026-05-19,v1.0
FB001880,BYR000403,PRD000462,Yes,No,Yes,No,No,No,Irrelevant to my search,Neutral,NORMAL,0.72,2026-05-29,v1.0
FB001881,BYR000657,PRD001866,Yes,No,No,No,Yes,No,Already purchased elsewhere,Negative,COLD_START,0.74,2026-07-20,v1.0
FB001882,BYR000067,PRD000209,Yes,No,Yes,No,No,No,Irrelevant to my search,Neutral,BOUNDARY,0.98,2026-06-30,v1.0
FB001883,BYR000869,PRD001136,Yes,No,No,No,Yes,No,Not interested,Negative,NORMAL,0.78,2026-05-26,v1.0
FB001884,BYR000764,PRD000948,Yes,No,No,No,Yes,No,Duplicate of item I already own,Negative,BOUNDARY,1.0,2026-08-06,v1.0
FB001885,BYR000674,PRD000351,Yes,No,Yes,No,No,No,Not my style,Neutral,NORMAL,0.7,2026-07-09,v1.0
FB001886,BYR000954,PRD001053,Yes,Yes,Yes,No,No,No,Relevant recommendation,Neutral,NORMAL,0.6,2026-06-06,v1.0
FB001887,BYR000341,PRD000200,Yes,No,No,No,Yes,No,Not interested,Negative,NORMAL,0.83,2026-05-14,v1.0
FB001888,BYR000578,PRD000106,Yes,No,No,No,Yes,No,Duplicate of item I already own,Negative,NORMAL,0.59,2026-05-31,v1.0
FB001889,BYR000376,PRD002846,Yes,No,No,No,Yes,No,Duplicate of item I already own,Negative,NORMAL,0.87,2026-06-06,v1.0
FB001890,BYR000547,PRD002462,Yes,Yes,Yes,No,No,No,Too expensive for my budget,Neutral,RARE,0.56,2026-08-02,v1.0
FB001891,BYR000411,PRD001782,Yes,No,No,No,Yes,No,Already purchased elsewhere,Negative,COLD_START,0.71,2026-05-11,v1.0
FB001892,BYR000223,PRD002273,Yes,Yes,Yes,Yes,No,No,Great match! ⭐⭐⭐⭐⭐,Positive,NORMAL,0.77,2026-06-07,v1.0
FB001893,BYR000733,PRD001158,Yes,No,Yes,No,No,No,Price too high 😅,Neutral,NORMAL,0.95,2026-06-27,v1.0
FB001894,BYR000664,PRD001524,Yes,No,No,No,Yes,No,Not interested,Negative,COLD_START,0.84,2026-08-06,v1.0
FB001895,BYR000322,PRD001569,Yes,Yes,Yes,No,No,No,"Good match, saved to wishlist",Neutral,NORMAL,0.7,2026-06-17,v1.0
FB001896,BYR000232,PRD001390,Yes,Yes,Yes,No,No,No,"Good match, saved to wishlist",Neutral,NORMAL,0.86,2026-05-15,v1.0
FB001897,BYR000469,PRD001013,Yes,No,No,No,Yes,No,Not interested,Negative,NORMAL,0.71,2026-07-26,v1.0
FB001898,BYR000700,PRD000649,Yes,No,Yes,No,No,No,Not my style,Neutral,NORMAL,0.52,2026-06-16,v1.0
FB001899,BYR000058,PRD001219,Yes,No,No,No,Yes,No,Duplicate of item I already own,Negative,NORMAL,0.55,2026-06-14,v1.0
FB001900,BYR000184,PRD000847,Yes,No,Yes,No,No,No,Not my style,Neutral,NORMAL,0.69,2026-05-21,v1.0
FB001901,BYR000314,PRD001796,Yes,No,Yes,No,No,No,Irrelevant to my search,Neutral,NORMAL,0.93,2026-08-05,v1.0
FB001902,BYR000126,PRD000044,Yes,No,Yes,No,No,No,Price too high 😅,Neutral,NORMAL,0.87,2026-06-22,v1.0
FB001903,BYR000092,PRD002604,Yes,No,Yes,No,No,No,Irrelevant to my search,Neutral,NORMAL,0.82,2026-07-28,v1.0
FB001904,BYR000402,PRD000324,Yes,No,No,No,Yes,No,Already purchased elsewhere,Negative,NORMAL,0.8,2026-05-08,v1.0
FB001905,BYR000212,PRD002187,Yes,No,Yes,No,No,No,Irrelevant to my search,Neutral,NORMAL,0.57,2026-06-20,v1.0
FB001906,BYR000913,PRD001661,Yes,Yes,Yes,No,No,No,"Good match, saved to wishlist",Neutral,NORMAL,0.95,2026-07-19,v1.0
FB001907,BYR000320,PRD001922,Yes,No,No,No,Yes,Yes,Not interested,Negative,RARE,0.62,2026-06-03,v1.0
FB001908,BYR000918,PRD002716,Yes,Yes,Yes,No,No,No,Relevant recommendation,Neutral,NORMAL,0.76,2026-07-23,v1.0
FB001909,BYR000163,PRD002173,Yes,No,No,No,Yes,No,Duplicate of item I already own,Negative,NEGATIVE,0.63,2026-05-12,v1.0
FB001910,BYR000267,PRD000563,Yes,No,Yes,No,No,No,Irrelevant to my search,Neutral,NORMAL,0.54,2026-07-17,v1.0
FB001911,BYR000295,PRD001237,Yes,No,Yes,No,No,No,Price too high 😅,Neutral,NORMAL,0.73,2026-05-11,v1.0
FB001912,BYR000623,PRD000382,Yes,No,No,No,Yes,No,Not interested,Negative,EDGE,0.71,2026-05-12,v1.0
FB001913,BYR000632,PRD002071,Yes,Yes,Yes,No,No,No,"Good match, saved to wishlist",Neutral,NEGATIVE,0.73,2026-06-22,v1.0
FB001914,BYR000830,PRD001050,Yes,Yes,Yes,Yes,No,No,"Perfect timing, needed this",Positive,NORMAL,0.56,2026-07-30,v1.0
FB001915,BYR000488,PRD001531,Yes,No,Yes,No,No,No,Not my style,Neutral,NORMAL,0.74,2026-07-28,v1.0
FB001916,BYR000637,PRD001909,Yes,No,Yes,No,No,No,Irrelevant to my search,Neutral,NORMAL,0.58,2026-06-13,v1.0
FB001917,BYR000710,PRD002132,Yes,No,No,No,Yes,No,Duplicate of item I already own,Negative,NORMAL,0.58,2026-05-11,v1.0
FB001918,BYR000147,PRD002054,Yes,No,No,No,Yes,No,Duplicate of item I already own,Negative,NORMAL,0.62,2026-07-03,v1.0
FB001919,BYR000555,PRD001568,Yes,No,No,No,Yes,No,Not interested,Negative,NORMAL,0.7,2026-06-26,v1.0
FB001920,BYR000526,PRD000944,Yes,No,No,No,Yes,No,Not interested,Negative,NORMAL,0.82,2026-05-29,v1.0
FB001921,BYR000905,PRD000219,Yes,No,No,No,Yes,No,Already purchased elsewhere,Negative,NORMAL,0.54,2026-07-30,v1.0
FB001922,BYR000926,PRD000355,Yes,No,Yes,No,No,No,Irrelevant to my search,Neutral,NORMAL,0.7,2026-06-05,v1.0
FB001923,BYR000040,PRD002491,Yes,No,Yes,No,No,No,Not my style,Neutral,NEGATIVE,0.69,2026-05-17,v1.0
FB001924,BYR000616,PRD002984,Yes,No,No,No,Yes,No,Already purchased elsewhere,Negative,NORMAL,0.67,2026-06-07,v1.0
FB001925,BYR000217,PRD001719,Yes,No,No,No,Yes,No,Duplicate of item I already own,Negative,NORMAL,0.53,2026-06-17,v1.0
FB001926,BYR000748,PRD002804,Yes,No,No,No,Yes,No,Duplicate of item I already own,Negative,NEGATIVE,0.78,2026-07-23,v1.0
FB001927,BYR000783,PRD001623,Yes,No,No,No,Yes,No,Not interested,Negative,NORMAL,0.51,2026-06-03,v1.0
FB001928,BYR000720,PRD001812,Yes,No,No,No,Yes,No,Duplicate of item I already own,Negative,NORMAL,0.95,2026-07-14,v1.0
FB001929,BYR000183,PRD000719,Yes,No,Yes,No,No,No,Irrelevant to my search,Neutral,NORMAL,0.52,2026-05-31,v1.0
FB001930,BYR000386,PRD002488,Yes,No,Yes,No,No,No,Not my style,Neutral,NORMAL,0.52,2026-06-29,v1.0
FB001931,BYR000457,PRD000645,Yes,No,Yes,No,No,No,Irrelevant to my search,Neutral,RARE,0.97,2026-07-29,v1.0
FB001932,BYR000941,PRD000909,Yes,No,No,No,Yes,No,Not interested,Negative,EDGE,0.84,2026-07-02,v1.0
FB001933,BYR000645,PRD002270,Yes,No,No,No,Yes,Yes,Not interested,Negative,NORMAL,0.85,2026-07-09,v1.0
FB001934,BYR000225,PRD001961,Yes,No,No,No,Yes,No,Duplicate of item I already own,Negative,NORMAL,0.7,2026-05-23,v1.0
FB001935,BYR000219,PRD000967,Yes,No,Yes,No,No,No,Price too high 😅,Neutral,NORMAL,0.57,2026-06-27,v1.0
FB001936,BYR000758,PRD002874,Yes,Yes,Yes,No,No,No,Too expensive for my budget,Neutral,NORMAL,0.97,2026-07-01,v1.0
FB001937,BYR000395,PRD002767,Yes,Yes,Yes,No,No,No,"Good match, saved to wishlist",Neutral,NORMAL,0.54,2026-06-07,v1.0
FB001938,BYR000605,PRD001167,Yes,No,Yes,No,No,No,Irrelevant to my search,Neutral,BOUNDARY,0.72,2026-07-11,v1.0
FB001939,BYR000003,PRD002421,Yes,No,No,No,Yes,No,Not interested,Negative,NORMAL,0.51,2026-07-26,v1.0
FB001940,BYR000084,PRD001400,Yes,Yes,Yes,No,No,No,Relevant recommendation,Neutral,NORMAL,0.73,2026-07-09,v1.0
FB001941,BYR000933,PRD002242,Yes,No,Yes,No,No,No,Price too high 😅,Neutral,BOUNDARY,0.53,2026-07-23,v1.0
FB001942,BYR000506,PRD000742,Yes,Yes,Yes,No,No,No,Too expensive for my budget,Neutral,NORMAL,0.63,2026-05-18,v1.0
FB001943,BYR000022,PRD002509,Yes,No,Yes,No,No,No,Price too high 😅,Neutral,NORMAL,0.55,2026-07-26,v1.0
FB001944,BYR000613,PRD001355,Yes,No,No,No,Yes,No,Duplicate of item I already own,Negative,COLD_START,0.93,2026-07-30,v1.0
FB001945,BYR000134,PRD000245,Yes,No,No,No,Yes,No,Not interested,Negative,NORMAL,0.9,2026-08-01,v1.0
FB001946,BYR000540,PRD002672,Yes,No,No,No,Yes,No,Duplicate of item I already own,Negative,EDGE,0.81,2026-08-01,v1.0
FB001947,BYR000184,PRD001804,Yes,Yes,Yes,No,No,No,Relevant recommendation,Neutral,NORMAL,0.98,2026-05-24,v1.0
FB001948,BYR000802,PRD002929,Yes,No,No,No,Yes,No,Not interested,Negative,NORMAL,0.58,2026-07-10,v1.0
FB001949,BYR000252,PRD000052,Yes,No,No,No,Yes,No,Not interested,Negative,NORMAL,0.99,2026-07-17,v1.0
FB001950,BYR000503,PRD001681,Yes,No,Yes,No,No,No,Irrelevant to my search,Neutral,BOUNDARY,0.8,2026-07-13,v1.0
FB001951,BYR000697,PRD000042,Yes,Yes,Yes,No,No,No,"Good match, saved to wishlist",Neutral,NEGATIVE,0.73,2026-05-17,v1.0
FB001952,BYR000919,PRD001153,Yes,Yes,Yes,No,No,No,"Good match, saved to wishlist",Neutral,NORMAL,0.96,2026-05-21,v1.0
FB001953,BYR000489,PRD000480,Yes,No,No,No,Yes,No,Already purchased elsewhere,Negative,NORMAL,0.96,2026-07-12,v1.0
FB001954,BYR000986,PRD002155,Yes,Yes,Yes,Yes,No,No,"Perfect timing, needed this",Positive,NORMAL,0.66,2026-06-25,v1.0
FB001955,BYR000853,PRD001890,Yes,Yes,Yes,No,No,No,Too expensive for my budget,Neutral,EDGE,0.98,2026-07-18,v1.0
FB001956,BYR000040,PRD000440,Yes,Yes,Yes,No,No,No,Too expensive for my budget,Neutral,NORMAL,0.73,2026-07-14,v1.0
FB001957,BYR000120,PRD002083,Yes,No,No,No,Yes,No,Duplicate of item I already own,Negative,EDGE,0.76,2026-06-28,v1.0
FB001958,BYR000613,PRD001355,Yes,Yes,Yes,Yes,No,No,"Perfect timing, needed this",Positive,COLD_START,0.84,2026-05-28,v1.0
FB001959,BYR000114,PRD002012,Yes,No,No,No,Yes,No,Duplicate of item I already own,Negative,EDGE,0.79,2026-05-22,v1.0
FB001960,BYR000991,PRD001930,Yes,No,No,No,Yes,No,Already purchased elsewhere,Negative,NORMAL,0.8,2026-08-04,v1.0
FB001961,BYR000157,PRD002530,Yes,No,No,No,Yes,Yes,Duplicate of item I already own,Negative,NEGATIVE,0.61,2026-07-29,v1.0
FB001962,BYR000285,PRD000942,Yes,Yes,Yes,No,No,No,Relevant recommendation,Neutral,NEGATIVE,0.81,2026-07-31,v1.0
FB001963,BYR000900,PRD001618,Yes,No,No,No,Yes,No,Not interested,Negative,NORMAL,0.71,2026-07-09,v1.0
FB001964,BYR000994,PRD001157,Yes,No,Yes,No,No,No,Not my style,Neutral,NORMAL,0.92,2026-07-10,v1.0
FB001965,BYR000652,PRD002366,Yes,No,No,No,Yes,No,Not interested,Negative,NORMAL,0.92,2026-05-16,v1.0
FB001966,BYR000661,PRD000584,Yes,No,No,No,Yes,No,Not interested,Negative,NORMAL,0.66,2026-07-24,v1.0
FB001967,BYR000969,PRD000261,Yes,No,Yes,No,No,No,Irrelevant to my search,Neutral,NORMAL,0.62,2026-06-06,v1.0
FB001968,BYR000237,PRD001592,Yes,No,No,No,Yes,No,Not interested,Negative,NORMAL,0.97,2026-06-25,v1.0
FB001969,BYR000150,PRD001534,Yes,No,No,No,Yes,No,Duplicate of item I already own,Negative,NEGATIVE,0.8,2026-06-01,v1.0
FB001970,BYR000095,PRD002774,Yes,Yes,Yes,Yes,No,No,Clicked and purchased,Positive,NORMAL,0.54,2026-07-25,v1.0
FB001971,BYR000116,PRD001786,Yes,No,Yes,No,No,No,Irrelevant to my search,Neutral,NORMAL,0.62,2026-06-03,v1.0
FB001972,BYR000451,PRD000225,Yes,No,No,No,Yes,No,Not interested,Negative,NORMAL,0.83,2026-05-08,v1.0
FB001973,BYR000566,PRD000511,Yes,No,Yes,No,No,No,Price too high 😅,Neutral,NORMAL,0.99,2026-07-11,v1.0
FB001974,BYR000397,PRD001455,Yes,No,Yes,No,No,No,Price too high 😅,Neutral,EDGE,0.56,2026-06-14,v1.0
FB001975,BYR000954,PRD001053,Yes,No,No,No,Yes,No,Already purchased elsewhere,Negative,NORMAL,0.81,2026-07-10,v1.0
FB001976,BYR000993,PRD002787,Yes,No,No,No,Yes,No,Not interested,Negative,NORMAL,0.81,2026-05-24,v1.0
FB001977,BYR000965,PRD001259,Yes,No,Yes,No,No,No,Irrelevant to my search,Neutral,NORMAL,0.54,2026-08-04,v1.0
FB001978,BYR000375,PRD000222,Yes,No,No,No,Yes,No,Duplicate of item I already own,Negative,NORMAL,0.52,2026-05-21,v1.0
FB001979,BYR000372,PRD000185,Yes,No,No,No,Yes,No,Already purchased elsewhere,Negative,COLD_START,0.63,2026-05-10,v1.0
FB001980,BYR000691,PRD002048,Yes,No,Yes,No,No,No,Not my style,Neutral,NORMAL,0.54,2026-07-05,v1.0
FB001981,BYR000340,PRD000070,Yes,No,No,No,Yes,No,Duplicate of item I already own,Negative,NORMAL,0.86,2026-06-29,v1.0
FB001982,BYR000385,PRD002887,Yes,No,Yes,No,No,No,Price too high 😅,Neutral,NORMAL,0.94,2026-07-15,v1.0
FB001983,BYR000974,PRD002115,Yes,No,Yes,No,No,No,Price too high 😅,Neutral,NORMAL,0.61,2026-08-04,v1.0
FB001984,BYR000353,PRD001188,Yes,No,No,No,Yes,No,Already purchased elsewhere,Negative,NORMAL,0.7,2026-07-08,v1.0
FB001985,BYR000267,PRD001524,Yes,No,No,No,Yes,No,Already purchased elsewhere,Negative,COLD_START,0.54,2026-07-09,v1.0
FB001986,BYR000356,PRD001055,Yes,Yes,Yes,No,No,No,"Good match, saved to wishlist",Neutral,NORMAL,0.9,2026-06-26,v1.0
FB001987,BYR000128,PRD001935,Yes,No,No,No,Yes,No,Not interested,Negative,NORMAL,0.63,2026-05-28,v1.0
FB001988,BYR000276,PRD000845,Yes,No,No,No,Yes,No,Already purchased elsewhere,Negative,NORMAL,0.53,2026-06-10,v1.0
FB001989,BYR000884,PRD000992,Yes,No,Yes,No,No,No,Price too high 😅,Neutral,NEGATIVE,0.68,2026-07-02,v1.0
FB001990,BYR000747,PRD001168,Yes,Yes,Yes,No,No,No,Relevant recommendation,Neutral,EDGE,0.86,2026-07-27,v1.0
FB001991,BYR000441,PRD000782,Yes,No,Yes,No,No,No,Price too high 😅,Neutral,NORMAL,0.62,2026-06-04,v1.0
FB001992,BYR000635,PRD002681,Yes,No,Yes,No,No,No,Irrelevant to my search,Neutral,EDGE,0.89,2026-07-16,v1.0
FB001993,BYR000042,PRD000016,Yes,No,Yes,No,No,No,Not my style,Neutral,NORMAL,0.88,2026-07-02,v1.0
FB001994,BYR000645,PRD000814,Yes,No,Yes,No,No,No,Irrelevant to my search,Neutral,NORMAL,0.97,2026-07-08,v1.0
FB001995,BYR000213,PRD002134,Yes,No,Yes,No,No,No,Not my style,Neutral,NORMAL,0.7,2026-08-03,v1.0
FB001996,BYR000072,PRD000748,Yes,No,No,No,Yes,No,Not interested,Negative,NORMAL,0.53,2026-07-28,v1.0
FB001997,BYR000459,PRD001760,Yes,No,No,No,Yes,Yes,Not interested,Negative,BOUNDARY,0.81,2026-06-04,v1.0
FB001998,BYR000408,PRD000377,Yes,No,Yes,No,No,No,Price too high 😅,Neutral,NORMAL,0.72,2026-08-04,v1.0
FB001999,BYR000938,PRD000861,Yes,Yes,Yes,No,No,No,Too expensive for my budget,Neutral,RARE,0.62,2026-05-28,v1.0
FB002000,BYR000687,PRD002590,Yes,No,No,No,Yes,No,Not interested,Negative,NORMAL,0.58,2026-08-03,v1.0
FB002001,BYR000668,PRD002195,Yes,Yes,Yes,No,No,No,"Good match, saved to wishlist",Neutral,COLD_START,0.58,2026-05-16,v1.0
FB002002,BYR000548,PRD003000,Yes,No,Yes,No,No,No,Irrelevant to my search,Neutral,NORMAL,0.65,2026-07-25,v1.0
FB002003,BYR000293,PRD001167,Yes,No,Yes,No,No,No,Irrelevant to my search,Neutral,NORMAL,0.52,2026-07-04,v1.0
FB002004,BYR000928,PRD000227,Yes,Yes,Yes,Yes,No,No,"Perfect timing, needed this",Positive,NORMAL,0.68,2026-07-15,v1.0
FB002005,BYR000372,PRD000677,Yes,No,No,No,Yes,No,Duplicate of item I already own,Negative,NORMAL,0.98,2026-06-06,v1.0
FB002006,BYR000528,PRD002469,Yes,No,Yes,No,No,No,Irrelevant to my search,Neutral,EDGE,0.51,2026-05-30,v1.0
FB002007,BYR000689,PRD002213,Yes,Yes,Yes,No,No,No,Too expensive for my budget,Neutral,NORMAL,0.96,2026-06-27,v1.0
FB002008,BYR000245,PRD000970,Yes,No,No,No,Yes,No,Not interested,Negative,EDGE,0.76,2026-08-05,v1.0
FB002009,BYR000173,PRD001313,Yes,No,No,No,Yes,No,Already purchased elsewhere,Negative,NORMAL,0.94,2026-06-22,v1.0
FB002010,BYR000912,PRD001769,Yes,No,No,No,Yes,No,Already purchased elsewhere,Negative,NEGATIVE,0.57,2026-05-16,v1.0
FB002011,BYR000904,PRD002904,Yes,No,No,No,Yes,No,Already purchased elsewhere,Negative,NORMAL,0.68,2026-07-04,v1.0
FB002012,BYR000286,PRD001018,Yes,No,No,No,Yes,Yes,Duplicate of item I already own,Negative,BOUNDARY,0.89,2026-06-05,v1.0
FB002013,BYR000028,PRD001174,Yes,No,No,No,Yes,Yes,Already purchased elsewhere,Negative,NORMAL,0.57,2026-06-05,v1.0
FB002014,BYR000127,PRD002452,Yes,No,No,No,Yes,No,Duplicate of item I already own,Negative,NORMAL,0.68,2026-05-21,v1.0
FB002015,BYR000834,PRD000118,Yes,No,No,No,Yes,No,Duplicate of item I already own,Negative,NORMAL,0.54,2026-07-06,v1.0
FB002016,BYR000351,PRD001135,Yes,No,No,No,Yes,No,Already purchased elsewhere,Negative,NORMAL,0.7,2026-05-23,v1.0
FB002017,BYR000019,PRD002837,Yes,No,No,No,Yes,No,Duplicate of item I already own,Negative,NORMAL,0.81,2026-06-04,v1.0
FB002018,BYR000548,PRD001653,Yes,No,No,No,Yes,No,Duplicate of item I already own,Negative,COLD_START,0.79,2026-06-29,v1.0
FB002019,BYR000873,PRD000217,Yes,Yes,Yes,No,No,No,Too expensive for my budget,Neutral,NORMAL,0.88,2026-06-01,v1.0
FB002020,BYR000950,PRD001600,Yes,No,Yes,No,No,No,Irrelevant to my search,Neutral,BOUNDARY,0.96,2026-06-04,v1.0
FB002021,BYR000849,PRD001140,Yes,No,Yes,No,No,No,Price too high 😅,Neutral,NORMAL,0.76,2026-05-13,v1.0
FB002022,BYR000922,PRD002156,Yes,No,Yes,No,No,No,Price too high 😅,Neutral,NORMAL,0.84,2026-07-11,v1.0
FB002023,BYR000478,PRD001574,Yes,No,No,No,Yes,No,Duplicate of item I already own,Negative,NORMAL,0.59,2026-05-09,v1.0
FB002024,BYR000056,PRD000490,Yes,No,Yes,No,No,No,Irrelevant to my search,Neutral,RARE,0.72,2026-06-09,v1.0
FB002025,BYR000124,PRD002662,Yes,Yes,Yes,Yes,No,No,Clicked and purchased,Positive,NORMAL,0.55,2026-07-11,v1.0
FB002026,BYR000884,PRD002118,Yes,No,No,No,Yes,No,Not interested,Negative,BOUNDARY,0.79,2026-06-18,v1.0
FB002027,BYR000889,PRD002700,Yes,No,No,No,Yes,No,Not interested,Negative,NORMAL,0.87,2026-08-01,v1.0
FB002028,BYR000874,PRD001931,Yes,No,Yes,No,No,No,Price too high 😅,Neutral,NORMAL,0.84,2026-06-19,v1.0
FB002029,BYR000343,PRD002443,Yes,No,No,No,Yes,No,Duplicate of item I already own,Negative,NEGATIVE,0.9,2026-05-10,v1.0
FB002030,BYR000533,PRD002983,Yes,No,No,No,Yes,No,Not interested,Negative,NORMAL,0.73,2026-07-17,v1.0
FB002031,BYR000148,PRD002601,Yes,Yes,Yes,No,No,No,Too expensive for my budget,Neutral,NORMAL,0.56,2026-07-21,v1.0
FB002032,BYR000714,PRD001762,Yes,No,No,No,Yes,No,Not interested,Negative,NORMAL,0.77,2026-05-21,v1.0
FB002033,BYR000057,PRD002051,Yes,No,Yes,No,No,No,Not my style,Neutral,RARE,0.66,2026-07-21,v1.0
FB002034,BYR000780,PRD000044,Yes,No,Yes,No,No,No,Not my style,Neutral,NORMAL,0.58,2026-06-20,v1.0
FB002035,BYR000493,PRD002432,Yes,No,Yes,No,No,No,Not my style,Neutral,NORMAL,0.87,2026-05-24,v1.0
FB002036,BYR000474,PRD000255,Yes,No,No,No,Yes,No,Duplicate of item I already own,Negative,NEGATIVE,0.69,2026-06-03,v1.0
FB002037,BYR000416,PRD002023,Yes,No,No,No,Yes,No,Duplicate of item I already own,Negative,NORMAL,0.82,2026-06-26,v1.0
FB002038,BYR000986,PRD002903,Yes,No,No,No,Yes,Yes,Duplicate of item I already own,Negative,BOUNDARY,0.79,2026-05-22,v1.0
FB002039,BYR000067,PRD000874,Yes,Yes,Yes,No,No,No,Too expensive for my budget,Neutral,NORMAL,0.57,2026-05-18,v1.0
FB002040,BYR000319,PRD000311,Yes,No,No,No,Yes,No,Not interested,Negative,NORMAL,0.96,2026-07-07,v1.0
FB002041,BYR000866,PRD000630,Yes,No,No,No,Yes,No,Not interested,Negative,NORMAL,0.51,2026-06-16,v1.0
FB002042,BYR000659,PRD000688,Yes,No,No,No,Yes,Yes,Not interested,Negative,NORMAL,0.91,2026-07-29,v1.0
FB002043,BYR000157,PRD002848,Yes,Yes,Yes,No,No,No,"Good match, saved to wishlist",Neutral,NORMAL,0.83,2026-08-05,v1.0
FB002044,BYR000557,PRD001371,Yes,No,Yes,No,No,No,Price too high 😅,Neutral,NORMAL,0.92,2026-05-29,v1.0
FB002045,BYR000996,PRD000879,Yes,No,Yes,No,No,No,Not my style,Neutral,NORMAL,0.84,2026-05-20,v1.0
FB002046,BYR000513,PRD000185,Yes,No,Yes,No,No,No,Irrelevant to my search,Neutral,NORMAL,0.97,2026-06-30,v1.0
FB002047,BYR000188,PRD001141,Yes,Yes,Yes,Yes,No,No,Clicked and purchased,Positive,NORMAL,0.75,2026-06-16,v1.0
FB002048,BYR000402,PRD000893,Yes,No,No,No,Yes,No,Not interested,Negative,NORMAL,0.59,2026-05-08,v1.0
FB002049,BYR000011,PRD000972,Yes,No,No,No,Yes,No,Not interested,Negative,NORMAL,0.97,2026-06-19,v1.0
FB002050,BYR000904,PRD001339,Yes,Yes,Yes,No,No,No,Too expensive for my budget,Neutral,NORMAL,0.98,2026-07-09,v1.0
FB002051,BYR000397,PRD001168,Yes,Yes,Yes,No,No,No,"Good match, saved to wishlist",Neutral,NORMAL,0.66,2026-05-26,v1.0
FB002052,BYR000968,PRD000863,Yes,No,No,No,Yes,Yes,Duplicate of item I already own,Negative,COLD_START,0.71,2026-06-23,v1.0
FB002053,BYR000994,PRD001157,Yes,No,No,No,Yes,No,Not interested,Negative,NORMAL,0.65,2026-05-16,v1.0
FB002054,BYR000722,PRD000717,Yes,Yes,Yes,No,No,No,"Good match, saved to wishlist",Neutral,NORMAL,0.73,2026-06-05,v1.0
FB002055,BYR000192,PRD001465,Yes,No,No,No,Yes,No,Duplicate of item I already own,Negative,NORMAL,0.52,2026-07-22,v1.0
FB002056,BYR000459,PRD001166,Yes,No,No,No,Yes,No,Not interested,Negative,NORMAL,0.74,2026-06-07,v1.0
FB002057,BYR000566,PRD000511,Yes,Yes,Yes,No,No,No,Relevant recommendation,Neutral,NORMAL,0.68,2026-07-19,v1.0
FB002058,BYR000320,PRD001564,Yes,No,No,No,Yes,No,Duplicate of item I already own,Negative,NORMAL,0.96,2026-06-07,v1.0
FB002059,BYR000279,PRD002833,Yes,Yes,Yes,No,No,No,Relevant recommendation,Neutral,NORMAL,0.57,2026-05-14,v1.0
FB002060,BYR000102,PRD000883,Yes,No,No,No,Yes,No,Already purchased elsewhere,Negative,NORMAL,0.98,2026-06-25,v1.0
FB002061,BYR000363,PRD001067,Yes,Yes,Yes,Yes,No,No,Great match! ⭐⭐⭐⭐⭐,Positive,NORMAL,0.77,2026-06-06,v1.0
FB002062,BYR000891,PRD000934,Yes,Yes,Yes,Yes,No,No,Clicked and purchased,Positive,NORMAL,0.61,2026-05-13,v1.0
FB002063,BYR000726,PRD002879,Yes,No,No,No,Yes,No,Not interested,Negative,NORMAL,0.64,2026-06-10,v1.0
FB002064,BYR000962,PRD002242,Yes,No,Yes,No,No,No,Irrelevant to my search,Neutral,BOUNDARY,0.98,2026-05-30,v1.0
FB002065,BYR000530,PRD002235,Yes,Yes,Yes,Yes,No,No,Great match! ⭐⭐⭐⭐⭐,Positive,NORMAL,0.59,2026-06-20,v1.0
FB002066,BYR000557,PRD000177,Yes,No,No,No,Yes,Yes,Duplicate of item I already own,Negative,NEGATIVE,0.99,2026-06-08,v1.0
FB002067,BYR000199,PRD002990,Yes,No,No,No,Yes,No,Duplicate of item I already own,Negative,BOUNDARY,0.57,2026-05-15,v1.0
FB002068,BYR000067,PRD002515,Yes,No,Yes,No,No,No,Irrelevant to my search,Neutral,NORMAL,0.69,2026-06-07,v1.0
FB002069,BYR000816,PRD001284,Yes,No,Yes,No,No,No,Not my style,Neutral,NORMAL,0.97,2026-06-28,v1.0
FB002070,BYR000226,PRD001032,Yes,No,Yes,No,No,No,Price too high 😅,Neutral,NORMAL,0.52,2026-05-24,v1.0
FB002071,BYR000293,PRD001252,Yes,No,No,No,Yes,No,Not interested,Negative,NORMAL,0.75,2026-05-21,v1.0
FB002072,BYR000062,PRD000696,Yes,No,No,No,Yes,No,Not interested,Negative,NEGATIVE,0.73,2026-05-28,v1.0
FB002073,BYR000688,PRD001049,Yes,No,No,No,Yes,No,Not interested,Negative,RARE,0.67,2026-07-14,v1.0
FB002074,BYR000732,PRD001653,Yes,No,Yes,No,No,No,Price too high 😅,Neutral,NORMAL,0.58,2026-07-20,v1.0
FB002075,BYR000389,PRD001325,Yes,No,Yes,No,No,No,Irrelevant to my search,Neutral,NORMAL,0.87,2026-05-16,v1.0
FB002076,BYR000918,PRD000042,Yes,No,No,No,Yes,Yes,Not interested,Negative,NEGATIVE,0.78,2026-07-16,v1.0
FB002077,BYR000969,PRD002190,Yes,Yes,Yes,No,No,No,"Good match, saved to wishlist",Neutral,NORMAL,0.87,2026-06-19,v1.0
FB002078,BYR000478,PRD002294,Yes,No,No,No,Yes,Yes,Already purchased elsewhere,Negative,NORMAL,0.72,2026-07-26,v1.0
FB002079,BYR000026,PRD001987,Yes,No,Yes,No,No,No,Not my style,Neutral,NORMAL,0.65,2026-08-03,v1.0
FB002080,BYR000023,PRD002439,Yes,Yes,Yes,No,No,No,Too expensive for my budget,Neutral,NORMAL,0.84,2026-06-09,v1.0
FB002081,BYR000534,PRD000299,Yes,Yes,Yes,No,No,No,Relevant recommendation,Neutral,NORMAL,0.55,2026-07-12,v1.0
FB002082,BYR000312,PRD002336,Yes,No,No,No,Yes,No,Duplicate of item I already own,Negative,NORMAL,0.64,2026-05-27,v1.0
FB002083,BYR000739,PRD000104,Yes,No,Yes,No,No,No,Irrelevant to my search,Neutral,BOUNDARY,0.7,2026-07-22,v1.0
FB002084,BYR000754,PRD001921,Yes,No,No,No,Yes,No,Duplicate of item I already own,Negative,NORMAL,0.6,2026-06-26,v1.0
FB002085,BYR000938,PRD000925,Yes,No,No,No,Yes,No,Already purchased elsewhere,Negative,NORMAL,0.93,2026-07-16,v1.0
FB002086,BYR000575,PRD000175,Yes,No,Yes,No,No,No,Irrelevant to my search,Neutral,NORMAL,1.0,2026-08-01,v1.0
FB002087,BYR000771,PRD001834,Yes,No,No,No,Yes,No,Already purchased elsewhere,Negative,NEGATIVE,0.85,2026-08-05,v1.0
FB002088,BYR000105,PRD001192,Yes,No,No,No,Yes,No,Not interested,Negative,NORMAL,0.93,2026-06-19,v1.0
FB002089,BYR000322,PRD002769,Yes,No,Yes,No,No,No,Not my style,Neutral,RARE,0.69,2026-05-13,v1.0
FB002090,BYR000062,PRD000772,Yes,No,Yes,No,No,No,Irrelevant to my search,Neutral,NORMAL,0.55,2026-07-24,v1.0
FB002091,BYR000709,PRD002730,Yes,No,Yes,No,No,No,Not my style,Neutral,NORMAL,0.93,2026-05-18,v1.0
FB002092,BYR000741,PRD002619,Yes,Yes,Yes,No,No,No,Relevant recommendation,Neutral,NORMAL,0.73,2026-07-13,v1.0
FB002093,BYR000321,PRD002402,Yes,Yes,Yes,No,No,No,"Good match, saved to wishlist",Neutral,NORMAL,0.6,2026-06-12,v1.0
FB002094,BYR000060,PRD001125,Yes,No,No,No,Yes,No,Not interested,Negative,RARE,0.62,2026-05-20,v1.0
FB002095,BYR000797,PRD000394,Yes,No,No,No,Yes,No,Duplicate of item I already own,Negative,NORMAL,0.74,2026-06-17,v1.0
FB002096,BYR000364,PRD001540,Yes,No,Yes,No,No,No,Not my style,Neutral,RARE,0.72,2026-06-15,v1.0
FB002097,BYR000548,PRD002503,Yes,No,No,No,Yes,No,Not interested,Negative,NORMAL,0.6,2026-07-01,v1.0
FB002098,BYR000446,PRD000313,Yes,No,Yes,No,No,No,Not my style,Neutral,NORMAL,0.55,2026-06-17,v1.0
FB002099,BYR000939,PRD002491,Yes,No,No,No,Yes,No,Duplicate of item I already own,Negative,NEGATIVE,0.7,2026-07-13,v1.0
FB002100,BYR000173,PRD000944,Yes,No,No,No,Yes,No,Already purchased elsewhere,Negative,NEGATIVE,0.69,2026-07-22,v1.0
FB002101,BYR000229,PRD000741,Yes,No,No,No,Yes,No,Duplicate of item I already own,Negative,RARE,0.52,2026-05-26,v1.0
FB002102,BYR000894,PRD000969,Yes,No,Yes,No,No,No,Not my style,Neutral,NORMAL,0.8,2026-05-16,v1.0
FB002103,BYR000897,PRD002598,Yes,Yes,Yes,Yes,No,No,Great match! ⭐⭐⭐⭐⭐,Positive,NORMAL,0.61,2026-06-29,v1.0
FB002104,BYR000446,PRD002080,Yes,No,No,No,Yes,Yes,Already purchased elsewhere,Negative,NEGATIVE,0.83,2026-05-10,v1.0
FB002105,BYR000286,PRD001046,Yes,Yes,Yes,No,No,No,Relevant recommendation,Neutral,BOUNDARY,0.97,2026-07-14,v1.0
FB002106,BYR000592,PRD001991,Yes,No,No,No,Yes,No,Already purchased elsewhere,Negative,NORMAL,0.86,2026-06-27,v1.0
FB002107,BYR000072,PRD002444,Yes,No,Yes,No,No,No,Price too high 😅,Neutral,RARE,0.9,2026-06-15,v1.0
FB002108,BYR000111,PRD000432,Yes,No,Yes,No,No,No,Irrelevant to my search,Neutral,NORMAL,0.53,2026-05-25,v1.0
FB002109,BYR000127,PRD000720,Yes,Yes,Yes,Yes,No,No,"Perfect timing, needed this",Positive,EDGE,0.67,2026-06-17,v1.0
FB002110,BYR000947,PRD001188,Yes,No,Yes,No,No,No,Irrelevant to my search,Neutral,EDGE,0.93,2026-07-26,v1.0
FB002111,BYR000681,PRD000241,Yes,No,No,No,Yes,No,Already purchased elsewhere,Negative,NORMAL,0.91,2026-05-28,v1.0
FB002112,BYR000663,PRD000330,Yes,No,Yes,No,No,No,Irrelevant to my search,Neutral,NORMAL,0.91,2026-07-20,v1.0
FB002113,BYR000908,PRD002996,Yes,No,No,No,Yes,No,Already purchased elsewhere,Negative,NORMAL,0.95,2026-05-15,v1.0
FB002114,BYR000306,PRD000324,Yes,No,Yes,No,No,No,Not my style,Neutral,NORMAL,0.59,2026-05-16,v1.0
FB002115,BYR000292,PRD002799,Yes,No,No,No,Yes,No,Not interested,Negative,NORMAL,0.75,2026-07-08,v1.0
FB002116,BYR000760,PRD000875,Yes,Yes,Yes,No,No,No,"Good match, saved to wishlist",Neutral,NORMAL,0.67,2026-07-24,v1.0
FB002117,BYR000208,PRD001607,Yes,No,No,No,Yes,No,Not interested,Negative,NORMAL,0.76,2026-06-19,v1.0
FB002118,BYR000468,PRD002699,Yes,Yes,Yes,No,No,No,Relevant recommendation,Neutral,NORMAL,0.79,2026-05-31,v1.0
FB002119,BYR000972,PRD001656,Yes,Yes,Yes,No,No,No,Too expensive for my budget,Neutral,NORMAL,0.54,2026-07-22,v1.0
FB002120,BYR000655,PRD002581,Yes,No,Yes,No,No,No,Not my style,Neutral,EDGE,0.94,2026-06-25,v1.0
FB002121,BYR000780,PRD000796,Yes,No,Yes,No,No,No,Not my style,Neutral,NORMAL,0.74,2026-07-30,v1.0
FB002122,BYR000319,PRD001243,Yes,Yes,Yes,No,No,No,Relevant recommendation,Neutral,NORMAL,0.62,2026-06-20,v1.0
FB002123,BYR000075,PRD002740,Yes,No,No,No,Yes,No,Duplicate of item I already own,Negative,NORMAL,0.75,2026-05-08,v1.0
FB002124,BYR000900,PRD001618,Yes,Yes,Yes,No,No,No,"Good match, saved to wishlist",Neutral,NORMAL,0.53,2026-07-23,v1.0
FB002125,BYR000406,PRD002443,Yes,No,Yes,No,No,No,Not my style,Neutral,NEGATIVE,0.65,2026-07-07,v1.0
FB002126,BYR000296,PRD001281,Yes,No,Yes,No,No,No,Not my style,Neutral,NORMAL,0.93,2026-07-29,v1.0
FB002127,BYR000160,PRD002499,Yes,No,No,No,Yes,No,Not interested,Negative,NORMAL,0.62,2026-06-20,v1.0
FB002128,BYR000125,PRD001574,Yes,No,Yes,No,No,No,Price too high 😅,Neutral,NEGATIVE,1.0,2026-05-13,v1.0
FB002129,BYR000664,PRD002846,Yes,No,No,No,Yes,No,Duplicate of item I already own,Negative,NORMAL,0.59,2026-08-01,v1.0
FB002130,BYR000606,PRD002330,Yes,Yes,Yes,No,No,No,Too expensive for my budget,Neutral,RARE,0.9,2026-07-14,v1.0
FB002131,BYR000360,PRD002112,Yes,No,No,No,Yes,No,Duplicate of item I already own,Negative,COLD_START,0.94,2026-07-15,v1.0
FB002132,BYR000861,PRD000201,Yes,No,No,No,Yes,No,Duplicate of item I already own,Negative,NORMAL,0.72,2026-05-30,v1.0
FB002133,BYR000530,PRD002993,Yes,No,No,No,Yes,No,Not interested,Negative,NORMAL,0.58,2026-06-14,v1.0
FB002134,BYR000595,PRD002088,Yes,Yes,Yes,No,No,No,Too expensive for my budget,Neutral,NORMAL,0.88,2026-05-08,v1.0
FB002135,BYR000053,PRD001153,Yes,No,No,No,Yes,No,Duplicate of item I already own,Negative,NEGATIVE,0.92,2026-05-12,v1.0
FB002136,BYR000324,PRD001414,Yes,No,No,No,Yes,Yes,Already purchased elsewhere,Negative,EDGE,0.84,2026-07-13,v1.0
FB002137,BYR000828,PRD002608,Yes,No,No,No,Yes,No,Already purchased elsewhere,Negative,NORMAL,0.71,2026-06-07,v1.0
FB002138,BYR000654,PRD002876,Yes,Yes,Yes,No,No,No,Relevant recommendation,Neutral,NORMAL,0.93,2026-06-28,v1.0
FB002139,BYR000355,PRD001456,Yes,No,No,No,Yes,No,Duplicate of item I already own,Negative,NORMAL,0.89,2026-07-17,v1.0
FB002140,BYR000356,PRD002788,Yes,No,Yes,No,No,No,Price too high 😅,Neutral,NORMAL,0.8,2026-07-20,v1.0
FB002141,BYR000917,PRD002559,Yes,No,No,No,Yes,No,Already purchased elsewhere,Negative,NORMAL,0.71,2026-08-01,v1.0
FB002142,BYR000215,PRD002750,Yes,No,No,No,Yes,No,Duplicate of item I already own,Negative,NORMAL,0.94,2026-07-07,v1.0
FB002143,BYR000410,PRD000696,Yes,No,Yes,No,No,No,Not my style,Neutral,NEGATIVE,0.55,2026-05-08,v1.0
FB002144,BYR000998,PRD001527,Yes,No,Yes,No,No,No,Irrelevant to my search,Neutral,NORMAL,0.66,2026-06-12,v1.0
FB002145,BYR000667,PRD001292,Yes,No,No,No,Yes,No,Not interested,Negative,RARE,0.71,2026-07-26,v1.0
FB002146,BYR000128,PRD002915,Yes,Yes,Yes,No,No,No,Relevant recommendation,Neutral,EDGE,0.74,2026-05-25,v1.0
FB002147,BYR000951,PRD000955,Yes,No,Yes,No,No,No,Not my style,Neutral,NORMAL,0.53,2026-05-14,v1.0
FB002148,BYR000951,PRD000786,Yes,No,No,No,Yes,No,Not interested,Negative,NORMAL,0.63,2026-06-12,v1.0
FB002149,BYR000828,PRD000938,Yes,Yes,Yes,No,No,No,"Good match, saved to wishlist",Neutral,NORMAL,0.51,2026-07-24,v1.0
FB002150,BYR000289,PRD000332,Yes,No,No,No,Yes,No,Not interested,Negative,NORMAL,0.52,2026-06-24,v1.0
FB002151,BYR000263,PRD001086,Yes,Yes,Yes,No,No,No,Relevant recommendation,Neutral,NORMAL,0.68,2026-05-18,v1.0
FB002152,BYR000556,PRD000213,Yes,No,No,No,Yes,No,Not interested,Negative,NORMAL,0.56,2026-07-13,v1.0
FB002153,BYR000807,PRD000914,Yes,No,Yes,No,No,No,Price too high 😅,Neutral,NORMAL,0.98,2026-07-28,v1.0
FB002154,BYR000650,PRD001002,Yes,Yes,Yes,Yes,No,No,"Perfect timing, needed this",Positive,NORMAL,0.6,2026-07-01,v1.0
FB002155,BYR000132,PRD002055,Yes,No,No,No,Yes,No,Not interested,Negative,NORMAL,0.79,2026-05-12,v1.0
FB002156,BYR000483,PRD000044,Yes,Yes,Yes,No,No,No,Relevant recommendation,Neutral,NORMAL,0.81,2026-06-16,v1.0
FB002157,BYR000081,PRD002909,Yes,No,No,No,Yes,No,Not interested,Negative,NORMAL,0.96,2026-05-29,v1.0
FB002158,BYR000272,PRD002854,Yes,No,Yes,No,No,No,Price too high 😅,Neutral,NORMAL,0.61,2026-05-11,v1.0
FB002159,BYR000237,PRD000715,Yes,Yes,Yes,No,No,No,Relevant recommendation,Neutral,NORMAL,0.97,2026-05-31,v1.0
FB002160,BYR000141,PRD000001,Yes,Yes,Yes,Yes,No,No,Clicked and purchased,Positive,NORMAL,0.9,2026-07-06,v1.0
FB002161,BYR000569,PRD001643,Yes,Yes,Yes,No,No,No,"Good match, saved to wishlist",Neutral,NORMAL,0.75,2026-07-31,v1.0
FB002162,BYR000978,PRD002859,Yes,No,Yes,No,No,No,Not my style,Neutral,NORMAL,0.52,2026-07-19,v1.0
FB002163,BYR000752,PRD000546,Yes,No,No,No,Yes,No,Not interested,Negative,COLD_START,0.85,2026-06-09,v1.0
FB002164,BYR000203,PRD000147,Yes,No,Yes,No,No,No,Price too high 😅,Neutral,NORMAL,0.73,2026-07-22,v1.0
FB002165,BYR000200,PRD000164,Yes,No,Yes,No,No,No,Price too high 😅,Neutral,NORMAL,0.91,2026-05-21,v1.0
FB002166,BYR000743,PRD001103,Yes,No,No,No,Yes,No,Already purchased elsewhere,Negative,EDGE,0.58,2026-07-14,v1.0
FB002167,BYR000463,PRD001132,Yes,No,No,No,Yes,No,Already purchased elsewhere,Negative,NORMAL,0.84,2026-05-26,v1.0
FB002168,BYR000524,PRD002227,Yes,No,Yes,No,No,No,Not my style,Neutral,NORMAL,1.0,2026-05-31,v1.0
FB002169,BYR000196,PRD000109,Yes,No,Yes,No,No,No,Price too high 😅,Neutral,EDGE,0.85,2026-07-06,v1.0
FB002170,BYR000199,PRD000496,Yes,No,Yes,No,No,No,Price too high 😅,Neutral,RARE,0.68,2026-05-31,v1.0
FB002171,BYR000866,PRD002876,Yes,No,Yes,No,No,No,Price too high 😅,Neutral,NORMAL,0.66,2026-08-05,v1.0
FB002172,BYR000951,PRD002971,Yes,No,Yes,No,No,No,Not my style,Neutral,BOUNDARY,0.69,2026-05-22,v1.0
FB002173,BYR000308,PRD001149,Yes,No,No,No,Yes,Yes,Already purchased elsewhere,Negative,NORMAL,0.66,2026-05-25,v1.0
FB002174,BYR000804,PRD001261,Yes,Yes,Yes,No,No,No,"Good match, saved to wishlist",Neutral,NORMAL,0.54,2026-06-23,v1.0
FB002175,BYR000692,PRD002656,Yes,No,No,No,Yes,No,Already purchased elsewhere,Negative,NORMAL,0.51,2026-07-02,v1.0
FB002176,BYR000913,PRD000074,Yes,Yes,Yes,No,No,No,Too expensive for my budget,Neutral,NORMAL,0.53,2026-05-11,v1.0
FB002177,BYR000040,PRD001410,Yes,Yes,Yes,Yes,No,No,Clicked and purchased,Positive,NORMAL,0.51,2026-06-24,v1.0
FB002178,BYR000548,PRD001462,Yes,No,No,No,Yes,Yes,Duplicate of item I already own,Negative,NORMAL,0.88,2026-05-16,v1.0
FB002179,BYR000822,PRD000541,Yes,No,No,No,Yes,No,Already purchased elsewhere,Negative,BOUNDARY,0.65,2026-05-20,v1.0
FB002180,BYR000042,PRD001522,Yes,No,No,No,Yes,No,Already purchased elsewhere,Negative,NORMAL,0.55,2026-06-09,v1.0
FB002181,BYR000887,PRD000253,Yes,No,No,No,Yes,No,Already purchased elsewhere,Negative,NORMAL,0.63,2026-06-03,v1.0
FB002182,BYR000884,PRD002857,Yes,No,Yes,No,No,No,Irrelevant to my search,Neutral,BOUNDARY,0.79,2026-06-03,v1.0
FB002183,BYR000355,PRD001447,Yes,No,No,No,Yes,No,Duplicate of item I already own,Negative,BOUNDARY,0.99,2026-06-19,v1.0
FB002184,BYR000228,PRD002035,Yes,No,No,No,Yes,No,Already purchased elsewhere,Negative,NORMAL,0.86,2026-06-30,v1.0
FB002185,BYR000343,PRD002311,Yes,No,Yes,No,No,No,Not my style,Neutral,NORMAL,0.72,2026-06-01,v1.0
FB002186,BYR000486,PRD000101,Yes,No,No,No,Yes,No,Not interested,Negative,NORMAL,0.79,2026-05-15,v1.0
FB002187,BYR000601,PRD000991,Yes,No,Yes,No,No,No,Price too high 😅,Neutral,COLD_START,0.95,2026-05-21,v1.0
FB002188,BYR000095,PRD002591,Yes,Yes,Yes,No,No,No,Relevant recommendation,Neutral,COLD_START,0.8,2026-06-19,v1.0
FB002189,BYR000293,PRD000454,Yes,Yes,Yes,No,No,No,"Good match, saved to wishlist",Neutral,NORMAL,0.54,2026-05-12,v1.0
FB002190,BYR000184,PRD001465,Yes,No,Yes,No,No,No,Irrelevant to my search,Neutral,NORMAL,0.57,2026-06-15,v1.0
FB002191,BYR000674,PRD001606,Yes,No,No,No,Yes,No,Duplicate of item I already own,Negative,NORMAL,0.85,2026-08-05,v1.0
FB002192,BYR000838,PRD002365,Yes,No,No,No,Yes,No,Not interested,Negative,NORMAL,0.99,2026-08-03,v1.0
FB002193,BYR000805,PRD002418,Yes,No,Yes,No,No,No,Price too high 😅,Neutral,NORMAL,0.83,2026-05-19,v1.0
FB002194,BYR000947,PRD000882,Yes,No,No,No,Yes,No,Already purchased elsewhere,Negative,NORMAL,0.91,2026-07-25,v1.0
FB002195,BYR000240,PRD002608,Yes,Yes,Yes,No,No,No,Too expensive for my budget,Neutral,NORMAL,0.59,2026-08-02,v1.0
FB002196,BYR000037,PRD000078,Yes,No,No,No,Yes,No,Already purchased elsewhere,Negative,NORMAL,0.56,2026-06-20,v1.0
FB002197,BYR000193,PRD001349,Yes,No,Yes,No,No,No,Price too high 😅,Neutral,NORMAL,0.73,2026-07-25,v1.0
FB002198,BYR000299,PRD000335,Yes,Yes,Yes,No,No,No,"Good match, saved to wishlist",Neutral,NORMAL,0.9,2026-05-11,v1.0
FB002199,BYR000445,PRD000522,Yes,No,No,No,Yes,No,Not interested,Negative,NORMAL,1.0,2026-05-17,v1.0
FB002200,BYR000932,PRD002999,Yes,No,No,No,Yes,No,Not interested,Negative,BOUNDARY,0.58,2026-05-15,v1.0
FB002201,BYR000161,PRD000592,Yes,No,No,No,Yes,No,Already purchased elsewhere,Negative,NORMAL,0.68,2026-06-17,v1.0
FB002202,BYR000163,PRD000798,Yes,No,No,No,Yes,No,Already purchased elsewhere,Negative,NORMAL,0.96,2026-06-07,v1.0
FB002203,BYR000263,PRD001391,Yes,No,No,No,Yes,No,Already purchased elsewhere,Negative,BOUNDARY,0.56,2026-05-12,v1.0
FB002204,BYR000199,PRD002709,Yes,Yes,Yes,No,No,No,Too expensive for my budget,Neutral,NORMAL,0.53,2026-07-31,v1.0
FB002205,BYR000973,PRD000473,Yes,No,No,No,Yes,Yes,Duplicate of item I already own,Negative,NORMAL,0.8,2026-07-12,v1.0
FB002206,BYR000944,PRD001171,Yes,Yes,Yes,No,No,No,Too expensive for my budget,Neutral,NEGATIVE,0.73,2026-06-19,v1.0
FB002207,BYR000678,PRD002232,Yes,No,No,No,Yes,No,Not interested,Negative,NORMAL,0.65,2026-07-11,v1.0
FB002208,BYR000752,PRD002779,Yes,Yes,Yes,No,No,No,Relevant recommendation,Neutral,NORMAL,0.86,2026-07-12,v1.0
FB002209,BYR000648,PRD000860,Yes,No,No,No,Yes,No,Duplicate of item I already own,Negative,NORMAL,0.74,2026-08-06,v1.0
FB002210,BYR000767,PRD002568,Yes,No,No,No,Yes,No,Duplicate of item I already own,Negative,NORMAL,0.52,2026-05-24,v1.0
FB002211,BYR000122,PRD002604,Yes,No,Yes,No,No,No,Price too high 😅,Neutral,NORMAL,0.8,2026-07-31,v1.0
FB002212,BYR000683,PRD001099,Yes,No,No,No,Yes,No,Duplicate of item I already own,Negative,BOUNDARY,0.53,2026-07-23,v1.0
FB002213,BYR000557,PRD001849,Yes,No,Yes,No,No,No,Irrelevant to my search,Neutral,NORMAL,0.77,2026-07-27,v1.0
FB002214,BYR000659,PRD001507,Yes,No,No,No,Yes,No,Already purchased elsewhere,Negative,NORMAL,0.61,2026-06-15,v1.0
FB002215,BYR000623,PRD002899,Yes,No,Yes,No,No,No,Price too high 😅,Neutral,NORMAL,0.92,2026-07-31,v1.0
FB002216,BYR000164,PRD000911,Yes,No,No,No,Yes,No,Duplicate of item I already own,Negative,NORMAL,0.81,2026-05-16,v1.0
FB002217,BYR000416,PRD002198,Yes,Yes,Yes,No,No,No,Too expensive for my budget,Neutral,NORMAL,0.8,2026-06-28,v1.0
FB002218,BYR000238,PRD000992,Yes,Yes,Yes,No,No,No,Too expensive for my budget,Neutral,NEGATIVE,0.58,2026-05-19,v1.0
FB002219,BYR000035,PRD001103,Yes,No,No,No,Yes,No,Not interested,Negative,NORMAL,0.98,2026-06-20,v1.0
FB002220,BYR000274,PRD002380,Yes,No,No,No,Yes,No,Duplicate of item I already own,Negative,NORMAL,0.58,2026-07-14,v1.0
FB002221,BYR000526,PRD000995,Yes,Yes,Yes,Yes,No,No,"Perfect timing, needed this",Positive,NORMAL,0.8,2026-06-21,v1.0
FB002222,BYR000250,PRD000984,Yes,No,Yes,No,No,No,Not my style,Neutral,NORMAL,0.93,2026-07-21,v1.0
FB002223,BYR000486,PRD001113,Yes,No,No,No,Yes,No,Duplicate of item I already own,Negative,NORMAL,0.5,2026-07-23,v1.0
FB002224,BYR000667,PRD001292,Yes,Yes,Yes,No,No,No,Too expensive for my budget,Neutral,RARE,0.55,2026-07-19,v1.0
FB002225,BYR000033,PRD000758,Yes,No,No,No,Yes,No,Already purchased elsewhere,Negative,NORMAL,1.0,2026-07-05,v1.0
FB002226,BYR000346,PRD002335,Yes,No,Yes,No,No,No,Price too high 😅,Neutral,NORMAL,0.82,2026-07-14,v1.0
FB002227,BYR000250,PRD000984,Yes,Yes,Yes,No,No,No,Too expensive for my budget,Neutral,NORMAL,0.84,2026-06-17,v1.0
FB002228,BYR000311,PRD001686,Yes,No,No,No,Yes,No,Already purchased elsewhere,Negative,NORMAL,0.68,2026-06-03,v1.0
FB002229,BYR000484,PRD001090,Yes,No,Yes,No,No,No,Not my style,Neutral,EDGE,0.94,2026-05-25,v1.0
FB002230,BYR000558,PRD001499,Yes,No,No,No,Yes,No,Already purchased elsewhere,Negative,NORMAL,0.93,2026-07-09,v1.0
FB002231,BYR000972,PRD001116,Yes,No,No,No,Yes,No,Duplicate of item I already own,Negative,NEGATIVE,0.58,2026-06-01,v1.0
FB002232,BYR000515,PRD001355,Yes,No,No,No,Yes,No,Not interested,Negative,NORMAL,0.56,2026-05-19,v1.0
FB002233,BYR000612,PRD002912,Yes,Yes,Yes,Yes,No,No,"Perfect timing, needed this",Positive,NORMAL,0.72,2026-07-27,v1.0
FB002234,BYR000746,PRD000623,Yes,No,No,No,Yes,No,Already purchased elsewhere,Negative,NORMAL,0.87,2026-06-27,v1.0
FB002235,BYR000220,PRD001643,Yes,No,Yes,No,No,No,Irrelevant to my search,Neutral,NORMAL,0.77,2026-05-18,v1.0
FB002236,BYR000578,PRD001757,Yes,No,No,No,Yes,No,Not interested,Negative,NORMAL,0.59,2026-08-03,v1.0
FB002237,BYR000898,PRD001782,Yes,Yes,Yes,No,No,No,Relevant recommendation,Neutral,NORMAL,0.6,2026-07-01,v1.0
FB002238,BYR000556,PRD000014,Yes,Yes,Yes,No,No,No,Too expensive for my budget,Neutral,NEGATIVE,0.58,2026-06-17,v1.0
FB002239,BYR000056,PRD000254,Yes,No,Yes,No,No,No,Irrelevant to my search,Neutral,NORMAL,0.55,2026-07-01,v1.0
FB002240,BYR000150,PRD000264,Yes,No,No,No,Yes,No,Duplicate of item I already own,Negative,RARE,0.75,2026-06-13,v1.0
FB002241,BYR000590,PRD000191,Yes,No,Yes,No,No,No,Price too high 😅,Neutral,NORMAL,0.84,2026-06-06,v1.0
FB002242,BYR000432,PRD001138,Yes,No,Yes,No,No,No,Irrelevant to my search,Neutral,NORMAL,1.0,2026-05-15,v1.0
FB002243,BYR000761,PRD001925,Yes,No,No,No,Yes,No,Already purchased elsewhere,Negative,NORMAL,0.75,2026-07-12,v1.0
FB002244,BYR000911,PRD001090,Yes,No,Yes,No,No,No,Not my style,Neutral,BOUNDARY,0.84,2026-07-27,v1.0
FB002245,BYR000858,PRD001445,Yes,Yes,Yes,No,No,No,"Good match, saved to wishlist",Neutral,EDGE,0.86,2026-05-29,v1.0
FB002246,BYR000119,PRD001555,Yes,No,No,No,Yes,Yes,Not interested,Negative,NORMAL,0.5,2026-06-05,v1.0
FB002247,BYR000890,PRD000559,Yes,Yes,Yes,Yes,No,No,"Perfect timing, needed this",Positive,NORMAL,0.55,2026-05-13,v1.0
FB002248,BYR000214,PRD001674,Yes,No,No,No,Yes,No,Not interested,Negative,BOUNDARY,0.89,2026-05-19,v1.0
FB002249,BYR000426,PRD002276,Yes,No,Yes,No,No,No,Not my style,Neutral,COLD_START,0.76,2026-07-08,v1.0
FB002250,BYR000806,PRD002892,Yes,Yes,Yes,Yes,No,No,"Perfect timing, needed this",Positive,NORMAL,0.67,2026-07-05,v1.0
FB002251,BYR000676,PRD001104,Yes,No,No,No,Yes,No,Not interested,Negative,NORMAL,0.56,2026-06-28,v1.0
FB002252,BYR000300,PRD000473,Yes,No,Yes,No,No,No,Irrelevant to my search,Neutral,NORMAL,0.6,2026-06-12,v1.0
FB002253,BYR000150,PRD000264,Yes,No,Yes,No,No,No,Not my style,Neutral,RARE,0.73,2026-05-28,v1.0
FB002254,BYR000157,PRD002848,Yes,No,No,No,Yes,No,Duplicate of item I already own,Negative,NORMAL,0.84,2026-06-26,v1.0
FB002255,BYR000781,PRD000219,Yes,No,Yes,No,No,No,Not my style,Neutral,BOUNDARY,0.71,2026-08-02,v1.0
FB002256,BYR000453,PRD000686,Yes,No,Yes,No,No,No,Irrelevant to my search,Neutral,NORMAL,0.59,2026-05-22,v1.0
FB002257,BYR000400,PRD002226,Yes,No,No,No,Yes,No,Duplicate of item I already own,Negative,NORMAL,0.98,2026-06-13,v1.0
FB002258,BYR000889,PRD001297,Yes,Yes,Yes,No,No,No,Too expensive for my budget,Neutral,RARE,0.57,2026-06-04,v1.0
FB002259,BYR000740,PRD002164,Yes,Yes,Yes,No,No,No,Too expensive for my budget,Neutral,RARE,0.68,2026-07-07,v1.0
FB002260,BYR000547,PRD000492,Yes,Yes,Yes,No,No,No,Too expensive for my budget,Neutral,NORMAL,0.68,2026-06-28,v1.0
FB002261,BYR000789,PRD000773,Yes,No,No,No,Yes,No,Duplicate of item I already own,Negative,RARE,0.51,2026-07-06,v1.0
FB002262,BYR000252,PRD001405,Yes,No,No,No,Yes,No,Already purchased elsewhere,Negative,NORMAL,0.76,2026-05-24,v1.0
FB002263,BYR000694,PRD000240,Yes,Yes,Yes,No,No,No,Relevant recommendation,Neutral,NORMAL,0.97,2026-06-16,v1.0
FB002264,BYR000770,PRD001294,Yes,Yes,Yes,No,No,No,"Good match, saved to wishlist",Neutral,NORMAL,0.58,2026-06-26,v1.0
FB002265,BYR000988,PRD002806,Yes,Yes,Yes,No,No,No,Relevant recommendation,Neutral,EDGE,0.56,2026-07-18,v1.0
FB002266,BYR000031,PRD002378,Yes,No,No,No,Yes,No,Already purchased elsewhere,Negative,EDGE,0.54,2026-07-03,v1.0
FB002267,BYR000816,PRD001851,Yes,No,Yes,No,No,No,Price too high 😅,Neutral,NORMAL,0.52,2026-06-29,v1.0
FB002268,BYR000420,PRD002200,Yes,Yes,Yes,Yes,No,No,Great match! ⭐⭐⭐⭐⭐,Positive,NORMAL,0.54,2026-06-22,v1.0
FB002269,BYR000475,PRD002378,Yes,Yes,Yes,No,No,No,"Good match, saved to wishlist",Neutral,NORMAL,0.95,2026-07-18,v1.0
FB002270,BYR000887,PRD001913,Yes,No,Yes,No,No,No,Not my style,Neutral,NORMAL,0.59,2026-07-09,v1.0
FB002271,BYR000666,PRD002131,Yes,No,Yes,No,No,No,Price too high 😅,Neutral,EDGE,0.83,2026-05-18,v1.0
FB002272,BYR000556,PRD002413,Yes,No,Yes,No,No,No,Irrelevant to my search,Neutral,NORMAL,0.82,2026-07-22,v1.0
FB002273,BYR000619,PRD000259,Yes,No,Yes,No,No,No,Irrelevant to my search,Neutral,NEGATIVE,0.56,2026-08-04,v1.0
FB002274,BYR000056,PRD000698,Yes,No,No,No,Yes,Yes,Duplicate of item I already own,Negative,NORMAL,0.84,2026-07-10,v1.0
FB002275,BYR000704,PRD000504,Yes,No,No,No,Yes,No,Not interested,Negative,NEGATIVE,0.67,2026-06-15,v1.0
FB002276,BYR000100,PRD002726,Yes,No,Yes,No,No,No,Not my style,Neutral,NORMAL,0.95,2026-06-30,v1.0
FB002277,BYR000053,PRD001153,Yes,No,No,No,Yes,No,Already purchased elsewhere,Negative,NEGATIVE,0.73,2026-06-26,v1.0
FB002278,BYR000939,PRD002124,Yes,Yes,Yes,No,No,No,Too expensive for my budget,Neutral,BOUNDARY,0.87,2026-07-14,v1.0
FB002279,BYR000294,PRD001782,Yes,No,Yes,No,No,No,Not my style,Neutral,NORMAL,0.57,2026-08-02,v1.0
FB002280,BYR000328,PRD001272,Yes,No,Yes,No,No,No,Price too high 😅,Neutral,NORMAL,0.56,2026-06-15,v1.0
FB002281,BYR000559,PRD001668,Yes,No,No,No,Yes,No,Already purchased elsewhere,Negative,NORMAL,0.96,2026-05-18,v1.0
FB002282,BYR000204,PRD001269,Yes,No,No,No,Yes,No,Not interested,Negative,NORMAL,0.71,2026-07-07,v1.0
FB002283,BYR000994,PRD002647,Yes,No,No,No,Yes,No,Not interested,Negative,NORMAL,0.8,2026-05-10,v1.0
FB002284,BYR000002,PRD001239,Yes,No,Yes,No,No,No,Not my style,Neutral,NORMAL,0.82,2026-06-01,v1.0
FB002285,BYR000748,PRD000275,Yes,No,No,No,Yes,No,Already purchased elsewhere,Negative,NORMAL,0.95,2026-06-04,v1.0
FB002286,BYR000465,PRD001163,Yes,No,No,No,Yes,Yes,Already purchased elsewhere,Negative,NORMAL,0.53,2026-05-12,v1.0
FB002287,BYR000935,PRD001253,Yes,Yes,Yes,No,No,No,"Good match, saved to wishlist",Neutral,EDGE,0.95,2026-05-19,v1.0
FB002288,BYR000027,PRD002705,Yes,No,No,No,Yes,No,Duplicate of item I already own,Negative,NORMAL,0.97,2026-06-30,v1.0
FB002289,BYR000770,PRD000464,Yes,Yes,Yes,Yes,No,No,"Perfect timing, needed this",Positive,NORMAL,0.93,2026-06-29,v1.0
FB002290,BYR000118,PRD002870,Yes,No,Yes,No,No,No,Not my style,Neutral,RARE,0.93,2026-05-09,v1.0
FB002291,BYR000946,PRD002280,Yes,No,No,No,Yes,No,Already purchased elsewhere,Negative,NORMAL,0.61,2026-07-01,v1.0
FB002292,BYR000967,PRD000683,Yes,No,Yes,No,No,No,Price too high 😅,Neutral,NORMAL,0.52,2026-05-22,v1.0
FB002293,BYR000527,PRD002723,Yes,Yes,Yes,Yes,No,No,Great match! ⭐⭐⭐⭐⭐,Positive,NORMAL,0.98,2026-05-23,v1.0
FB002294,BYR000558,PRD000416,Yes,Yes,Yes,No,No,No,Too expensive for my budget,Neutral,NORMAL,0.72,2026-05-29,v1.0
FB002295,BYR000984,PRD001236,Yes,No,No,No,Yes,Yes,Not interested,Negative,NORMAL,0.94,2026-06-01,v1.0
FB002296,BYR000676,PRD001578,Yes,No,Yes,No,No,No,Not my style,Neutral,NORMAL,0.86,2026-06-12,v1.0
FB002297,BYR000055,PRD001897,Yes,Yes,Yes,No,No,No,Too expensive for my budget,Neutral,NORMAL,0.82,2026-08-04,v1.0
FB002298,BYR000382,PRD000915,Yes,Yes,Yes,No,No,No,Too expensive for my budget,Neutral,NORMAL,0.54,2026-05-26,v1.0
FB002299,BYR000585,PRD000095,Yes,Yes,Yes,No,No,No,Relevant recommendation,Neutral,NORMAL,0.54,2026-06-17,v1.0
FB002300,BYR000277,PRD001408,Yes,No,No,No,Yes,No,Not interested,Negative,NORMAL,0.64,2026-07-01,v1.0
FB002301,BYR000614,PRD002112,Yes,No,No,No,Yes,No,Not interested,Negative,RARE,0.9,2026-07-08,v1.0
FB002302,BYR000067,PRD002948,Yes,Yes,Yes,No,No,No,"Good match, saved to wishlist",Neutral,NORMAL,0.98,2026-06-14,v1.0
FB002303,BYR000264,PRD002203,Yes,Yes,Yes,No,No,No,Too expensive for my budget,Neutral,NORMAL,0.65,2026-07-21,v1.0
FB002304,BYR000014,PRD002425,Yes,No,No,No,Yes,No,Duplicate of item I already own,Negative,NORMAL,0.51,2026-07-23,v1.0
FB002305,BYR000455,PRD002603,Yes,No,No,No,Yes,No,Not interested,Negative,NORMAL,0.63,2026-07-31,v1.0
FB002306,BYR000787,PRD002701,Yes,No,Yes,No,No,No,Price too high 😅,Neutral,NORMAL,0.9,2026-08-06,v1.0
FB002307,BYR000541,PRD000706,Yes,No,Yes,No,No,No,Price too high 😅,Neutral,NORMAL,0.6,2026-08-04,v1.0
FB002308,BYR000833,PRD001349,Yes,No,No,No,Yes,Yes,Already purchased elsewhere,Negative,NORMAL,0.64,2026-05-19,v1.0
FB002309,BYR000465,PRD002763,Yes,No,No,No,Yes,No,Duplicate of item I already own,Negative,NORMAL,0.77,2026-07-22,v1.0
FB002310,BYR000253,PRD002681,Yes,Yes,Yes,No,No,No,Too expensive for my budget,Neutral,NORMAL,0.6,2026-07-09,v1.0
FB002311,BYR000296,PRD001814,Yes,No,Yes,No,No,No,Price too high 😅,Neutral,NORMAL,0.66,2026-06-06,v1.0
FB002312,BYR000620,PRD001956,Yes,No,No,No,Yes,No,Duplicate of item I already own,Negative,EDGE,0.75,2026-07-10,v1.0
FB002313,BYR000339,PRD000689,Yes,No,No,No,Yes,Yes,Duplicate of item I already own,Negative,NORMAL,0.61,2026-06-08,v1.0
FB002314,BYR000016,PRD001215,Yes,No,No,No,Yes,No,Duplicate of item I already own,Negative,NORMAL,0.65,2026-06-05,v1.0
FB002315,BYR000776,PRD002995,Yes,No,No,No,Yes,No,Duplicate of item I already own,Negative,EDGE,0.67,2026-08-02,v1.0
FB002316,BYR000857,PRD001852,Yes,No,No,No,Yes,No,Not interested,Negative,COLD_START,0.99,2026-05-24,v1.0
FB002317,BYR000371,PRD000380,Yes,No,No,No,Yes,No,Already purchased elsewhere,Negative,NORMAL,0.67,2026-07-13,v1.0
FB002318,BYR000022,PRD002020,Yes,No,No,No,Yes,No,Already purchased elsewhere,Negative,RARE,0.82,2026-07-27,v1.0
FB002319,BYR000392,PRD001919,Yes,No,Yes,No,No,No,Price too high 😅,Neutral,NORMAL,0.77,2026-06-27,v1.0
FB002320,BYR000432,PRD001138,Yes,No,No,No,Yes,Yes,Not interested,Negative,NORMAL,0.9,2026-07-01,v1.0
FB002321,BYR000581,PRD001992,Yes,No,No,No,Yes,No,Already purchased elsewhere,Negative,NORMAL,0.74,2026-07-25,v1.0
FB002322,BYR000071,PRD002908,Yes,No,No,No,Yes,No,Already purchased elsewhere,Negative,NORMAL,0.74,2026-05-28,v1.0
FB002323,BYR000787,PRD001530,Yes,Yes,Yes,Yes,No,No,"Perfect timing, needed this",Positive,NEGATIVE,0.76,2026-08-06,v1.0
FB002324,BYR000395,PRD002795,Yes,Yes,Yes,No,No,No,"Good match, saved to wishlist",Neutral,COLD_START,0.94,2026-07-09,v1.0
FB002325,BYR000211,PRD000835,Yes,No,Yes,No,No,No,Not my style,Neutral,EDGE,0.74,2026-07-24,v1.0
FB002326,BYR000503,PRD001518,Yes,No,Yes,No,No,No,Irrelevant to my search,Neutral,BOUNDARY,0.63,2026-05-17,v1.0
FB002327,BYR000581,PRD002909,Yes,No,Yes,No,No,No,Irrelevant to my search,Neutral,NORMAL,0.69,2026-08-02,v1.0
FB002328,BYR000521,PRD002671,Yes,No,No,No,Yes,No,Already purchased elsewhere,Negative,NORMAL,0.63,2026-07-11,v1.0
FB002329,BYR000284,PRD001830,Yes,No,Yes,No,No,No,Irrelevant to my search,Neutral,COLD_START,0.67,2026-06-02,v1.0
FB002330,BYR000237,PRD002141,Yes,No,No,No,Yes,No,Not interested,Negative,NEGATIVE,0.96,2026-06-15,v1.0
FB002331,BYR000495,PRD000704,Yes,Yes,Yes,Yes,No,No,Clicked and purchased,Positive,NORMAL,0.69,2026-06-10,v1.0
FB002332,BYR000584,PRD001026,Yes,No,No,No,Yes,No,Not interested,Negative,EDGE,0.73,2026-07-31,v1.0
FB002333,BYR000814,PRD000206,Yes,No,Yes,No,No,No,Irrelevant to my search,Neutral,EDGE,0.51,2026-06-16,v1.0
FB002334,BYR000205,PRD001151,Yes,No,No,No,Yes,No,Not interested,Negative,NORMAL,0.93,2026-05-18,v1.0
FB002335,BYR000332,PRD001168,Yes,No,No,No,Yes,No,Duplicate of item I already own,Negative,NORMAL,0.63,2026-05-12,v1.0
FB002336,BYR000923,PRD001472,Yes,No,No,No,Yes,No,Already purchased elsewhere,Negative,NORMAL,0.78,2026-05-24,v1.0
FB002337,BYR000455,PRD000847,Yes,No,Yes,No,No,No,Not my style,Neutral,NORMAL,0.81,2026-06-11,v1.0
FB002338,BYR000265,PRD000855,Yes,Yes,Yes,Yes,No,No,"Perfect timing, needed this",Positive,NORMAL,0.66,2026-05-28,v1.0
FB002339,BYR000711,PRD001125,Yes,No,Yes,No,No,No,Irrelevant to my search,Neutral,BOUNDARY,0.53,2026-05-11,v1.0
FB002340,BYR000422,PRD002665,Yes,No,Yes,No,No,No,Price too high 😅,Neutral,NORMAL,1.0,2026-05-26,v1.0
FB002341,BYR000888,PRD001410,Yes,No,Yes,No,No,No,Not my style,Neutral,EDGE,0.59,2026-05-16,v1.0
FB002342,BYR000573,PRD000050,Yes,No,No,No,Yes,No,Not interested,Negative,NORMAL,0.69,2026-07-15,v1.0
FB002343,BYR000181,PRD002641,Yes,Yes,Yes,No,No,No,Relevant recommendation,Neutral,BOUNDARY,0.75,2026-06-19,v1.0
FB002344,BYR000139,PRD001108,Yes,Yes,Yes,No,No,No,Relevant recommendation,Neutral,EDGE,0.71,2026-06-15,v1.0
FB002345,BYR000463,PRD002341,Yes,Yes,Yes,No,No,No,Relevant recommendation,Neutral,RARE,0.97,2026-07-18,v1.0
FB002346,BYR000735,PRD002048,Yes,No,No,No,Yes,No,Already purchased elsewhere,Negative,NORMAL,0.72,2026-06-25,v1.0
FB002347,BYR000115,PRD001940,Yes,No,Yes,No,No,No,Irrelevant to my search,Neutral,NORMAL,0.71,2026-06-25,v1.0
FB002348,BYR000297,PRD000155,Yes,Yes,Yes,No,No,No,Relevant recommendation,Neutral,NORMAL,0.62,2026-07-21,v1.0
FB002349,BYR000360,PRD001975,Yes,Yes,Yes,No,No,No,Relevant recommendation,Neutral,NORMAL,0.59,2026-08-04,v1.0
FB002350,BYR000872,PRD000651,Yes,No,Yes,No,No,No,Price too high 😅,Neutral,BOUNDARY,0.85,2026-08-04,v1.0
FB002351,BYR000158,PRD000660,Yes,No,Yes,No,No,No,Not my style,Neutral,NORMAL,0.78,2026-08-02,v1.0
FB002352,BYR000250,PRD000984,Yes,No,No,No,Yes,No,Duplicate of item I already own,Negative,NORMAL,0.94,2026-08-04,v1.0
FB002353,BYR000254,PRD001936,Yes,Yes,Yes,No,No,No,Too expensive for my budget,Neutral,NORMAL,0.57,2026-05-27,v1.0
FB002354,BYR000468,PRD001366,Yes,No,Yes,No,No,No,Price too high 😅,Neutral,NORMAL,0.51,2026-06-05,v1.0
FB002355,BYR000703,PRD000141,Yes,No,No,No,Yes,No,Not interested,Negative,BOUNDARY,0.65,2026-06-07,v1.0
FB002356,BYR000371,PRD000380,Yes,No,No,No,Yes,Yes,Not interested,Negative,NORMAL,0.85,2026-07-10,v1.0
FB002357,BYR000133,PRD001856,Yes,Yes,Yes,Yes,No,No,"Perfect timing, needed this",Positive,COLD_START,0.69,2026-07-05,v1.0
FB002358,BYR000791,PRD001440,Yes,No,No,No,Yes,No,Duplicate of item I already own,Negative,NORMAL,0.56,2026-07-05,v1.0
FB002359,BYR000224,PRD000362,Yes,No,No,No,Yes,No,Not interested,Negative,NORMAL,0.87,2026-06-22,v1.0
FB002360,BYR000897,PRD000047,Yes,No,Yes,No,No,No,Not my style,Neutral,NORMAL,0.71,2026-07-03,v1.0
FB002361,BYR000404,PRD002437,Yes,No,No,No,Yes,No,Not interested,Negative,NORMAL,0.73,2026-07-28,v1.0
FB002362,BYR000047,PRD002419,Yes,Yes,Yes,Yes,No,No,"Perfect timing, needed this",Positive,NEGATIVE,0.86,2026-07-10,v1.0
FB002363,BYR000660,PRD002368,Yes,Yes,Yes,No,No,No,"Good match, saved to wishlist",Neutral,BOUNDARY,0.74,2026-08-02,v1.0
FB002364,BYR000582,PRD001897,Yes,Yes,Yes,No,No,No,Too expensive for my budget,Neutral,BOUNDARY,0.55,2026-06-16,v1.0
FB002365,BYR000565,PRD002155,Yes,No,No,No,Yes,No,Already purchased elsewhere,Negative,RARE,0.63,2026-05-29,v1.0
FB002366,BYR000853,PRD002150,Yes,Yes,Yes,Yes,No,No,Clicked and purchased,Positive,NORMAL,0.62,2026-05-22,v1.0
FB002367,BYR000879,PRD002339,Yes,No,Yes,No,No,No,Irrelevant to my search,Neutral,BOUNDARY,0.62,2026-06-18,v1.0
FB002368,BYR000286,PRD002792,Yes,No,Yes,No,No,No,Not my style,Neutral,NORMAL,0.86,2026-05-13,v1.0
FB002369,BYR000835,PRD002839,Yes,Yes,Yes,No,No,No,Too expensive for my budget,Neutral,NORMAL,0.76,2026-07-29,v1.0
FB002370,BYR000189,PRD001117,Yes,No,Yes,No,No,No,Irrelevant to my search,Neutral,NORMAL,0.86,2026-06-14,v1.0
FB002371,BYR000410,PRD000942,Yes,No,No,No,Yes,No,Not interested,Negative,NEGATIVE,0.66,2026-07-13,v1.0
FB002372,BYR000345,PRD000336,Yes,No,No,No,Yes,No,Already purchased elsewhere,Negative,NORMAL,0.78,2026-05-24,v1.0
FB002373,BYR000334,PRD000016,Yes,No,No,No,Yes,No,Already purchased elsewhere,Negative,BOUNDARY,0.61,2026-06-06,v1.0
FB002374,BYR000714,PRD001419,Yes,No,No,No,Yes,No,Not interested,Negative,NORMAL,0.79,2026-07-19,v1.0
FB002375,BYR000600,PRD000800,Yes,No,No,No,Yes,No,Not interested,Negative,NORMAL,0.81,2026-06-26,v1.0
FB002376,BYR000712,PRD002015,Yes,No,Yes,No,No,No,Irrelevant to my search,Neutral,NORMAL,0.57,2026-07-03,v1.0
FB002377,BYR000430,PRD000253,Yes,No,Yes,No,No,No,Price too high 😅,Neutral,NORMAL,0.61,2026-07-22,v1.0
FB002378,BYR000783,PRD000726,Yes,No,No,No,Yes,No,Not interested,Negative,NORMAL,0.75,2026-07-05,v1.0
FB002379,BYR000404,PRD001765,Yes,No,No,No,Yes,No,Not interested,Negative,NORMAL,0.97,2026-05-09,v1.0
FB002380,BYR000758,PRD001074,Yes,No,Yes,No,No,No,Not my style,Neutral,NORMAL,0.79,2026-06-25,v1.0
FB002381,BYR000023,PRD002827,Yes,Yes,Yes,No,No,No,Too expensive for my budget,Neutral,NORMAL,0.7,2026-07-23,v1.0
FB002382,BYR000089,PRD002452,Yes,No,Yes,No,No,No,Price too high 😅,Neutral,NORMAL,0.94,2026-06-18,v1.0
FB002383,BYR000400,PRD000859,Yes,No,No,No,Yes,No,Not interested,Negative,NEGATIVE,0.67,2026-06-03,v1.0
FB002384,BYR000615,PRD002473,Yes,No,No,No,Yes,No,Not interested,Negative,NORMAL,0.77,2026-05-29,v1.0
FB002385,BYR000854,PRD001410,Yes,Yes,Yes,No,No,No,"Good match, saved to wishlist",Neutral,NORMAL,0.97,2026-07-20,v1.0
FB002386,BYR000844,PRD001451,Yes,Yes,Yes,Yes,No,No,Great match! ⭐⭐⭐⭐⭐,Positive,NORMAL,0.78,2026-06-01,v1.0
FB002387,BYR000560,PRD000811,Yes,Yes,Yes,No,No,No,Relevant recommendation,Neutral,NORMAL,0.75,2026-05-27,v1.0
FB002388,BYR000369,PRD000211,Yes,Yes,Yes,Yes,No,No,Great match! ⭐⭐⭐⭐⭐,Positive,NORMAL,0.75,2026-05-21,v1.0
FB002389,BYR000890,PRD001942,Yes,No,No,No,Yes,No,Already purchased elsewhere,Negative,NORMAL,0.58,2026-06-04,v1.0
FB002390,BYR000461,PRD002737,Yes,No,No,No,Yes,No,Not interested,Negative,NEGATIVE,0.68,2026-07-01,v1.0
FB002391,BYR000041,PRD002575,Yes,No,Yes,No,No,No,Price too high 😅,Neutral,NORMAL,0.93,2026-05-11,v1.0
FB002392,BYR000994,PRD002800,Yes,Yes,Yes,No,No,No,Too expensive for my budget,Neutral,EDGE,0.95,2026-05-12,v1.0
FB002393,BYR000700,PRD002152,Yes,No,Yes,No,No,No,Price too high 😅,Neutral,NEGATIVE,0.77,2026-07-06,v1.0
FB002394,BYR000307,PRD000447,Yes,No,No,No,Yes,No,Not interested,Negative,NORMAL,0.98,2026-05-18,v1.0
FB002395,BYR000455,PRD000554,Yes,No,Yes,No,No,No,Irrelevant to my search,Neutral,BOUNDARY,0.93,2026-06-11,v1.0
FB002396,BYR000175,PRD001320,Yes,No,No,No,Yes,No,Duplicate of item I already own,Negative,NORMAL,0.87,2026-07-25,v1.0
FB002397,BYR000076,PRD002709,Yes,No,Yes,No,No,No,Not my style,Neutral,BOUNDARY,0.84,2026-05-19,v1.0
FB002398,BYR000054,PRD002585,Yes,No,No,No,Yes,No,Duplicate of item I already own,Negative,NORMAL,0.99,2026-07-21,v1.0
FB002399,BYR000897,PRD002598,Yes,No,No,No,Yes,No,Already purchased elsewhere,Negative,NORMAL,0.53,2026-07-20,v1.0
FB002400,BYR000825,PRD001314,Yes,No,No,No,Yes,No,Already purchased elsewhere,Negative,NORMAL,0.61,2026-07-22,v1.0
FB002401,BYR000727,PRD001419,Yes,No,No,No,Yes,No,Not interested,Negative,NORMAL,0.59,2026-06-01,v1.0
FB002402,BYR000581,PRD000560,Yes,No,No,No,Yes,No,Already purchased elsewhere,Negative,NORMAL,0.73,2026-06-01,v1.0
FB002403,BYR000858,PRD000449,Yes,No,No,No,Yes,Yes,Not interested,Negative,NORMAL,0.73,2026-05-28,v1.0
FB002404,BYR000888,PRD002825,Yes,Yes,Yes,No,No,No,Relevant recommendation,Neutral,NORMAL,0.79,2026-05-23,v1.0
FB002405,BYR000343,PRD002344,Yes,No,No,No,Yes,Yes,Already purchased elsewhere,Negative,NEGATIVE,0.93,2026-06-01,v1.0
FB002406,BYR000377,PRD001571,Yes,Yes,Yes,No,No,No,"Good match, saved to wishlist",Neutral,NORMAL,0.92,2026-07-11,v1.0
FB002407,BYR000111,PRD002029,Yes,No,No,No,Yes,No,Already purchased elsewhere,Negative,NORMAL,0.73,2026-07-29,v1.0
FB002408,BYR000629,PRD002875,Yes,No,No,No,Yes,No,Duplicate of item I already own,Negative,NORMAL,0.68,2026-06-04,v1.0
FB002409,BYR000229,PRD002932,Yes,No,Yes,No,No,No,Price too high 😅,Neutral,NORMAL,0.99,2026-07-21,v1.0
FB002410,BYR000126,PRD002052,Yes,No,No,No,Yes,No,Not interested,Negative,NEGATIVE,0.71,2026-05-20,v1.0
FB002411,BYR000283,PRD001636,Yes,No,No,No,Yes,No,Not interested,Negative,NORMAL,0.97,2026-06-18,v1.0
FB002412,BYR000497,PRD002422,Yes,Yes,Yes,No,No,No,Relevant recommendation,Neutral,BOUNDARY,0.78,2026-05-30,v1.0
FB002413,BYR000718,PRD002782,Yes,Yes,Yes,No,No,No,Relevant recommendation,Neutral,NORMAL,0.53,2026-05-26,v1.0
FB002414,BYR000428,PRD001206,Yes,No,No,No,Yes,No,Not interested,Negative,NORMAL,1.0,2026-07-23,v1.0
FB002415,BYR000622,PRD000265,Yes,No,No,No,Yes,No,Already purchased elsewhere,Negative,EDGE,0.6,2026-06-23,v1.0
FB002416,BYR000917,PRD002116,Yes,No,No,No,Yes,No,Duplicate of item I already own,Negative,NORMAL,0.84,2026-06-13,v1.0
FB002417,BYR000468,PRD001350,Yes,No,Yes,No,No,No,Not my style,Neutral,EDGE,0.71,2026-07-02,v1.0
FB002418,BYR000902,PRD000185,Yes,No,Yes,No,No,No,Price too high 😅,Neutral,NORMAL,0.64,2026-07-18,v1.0
FB002419,BYR000936,PRD002616,Yes,No,No,No,Yes,No,Not interested,Negative,EDGE,0.71,2026-07-13,v1.0
FB002420,BYR000989,PRD002231,Yes,No,No,No,Yes,Yes,Already purchased elsewhere,Negative,NORMAL,0.86,2026-06-24,v1.0
FB002421,BYR000426,PRD002276,Yes,No,No,No,Yes,Yes,Already purchased elsewhere,Negative,COLD_START,0.99,2026-05-31,v1.0
FB002422,BYR000141,PRD002357,Yes,Yes,Yes,Yes,No,No,"Perfect timing, needed this",Positive,COLD_START,0.83,2026-07-18,v1.0
FB002423,BYR000642,PRD002838,Yes,No,No,No,Yes,No,Duplicate of item I already own,Negative,EDGE,0.67,2026-05-14,v1.0
FB002424,BYR000019,PRD000418,Yes,No,Yes,No,No,No,Irrelevant to my search,Neutral,NORMAL,0.87,2026-07-05,v1.0
FB002425,BYR000104,PRD001471,Yes,Yes,Yes,No,No,No,Too expensive for my budget,Neutral,EDGE,0.61,2026-06-13,v1.0
FB002426,BYR000236,PRD000107,Yes,No,No,No,Yes,No,Not interested,Negative,BOUNDARY,0.56,2026-07-29,v1.0
FB002427,BYR000098,PRD000843,Yes,No,No,No,Yes,No,Already purchased elsewhere,Negative,NORMAL,0.8,2026-06-01,v1.0
FB002428,BYR000459,PRD001747,Yes,No,No,No,Yes,No,Not interested,Negative,NORMAL,0.63,2026-07-22,v1.0
FB002429,BYR000995,PRD002301,Yes,No,No,No,Yes,No,Already purchased elsewhere,Negative,NORMAL,0.95,2026-06-26,v1.0
FB002430,BYR000825,PRD001314,Yes,Yes,Yes,No,No,No,Relevant recommendation,Neutral,NORMAL,0.61,2026-06-19,v1.0
FB002431,BYR000347,PRD002429,Yes,No,No,No,Yes,No,Not interested,Negative,NORMAL,0.56,2026-06-08,v1.0
FB002432,BYR000983,PRD000752,Yes,No,No,No,Yes,No,Not interested,Negative,NORMAL,0.69,2026-06-18,v1.0
FB002433,BYR000117,PRD000152,Yes,No,Yes,No,No,No,Price too high 😅,Neutral,NORMAL,0.99,2026-07-07,v1.0
FB002434,BYR000404,PRD002410,Yes,Yes,Yes,No,No,No,"Good match, saved to wishlist",Neutral,NORMAL,0.75,2026-06-28,v1.0
FB002435,BYR000647,PRD000769,Yes,No,Yes,No,No,No,Price too high 😅,Neutral,NORMAL,0.66,2026-06-11,v1.0
FB002436,BYR000632,PRD000621,Yes,No,No,No,Yes,No,Duplicate of item I already own,Negative,NORMAL,0.97,2026-05-23,v1.0
FB002437,BYR000057,PRD001097,Yes,No,No,No,Yes,No,Not interested,Negative,NORMAL,0.99,2026-07-25,v1.0
FB002438,BYR000863,PRD002942,Yes,No,Yes,No,No,No,Not my style,Neutral,NORMAL,0.54,2026-05-13,v1.0
FB002439,BYR000939,PRD001378,Yes,Yes,Yes,No,No,No,Too expensive for my budget,Neutral,COLD_START,0.87,2026-07-05,v1.0
FB002440,BYR000884,PRD002397,Yes,No,No,No,Yes,No,Already purchased elsewhere,Negative,COLD_START,0.88,2026-05-31,v1.0
FB002441,BYR000327,PRD000771,Yes,No,No,No,Yes,No,Already purchased elsewhere,Negative,COLD_START,0.76,2026-06-12,v1.0
FB002442,BYR000376,PRD002594,Yes,Yes,Yes,No,No,No,Too expensive for my budget,Neutral,NORMAL,0.68,2026-05-28,v1.0
FB002443,BYR000229,PRD000500,Yes,No,Yes,No,No,No,Price too high 😅,Neutral,NORMAL,0.84,2026-06-19,v1.0
FB002444,BYR000080,PRD002673,Yes,Yes,Yes,No,No,No,Relevant recommendation,Neutral,NEGATIVE,0.54,2026-08-04,v1.0
FB002445,BYR000094,PRD000705,Yes,No,No,No,Yes,Yes,Not interested,Negative,NORMAL,0.93,2026-05-25,v1.0
FB002446,BYR000865,PRD000435,Yes,No,No,No,Yes,No,Duplicate of item I already own,Negative,NORMAL,0.62,2026-07-07,v1.0
FB002447,BYR000636,PRD001892,Yes,No,Yes,No,No,No,Not my style,Neutral,NORMAL,0.84,2026-06-29,v1.0
FB002448,BYR000954,PRD001385,Yes,Yes,Yes,Yes,No,No,Clicked and purchased,Positive,NORMAL,0.75,2026-05-22,v1.0
FB002449,BYR000383,PRD000326,Yes,No,No,No,Yes,No,Duplicate of item I already own,Negative,NORMAL,0.71,2026-05-30,v1.0
FB002450,BYR000237,PRD002141,Yes,No,No,No,Yes,No,Not interested,Negative,NEGATIVE,0.74,2026-07-13,v1.0
FB002451,BYR000318,PRD001892,Yes,No,No,No,Yes,No,Already purchased elsewhere,Negative,NORMAL,0.71,2026-07-22,v1.0
FB002452,BYR000347,PRD001374,Yes,Yes,Yes,No,No,No,Too expensive for my budget,Neutral,NORMAL,0.65,2026-06-21,v1.0
FB002453,BYR000163,PRD001007,Yes,No,Yes,No,No,No,Not my style,Neutral,NORMAL,0.62,2026-07-17,v1.0
FB002454,BYR000106,PRD001142,Yes,No,Yes,No,No,No,Irrelevant to my search,Neutral,COLD_START,0.74,2026-07-17,v1.0
FB002455,BYR000569,PRD000581,Yes,No,No,No,Yes,No,Already purchased elsewhere,Negative,NORMAL,0.78,2026-07-30,v1.0
FB002456,BYR000531,PRD001142,Yes,No,No,No,Yes,No,Already purchased elsewhere,Negative,NORMAL,0.91,2026-08-01,v1.0
FB002457,BYR000967,PRD000683,Yes,No,No,No,Yes,No,Duplicate of item I already own,Negative,NORMAL,0.68,2026-05-24,v1.0
FB002458,BYR000610,PRD000577,Yes,No,No,No,Yes,No,Not interested,Negative,EDGE,0.93,2026-07-19,v1.0
FB002459,BYR000165,PRD000593,Yes,No,No,No,Yes,No,Already purchased elsewhere,Negative,NORMAL,0.53,2026-05-17,v1.0
FB002460,BYR000382,PRD001107,Yes,No,Yes,No,No,No,Not my style,Neutral,NORMAL,0.52,2026-08-01,v1.0
FB002461,BYR000636,PRD001892,Yes,Yes,Yes,No,No,No,Relevant recommendation,Neutral,NORMAL,0.72,2026-08-04,v1.0
FB002462,BYR000860,PRD002298,Yes,No,Yes,No,No,No,Irrelevant to my search,Neutral,NORMAL,0.55,2026-07-03,v1.0
FB002463,BYR000149,PRD000606,Yes,Yes,Yes,No,No,No,"Good match, saved to wishlist",Neutral,COLD_START,0.74,2026-07-05,v1.0
FB002464,BYR000705,PRD001658,Yes,No,Yes,No,No,No,Not my style,Neutral,NORMAL,0.69,2026-07-30,v1.0
FB002465,BYR000827,PRD002589,Yes,No,No,No,Yes,No,Not interested,Negative,NORMAL,0.79,2026-05-16,v1.0
FB002466,BYR000887,PRD000321,Yes,No,Yes,No,No,No,Price too high 😅,Neutral,NORMAL,0.79,2026-07-27,v1.0
FB002467,BYR000012,PRD000934,Yes,No,Yes,No,No,No,Not my style,Neutral,NORMAL,0.91,2026-05-30,v1.0
FB002468,BYR000465,PRD000240,Yes,No,Yes,No,No,No,Not my style,Neutral,NORMAL,0.55,2026-06-28,v1.0
FB002469,BYR000071,PRD000020,Yes,No,No,No,Yes,No,Duplicate of item I already own,Negative,NORMAL,0.63,2026-05-15,v1.0
FB002470,BYR000303,PRD001225,Yes,Yes,Yes,Yes,No,No,Clicked and purchased,Positive,NORMAL,0.78,2026-06-21,v1.0
FB002471,BYR000945,PRD000919,Yes,Yes,Yes,No,No,No,Too expensive for my budget,Neutral,NORMAL,0.75,2026-06-03,v1.0
FB002472,BYR000762,PRD001137,Yes,No,No,No,Yes,No,Duplicate of item I already own,Negative,BOUNDARY,0.85,2026-06-06,v1.0
FB002473,BYR000688,PRD001049,Yes,No,No,No,Yes,No,Duplicate of item I already own,Negative,RARE,0.94,2026-06-21,v1.0
FB002474,BYR000727,PRD000142,Yes,No,Yes,No,No,No,Price too high 😅,Neutral,NORMAL,0.68,2026-06-28,v1.0
FB002475,BYR000864,PRD000014,Yes,No,No,No,Yes,No,Duplicate of item I already own,Negative,NORMAL,0.59,2026-05-14,v1.0
FB002476,BYR000252,PRD001874,Yes,No,Yes,No,No,No,Not my style,Neutral,NORMAL,0.85,2026-05-16,v1.0
FB002477,BYR000107,PRD001174,Yes,No,Yes,No,No,No,Price too high 😅,Neutral,NORMAL,0.72,2026-07-15,v1.0
FB002478,BYR000151,PRD002131,Yes,No,No,No,Yes,No,Already purchased elsewhere,Negative,NORMAL,0.58,2026-07-21,v1.0
FB002479,BYR000903,PRD002244,Yes,No,Yes,No,No,No,Irrelevant to my search,Neutral,NEGATIVE,0.95,2026-06-13,v1.0
FB002480,BYR000998,PRD001118,Yes,No,Yes,No,No,No,Irrelevant to my search,Neutral,NORMAL,0.55,2026-07-31,v1.0
FB002481,BYR000989,PRD001932,Yes,Yes,Yes,Yes,No,No,Great match! ⭐⭐⭐⭐⭐,Positive,EDGE,0.52,2026-06-25,v1.0
FB002482,BYR000478,PRD000275,Yes,No,No,No,Yes,No,Not interested,Negative,NORMAL,0.93,2026-05-25,v1.0
FB002483,BYR000042,PRD002236,Yes,No,No,No,Yes,No,Not interested,Negative,COLD_START,0.71,2026-07-23,v1.0
FB002484,BYR000230,PRD001373,Yes,No,No,No,Yes,No,Not interested,Negative,NORMAL,0.6,2026-07-24,v1.0
FB002485,BYR000323,PRD001980,Yes,No,Yes,No,No,No,Price too high 😅,Neutral,NORMAL,0.83,2026-08-01,v1.0
FB002486,BYR000286,PRD001871,Yes,No,Yes,No,No,No,Irrelevant to my search,Neutral,NORMAL,0.81,2026-05-22,v1.0
FB002487,BYR000823,PRD000959,Yes,No,No,No,Yes,No,Already purchased elsewhere,Negative,RARE,0.56,2026-07-15,v1.0
FB002488,BYR000633,PRD001159,Yes,No,No,No,Yes,No,Already purchased elsewhere,Negative,NORMAL,0.83,2026-05-31,v1.0
FB002489,BYR000124,PRD000346,Yes,No,Yes,No,No,No,Not my style,Neutral,COLD_START,0.91,2026-06-07,v1.0
FB002490,BYR000796,PRD001516,Yes,No,No,No,Yes,Yes,Already purchased elsewhere,Negative,NORMAL,0.55,2026-07-22,v1.0
FB002491,BYR000118,PRD000753,Yes,No,No,No,Yes,No,Duplicate of item I already own,Negative,NEGATIVE,0.9,2026-07-31,v1.0
FB002492,BYR000537,PRD000564,Yes,No,No,No,Yes,Yes,Duplicate of item I already own,Negative,NEGATIVE,0.94,2026-07-12,v1.0
FB002493,BYR000328,PRD002487,Yes,Yes,Yes,No,No,No,Relevant recommendation,Neutral,NORMAL,0.6,2026-08-06,v1.0
FB002494,BYR000861,PRD002007,Yes,No,No,No,Yes,No,Duplicate of item I already own,Negative,EDGE,0.88,2026-05-29,v1.0
FB002495,BYR000913,PRD000536,Yes,No,Yes,No,No,No,Not my style,Neutral,NORMAL,0.91,2026-06-26,v1.0
FB002496,BYR000140,PRD002303,Yes,No,No,No,Yes,No,Not interested,Negative,NEGATIVE,0.79,2026-07-23,v1.0
FB002497,BYR000710,PRD002879,Yes,No,No,No,Yes,Yes,Not interested,Negative,NORMAL,0.5,2026-07-12,v1.0
FB002498,BYR000459,PRD000034,Yes,No,Yes,No,No,No,Price too high 😅,Neutral,NORMAL,0.75,2026-06-30,v1.0
FB002499,BYR000157,PRD002530,Yes,No,No,No,Yes,No,Already purchased elsewhere,Negative,NEGATIVE,0.96,2026-07-14,v1.0
FB002500,BYR000449,PRD002314,Yes,No,No,No,Yes,No,Duplicate of item I already own,Negative,NORMAL,0.99,2026-07-30,v1.0
FB002501,BYR000098,PRD000997,Yes,Yes,Yes,Yes,No,No,"Perfect timing, needed this",Positive,NORMAL,0.99,2026-06-28,v1.0
FB002502,BYR000508,PRD000201,Yes,Yes,Yes,No,No,No,"Good match, saved to wishlist",Neutral,NORMAL,0.95,2026-07-16,v1.0
FB002503,BYR000353,PRD001188,Yes,No,Yes,No,No,No,Not my style,Neutral,NORMAL,0.92,2026-07-31,v1.0
FB002504,BYR000016,PRD001638,Yes,No,No,No,Yes,No,Not interested,Negative,EDGE,0.71,2026-05-18,v1.0
FB002505,BYR000158,PRD001200,Yes,No,No,No,Yes,No,Duplicate of item I already own,Negative,NORMAL,0.86,2026-07-18,v1.0
FB002506,BYR000105,PRD002158,Yes,Yes,Yes,No,No,No,Relevant recommendation,Neutral,NORMAL,0.56,2026-06-28,v1.0
FB002507,BYR000954,PRD000944,Yes,No,Yes,No,No,No,Price too high 😅,Neutral,NORMAL,0.51,2026-07-11,v1.0
FB002508,BYR000127,PRD001247,Yes,Yes,Yes,No,No,No,Too expensive for my budget,Neutral,NORMAL,0.57,2026-05-28,v1.0
FB002509,BYR000667,PRD002646,Yes,Yes,Yes,No,No,No,Too expensive for my budget,Neutral,NORMAL,0.76,2026-06-26,v1.0
FB002510,BYR000585,PRD000095,Yes,Yes,Yes,No,No,No,"Good match, saved to wishlist",Neutral,NORMAL,0.71,2026-06-14,v1.0
FB002511,BYR000201,PRD001201,Yes,No,Yes,No,No,No,Not my style,Neutral,NORMAL,0.9,2026-07-13,v1.0
FB002512,BYR000754,PRD000414,Yes,No,Yes,No,No,No,Not my style,Neutral,NORMAL,0.96,2026-08-05,v1.0
FB002513,BYR000802,PRD000712,Yes,No,No,No,Yes,No,Already purchased elsewhere,Negative,NORMAL,0.51,2026-06-12,v1.0
FB002514,BYR000878,PRD002731,Yes,No,Yes,No,No,No,Price too high 😅,Neutral,NORMAL,0.62,2026-08-04,v1.0
FB002515,BYR000421,PRD000030,Yes,No,No,No,Yes,No,Not interested,Negative,NORMAL,0.87,2026-07-20,v1.0
FB002516,BYR001000,PRD002153,Yes,Yes,Yes,No,No,No,Too expensive for my budget,Neutral,EDGE,0.98,2026-06-06,v1.0
FB002517,BYR000211,PRD002341,Yes,Yes,Yes,No,No,No,Relevant recommendation,Neutral,NORMAL,0.89,2026-05-22,v1.0
FB002518,BYR000418,PRD001744,Yes,Yes,Yes,No,No,No,Too expensive for my budget,Neutral,NORMAL,0.83,2026-07-25,v1.0
FB002519,BYR000306,PRD000063,Yes,Yes,Yes,No,No,No,"Good match, saved to wishlist",Neutral,NORMAL,0.66,2026-07-02,v1.0
FB002520,BYR000879,PRD001134,Yes,No,No,No,Yes,No,Already purchased elsewhere,Negative,NORMAL,0.81,2026-07-06,v1.0
FB002521,BYR000538,PRD000422,Yes,No,Yes,No,No,No,Irrelevant to my search,Neutral,NORMAL,0.95,2026-07-31,v1.0
FB002522,BYR000881,PRD002184,Yes,No,No,No,Yes,No,Not interested,Negative,NORMAL,0.76,2026-05-24,v1.0
FB002523,BYR000364,PRD002220,Yes,No,No,No,Yes,No,Not interested,Negative,NORMAL,0.63,2026-07-27,v1.0
FB002524,BYR000686,PRD001720,Yes,No,Yes,No,No,No,Price too high 😅,Neutral,NORMAL,0.55,2026-07-26,v1.0
FB002525,BYR000299,PRD001463,Yes,No,No,No,Yes,No,Already purchased elsewhere,Negative,NORMAL,0.84,2026-06-03,v1.0
FB002526,BYR000464,PRD000291,Yes,No,No,No,Yes,Yes,Already purchased elsewhere,Negative,NORMAL,0.79,2026-07-12,v1.0
FB002527,BYR000461,PRD001260,Yes,Yes,Yes,No,No,No,"Good match, saved to wishlist",Neutral,NORMAL,0.57,2026-07-20,v1.0
FB002528,BYR000431,PRD002213,Yes,Yes,Yes,No,No,No,Relevant recommendation,Neutral,NORMAL,0.83,2026-06-22,v1.0
FB002529,BYR000135,PRD000290,Yes,Yes,Yes,No,No,No,Too expensive for my budget,Neutral,NORMAL,0.68,2026-05-20,v1.0
FB002530,BYR000925,PRD001855,Yes,No,Yes,No,No,No,Price too high 😅,Neutral,NORMAL,0.7,2026-07-20,v1.0
FB002531,BYR000295,PRD000996,Yes,No,Yes,No,No,No,Irrelevant to my search,Neutral,NORMAL,0.64,2026-07-06,v1.0
FB002532,BYR000782,PRD001962,Yes,No,No,No,Yes,No,Duplicate of item I already own,Negative,NORMAL,0.73,2026-05-18,v1.0
FB002533,BYR000049,PRD002500,Yes,No,Yes,No,No,No,Irrelevant to my search,Neutral,NORMAL,0.82,2026-05-21,v1.0
FB002534,BYR000377,PRD000991,Yes,No,No,No,Yes,No,Not interested,Negative,NORMAL,1.0,2026-06-29,v1.0
FB002535,BYR000862,PRD002792,Yes,No,No,No,Yes,No,Duplicate of item I already own,Negative,NORMAL,0.82,2026-05-27,v1.0
FB002536,BYR000188,PRD002228,Yes,Yes,Yes,No,No,No,"Good match, saved to wishlist",Neutral,NORMAL,0.75,2026-07-30,v1.0
FB002537,BYR000032,PRD000352,Yes,No,No,No,Yes,No,Already purchased elsewhere,Negative,NORMAL,0.61,2026-07-19,v1.0
FB002538,BYR000748,PRD000171,Yes,No,Yes,No,No,No,Irrelevant to my search,Neutral,NORMAL,0.89,2026-06-05,v1.0
FB002539,BYR000410,PRD000696,Yes,No,No,No,Yes,No,Duplicate of item I already own,Negative,NEGATIVE,0.92,2026-05-30,v1.0
FB002540,BYR000786,PRD000395,Yes,No,No,No,Yes,No,Duplicate of item I already own,Negative,NORMAL,0.92,2026-05-15,v1.0
FB002541,BYR000425,PRD002743,Yes,No,No,No,Yes,No,Not interested,Negative,NORMAL,0.58,2026-07-24,v1.0
FB002542,BYR000372,PRD000185,Yes,No,Yes,No,No,No,Not my style,Neutral,COLD_START,0.97,2026-07-21,v1.0
FB002543,BYR000076,PRD001826,Yes,No,Yes,No,No,No,Not my style,Neutral,NORMAL,0.85,2026-06-04,v1.0
FB002544,BYR000804,PRD002935,Yes,Yes,Yes,No,No,No,Relevant recommendation,Neutral,NORMAL,0.62,2026-05-23,v1.0
FB002545,BYR000668,PRD000992,Yes,No,Yes,No,No,No,Not my style,Neutral,NEGATIVE,0.77,2026-05-15,v1.0
FB002546,BYR000404,PRD000251,Yes,No,No,No,Yes,No,Duplicate of item I already own,Negative,NORMAL,0.81,2026-07-23,v1.0
FB002547,BYR000814,PRD001985,Yes,Yes,Yes,No,No,No,"Good match, saved to wishlist",Neutral,NORMAL,0.57,2026-06-19,v1.0
FB002548,BYR000962,PRD002076,Yes,No,Yes,No,No,No,Price too high 😅,Neutral,EDGE,0.67,2026-08-01,v1.0
FB002549,BYR000565,PRD000106,Yes,No,No,No,Yes,Yes,Duplicate of item I already own,Negative,NORMAL,0.94,2026-06-27,v1.0
FB002550,BYR000748,PRD000695,Yes,No,No,No,Yes,No,Duplicate of item I already own,Negative,NORMAL,0.85,2026-06-29,v1.0
FB002551,BYR000291,PRD001921,Yes,No,Yes,No,No,No,Not my style,Neutral,NORMAL,0.65,2026-05-25,v1.0
FB002552,BYR000574,PRD000816,Yes,No,Yes,No,No,No,Price too high 😅,Neutral,NORMAL,0.85,2026-07-07,v1.0
FB002553,BYR000523,PRD000671,Yes,No,No,No,Yes,No,Duplicate of item I already own,Negative,NORMAL,0.77,2026-05-14,v1.0
FB002554,BYR000939,PRD000868,Yes,No,Yes,No,No,No,Price too high 😅,Neutral,BOUNDARY,0.96,2026-06-04,v1.0
FB002555,BYR000281,PRD002074,Yes,No,No,No,Yes,No,Duplicate of item I already own,Negative,COLD_START,0.62,2026-07-22,v1.0
FB002556,BYR000297,PRD000773,Yes,No,No,No,Yes,Yes,Duplicate of item I already own,Negative,NORMAL,0.71,2026-07-31,v1.0
FB002557,BYR000595,PRD002088,Yes,No,No,No,Yes,No,Not interested,Negative,NORMAL,0.92,2026-06-26,v1.0
FB002558,BYR000022,PRD002509,Yes,Yes,Yes,No,No,No,Too expensive for my budget,Neutral,NORMAL,0.73,2026-06-09,v1.0
FB002559,BYR000461,PRD002380,Yes,No,No,No,Yes,No,Already purchased elsewhere,Negative,NORMAL,0.85,2026-06-22,v1.0
FB002560,BYR000569,PRD001865,Yes,Yes,Yes,No,No,No,"Good match, saved to wishlist",Neutral,EDGE,0.9,2026-05-25,v1.0
FB002561,BYR000606,PRD001826,Yes,No,No,No,Yes,No,Not interested,Negative,NORMAL,0.58,2026-07-06,v1.0
FB002562,BYR000758,PRD001640,Yes,No,No,No,Yes,No,Already purchased elsewhere,Negative,NEGATIVE,0.56,2026-07-09,v1.0
FB002563,BYR000126,PRD001882,Yes,No,Yes,No,No,No,Not my style,Neutral,NORMAL,0.63,2026-06-04,v1.0
FB002564,BYR000400,PRD000226,Yes,Yes,Yes,No,No,No,Too expensive for my budget,Neutral,NORMAL,0.71,2026-06-09,v1.0
FB002565,BYR000239,PRD000814,Yes,No,Yes,No,No,No,Irrelevant to my search,Neutral,NORMAL,0.79,2026-06-22,v1.0
FB002566,BYR000341,PRD001989,Yes,No,Yes,No,No,No,Price too high 😅,Neutral,EDGE,0.76,2026-06-04,v1.0
FB002567,BYR000069,PRD001627,Yes,No,No,No,Yes,No,Not interested,Negative,NORMAL,0.74,2026-05-21,v1.0
FB002568,BYR000522,PRD000786,Yes,No,Yes,No,No,No,Not my style,Neutral,NORMAL,0.78,2026-06-29,v1.0
FB002569,BYR000044,PRD000084,Yes,No,No,No,Yes,No,Not interested,Negative,NORMAL,0.87,2026-07-02,v1.0
FB002570,BYR000869,PRD002051,Yes,No,Yes,No,No,No,Not my style,Neutral,NORMAL,0.92,2026-05-08,v1.0
FB002571,BYR000843,PRD001285,Yes,Yes,Yes,Yes,No,No,Clicked and purchased,Positive,COLD_START,0.95,2026-07-22,v1.0
FB002572,BYR000159,PRD002298,Yes,Yes,Yes,No,No,No,"Good match, saved to wishlist",Neutral,NORMAL,0.54,2026-07-14,v1.0
FB002573,BYR000621,PRD001735,Yes,No,No,No,Yes,No,Not interested,Negative,NORMAL,0.93,2026-06-27,v1.0
FB002574,BYR000823,PRD002683,Yes,No,Yes,No,No,No,Irrelevant to my search,Neutral,NORMAL,0.99,2026-07-20,v1.0
FB002575,BYR000069,PRD000140,Yes,Yes,Yes,No,No,No,"Good match, saved to wishlist",Neutral,EDGE,0.58,2026-06-30,v1.0
FB002576,BYR000676,PRD001029,Yes,Yes,Yes,Yes,No,No,Clicked and purchased,Positive,NORMAL,0.69,2026-06-05,v1.0
FB002577,BYR000272,PRD002173,Yes,No,No,No,Yes,No,Already purchased elsewhere,Negative,NORMAL,0.81,2026-06-22,v1.0
FB002578,BYR000214,PRD000480,Yes,No,Yes,No,No,No,Irrelevant to my search,Neutral,NORMAL,0.86,2026-07-19,v1.0
FB002579,BYR000715,PRD000340,Yes,Yes,Yes,No,No,No,Relevant recommendation,Neutral,NORMAL,0.87,2026-07-02,v1.0
FB002580,BYR000601,PRD000213,Yes,No,Yes,No,No,No,Not my style,Neutral,NORMAL,0.98,2026-08-04,v1.0
FB002581,BYR000624,PRD001346,Yes,No,Yes,No,No,No,Irrelevant to my search,Neutral,RARE,0.78,2026-06-16,v1.0
FB002582,BYR000375,PRD000824,Yes,No,Yes,No,No,No,Irrelevant to my search,Neutral,EDGE,0.69,2026-07-25,v1.0
FB002583,BYR000370,PRD002583,Yes,No,No,No,Yes,No,Duplicate of item I already own,Negative,RARE,0.77,2026-08-03,v1.0
FB002584,BYR000029,PRD001963,Yes,No,No,No,Yes,No,Duplicate of item I already own,Negative,NORMAL,0.8,2026-08-05,v1.0
FB002585,BYR000913,PRD000536,Yes,Yes,Yes,No,No,No,Too expensive for my budget,Neutral,NORMAL,0.79,2026-06-11,v1.0
FB002586,BYR000279,PRD001476,Yes,No,No,No,Yes,No,Already purchased elsewhere,Negative,NORMAL,0.67,2026-07-02,v1.0
FB002587,BYR000404,PRD000721,Yes,No,No,No,Yes,No,Already purchased elsewhere,Negative,NORMAL,0.66,2026-07-13,v1.0
FB002588,BYR000419,PRD001707,Yes,No,No,No,Yes,No,Not interested,Negative,NORMAL,0.72,2026-06-07,v1.0
FB002589,BYR000068,PRD000529,Yes,No,No,No,Yes,No,Duplicate of item I already own,Negative,EDGE,0.95,2026-05-16,v1.0
FB002590,BYR000527,PRD000460,Yes,No,No,No,Yes,No,Already purchased elsewhere,Negative,BOUNDARY,0.62,2026-07-31,v1.0
FB002591,BYR000666,PRD002500,Yes,No,Yes,No,No,No,Irrelevant to my search,Neutral,NORMAL,0.64,2026-05-13,v1.0
FB002592,BYR000164,PRD000511,Yes,No,No,No,Yes,No,Duplicate of item I already own,Negative,NORMAL,0.7,2026-07-19,v1.0
FB002593,BYR000095,PRD001036,Yes,No,Yes,No,No,No,Not my style,Neutral,BOUNDARY,0.92,2026-07-28,v1.0
FB002594,BYR000694,PRD000100,Yes,No,No,No,Yes,No,Not interested,Negative,NORMAL,0.8,2026-06-05,v1.0
FB002595,BYR000921,PRD002274,Yes,No,No,No,Yes,No,Already purchased elsewhere,Negative,BOUNDARY,0.7,2026-06-05,v1.0
FB002596,BYR000866,PRD002391,Yes,No,Yes,No,No,No,Not my style,Neutral,NORMAL,0.87,2026-05-27,v1.0
FB002597,BYR000148,PRD001462,Yes,Yes,Yes,No,No,No,Relevant recommendation,Neutral,NEGATIVE,0.63,2026-05-29,v1.0
FB002598,BYR000396,PRD002141,Yes,Yes,Yes,No,No,No,"Good match, saved to wishlist",Neutral,NEGATIVE,0.57,2026-06-19,v1.0
FB002599,BYR000589,PRD002299,Yes,Yes,Yes,Yes,No,No,"Perfect timing, needed this",Positive,NORMAL,0.5,2026-05-25,v1.0
FB002600,BYR000802,PRD000173,Yes,Yes,Yes,No,No,No,"Good match, saved to wishlist",Neutral,NORMAL,0.56,2026-07-20,v1.0
FB002601,BYR000956,PRD000424,Yes,No,No,No,Yes,No,Not interested,Negative,NORMAL,0.97,2026-08-02,v1.0
FB002602,BYR000179,PRD001275,Yes,No,Yes,No,No,No,Price too high 😅,Neutral,NORMAL,0.63,2026-06-24,v1.0
FB002603,BYR000050,PRD002358,Yes,No,No,No,Yes,No,Duplicate of item I already own,Negative,NORMAL,0.54,2026-05-26,v1.0
FB002604,BYR000413,PRD002139,Yes,No,No,No,Yes,No,Already purchased elsewhere,Negative,NORMAL,0.61,2026-05-17,v1.0
FB002605,BYR000580,PRD002730,Yes,No,No,No,Yes,No,Already purchased elsewhere,Negative,NORMAL,0.6,2026-05-29,v1.0
FB002606,BYR000080,PRD000994,Yes,Yes,Yes,Yes,No,No,Great match! ⭐⭐⭐⭐⭐,Positive,NORMAL,0.99,2026-07-08,v1.0
FB002607,BYR000524,PRD000452,Yes,No,No,No,Yes,No,Duplicate of item I already own,Negative,NEGATIVE,0.7,2026-06-25,v1.0
FB002608,BYR000910,PRD000982,Yes,Yes,Yes,Yes,No,No,Clicked and purchased,Positive,NORMAL,0.5,2026-07-29,v1.0
FB002609,BYR000005,PRD000433,Yes,No,Yes,No,No,No,Not my style,Neutral,NEGATIVE,0.63,2026-06-18,v1.0
FB002610,BYR000274,PRD000072,Yes,No,No,No,Yes,No,Already purchased elsewhere,Negative,NORMAL,0.52,2026-05-21,v1.0
FB002611,BYR000303,PRD002878,Yes,No,No,No,Yes,No,Duplicate of item I already own,Negative,EDGE,0.7,2026-05-13,v1.0
FB002612,BYR000085,PRD000234,Yes,No,Yes,No,No,No,Not my style,Neutral,NORMAL,0.94,2026-07-08,v1.0
FB002613,BYR000924,PRD002795,Yes,No,No,No,Yes,No,Already purchased elsewhere,Negative,NORMAL,0.97,2026-07-18,v1.0
FB002614,BYR000085,PRD001851,Yes,No,No,No,Yes,No,Duplicate of item I already own,Negative,NORMAL,0.55,2026-06-05,v1.0
FB002615,BYR000584,PRD001659,Yes,No,No,No,Yes,No,Duplicate of item I already own,Negative,NORMAL,0.91,2026-06-22,v1.0
FB002616,BYR000459,PRD002990,Yes,Yes,Yes,No,No,No,Too expensive for my budget,Neutral,NORMAL,0.53,2026-06-15,v1.0
FB002617,BYR000159,PRD000099,Yes,No,No,No,Yes,No,Duplicate of item I already own,Negative,NORMAL,0.68,2026-05-28,v1.0
FB002618,BYR000069,PRD001627,Yes,Yes,Yes,No,No,No,Relevant recommendation,Neutral,NORMAL,0.7,2026-07-18,v1.0
FB002619,BYR000867,PRD002802,Yes,No,Yes,No,No,No,Price too high 😅,Neutral,NEGATIVE,0.69,2026-07-31,v1.0
FB002620,BYR000003,PRD002026,Yes,No,No,No,Yes,No,Duplicate of item I already own,Negative,NORMAL,0.62,2026-05-27,v1.0
FB002621,BYR000436,PRD001724,Yes,Yes,Yes,Yes,No,No,"Perfect timing, needed this",Positive,NORMAL,0.9,2026-06-23,v1.0
FB002622,BYR000315,PRD001095,Yes,No,Yes,No,No,No,Price too high 😅,Neutral,BOUNDARY,0.8,2026-07-20,v1.0
FB002623,BYR000857,PRD001569,Yes,No,No,No,Yes,No,Not interested,Negative,BOUNDARY,0.94,2026-06-29,v1.0
FB002624,BYR000464,PRD001738,Yes,No,No,No,Yes,No,Duplicate of item I already own,Negative,NORMAL,0.68,2026-08-02,v1.0
FB002625,BYR000330,PRD001796,Yes,No,No,No,Yes,No,Duplicate of item I already own,Negative,NEGATIVE,0.77,2026-07-19,v1.0
FB002626,BYR000754,PRD001149,Yes,Yes,Yes,No,No,No,"Good match, saved to wishlist",Neutral,NORMAL,0.81,2026-05-22,v1.0
FB002627,BYR000970,PRD002252,Yes,Yes,Yes,No,No,No,Too expensive for my budget,Neutral,NORMAL,0.7,2026-06-23,v1.0
FB002628,BYR000737,PRD000337,Yes,No,No,No,Yes,No,Duplicate of item I already own,Negative,NORMAL,0.73,2026-06-22,v1.0
FB002629,BYR000867,PRD002173,Yes,No,No,No,Yes,No,Already purchased elsewhere,Negative,NEGATIVE,0.6,2026-05-08,v1.0
FB002630,BYR000255,PRD002230,Yes,No,Yes,No,No,No,Not my style,Neutral,NORMAL,0.99,2026-06-06,v1.0
FB002631,BYR000996,PRD000225,Yes,No,No,No,Yes,No,Duplicate of item I already own,Negative,NORMAL,0.61,2026-07-22,v1.0
FB002632,BYR000920,PRD002425,Yes,Yes,Yes,No,No,No,Too expensive for my budget,Neutral,NORMAL,0.88,2026-05-19,v1.0
FB002633,BYR000226,PRD000318,Yes,Yes,Yes,No,No,No,Too expensive for my budget,Neutral,NORMAL,0.87,2026-05-11,v1.0
FB002634,BYR000519,PRD001470,Yes,Yes,Yes,No,No,No,Too expensive for my budget,Neutral,NORMAL,0.96,2026-06-01,v1.0
FB002635,BYR000002,PRD001913,Yes,No,Yes,No,No,No,Price too high 😅,Neutral,BOUNDARY,0.59,2026-06-02,v1.0
FB002636,BYR000189,PRD001117,Yes,No,No,No,Yes,No,Not interested,Negative,NORMAL,0.74,2026-07-20,v1.0
FB002637,BYR000827,PRD002605,Yes,No,No,No,Yes,Yes,Duplicate of item I already own,Negative,NORMAL,0.56,2026-05-13,v1.0
FB002638,BYR000154,PRD000602,Yes,No,Yes,No,No,No,Price too high 😅,Neutral,NORMAL,0.64,2026-07-14,v1.0
FB002639,BYR000656,PRD000100,Yes,No,No,No,Yes,No,Not interested,Negative,NORMAL,0.91,2026-06-18,v1.0
FB002640,BYR000684,PRD002952,Yes,No,No,No,Yes,No,Not interested,Negative,RARE,0.7,2026-05-12,v1.0
FB002641,BYR000618,PRD002307,Yes,No,No,No,Yes,No,Already purchased elsewhere,Negative,NORMAL,0.9,2026-08-03,v1.0
FB002642,BYR000980,PRD001110,Yes,Yes,Yes,No,No,No,Relevant recommendation,Neutral,NORMAL,0.86,2026-06-22,v1.0
FB002643,BYR000375,PRD002384,Yes,Yes,Yes,Yes,No,No,Clicked and purchased,Positive,NORMAL,0.63,2026-05-13,v1.0
FB002644,BYR000625,PRD002242,Yes,Yes,Yes,No,No,No,Relevant recommendation,Neutral,COLD_START,0.79,2026-05-30,v1.0
FB002645,BYR000229,PRD000634,Yes,No,No,No,Yes,No,Not interested,Negative,NORMAL,0.94,2026-07-06,v1.0
FB002646,BYR000390,PRD002672,Yes,No,No,No,Yes,No,Already purchased elsewhere,Negative,BOUNDARY,0.91,2026-06-05,v1.0
FB002647,BYR000888,PRD001410,Yes,No,Yes,No,No,No,Not my style,Neutral,EDGE,0.99,2026-08-06,v1.0
FB002648,BYR000698,PRD002283,Yes,Yes,Yes,Yes,No,No,Clicked and purchased,Positive,COLD_START,0.74,2026-07-23,v1.0
FB002649,BYR000736,PRD002002,Yes,No,No,No,Yes,No,Not interested,Negative,NORMAL,0.79,2026-06-02,v1.0
FB002650,BYR000468,PRD002018,Yes,Yes,Yes,No,No,No,Relevant recommendation,Neutral,NORMAL,0.85,2026-08-03,v1.0
FB002651,BYR000425,PRD000414,Yes,No,No,No,Yes,No,Duplicate of item I already own,Negative,NORMAL,0.7,2026-08-01,v1.0
FB002652,BYR000941,PRD000909,Yes,No,No,No,Yes,No,Duplicate of item I already own,Negative,EDGE,0.78,2026-07-23,v1.0
FB002653,BYR000816,PRD001528,Yes,No,Yes,No,No,No,Not my style,Neutral,NORMAL,0.65,2026-07-12,v1.0
FB002654,BYR000548,PRD000139,Yes,Yes,Yes,No,No,No,"Good match, saved to wishlist",Neutral,BOUNDARY,0.99,2026-07-31,v1.0
FB002655,BYR000458,PRD002798,Yes,Yes,Yes,No,No,No,"Good match, saved to wishlist",Neutral,NORMAL,0.89,2026-07-23,v1.0
FB002656,BYR000649,PRD000761,Yes,No,Yes,No,No,No,Irrelevant to my search,Neutral,NORMAL,0.91,2026-06-29,v1.0
FB002657,BYR000589,PRD001226,Yes,Yes,Yes,No,No,No,Too expensive for my budget,Neutral,NORMAL,0.84,2026-06-27,v1.0
FB002658,BYR000769,PRD001372,Yes,No,No,No,Yes,No,Already purchased elsewhere,Negative,NORMAL,0.87,2026-05-12,v1.0
FB002659,BYR000447,PRD002197,Yes,No,No,No,Yes,No,Duplicate of item I already own,Negative,NORMAL,0.84,2026-05-29,v1.0
FB002660,BYR000860,PRD001944,Yes,No,Yes,No,No,No,Price too high 😅,Neutral,NORMAL,0.93,2026-05-16,v1.0
FB002661,BYR000343,PRD002443,Yes,No,No,No,Yes,No,Already purchased elsewhere,Negative,NEGATIVE,0.51,2026-05-12,v1.0
FB002662,BYR000121,PRD002934,Yes,No,Yes,No,No,No,Not my style,Neutral,EDGE,0.92,2026-05-18,v1.0
FB002663,BYR000357,PRD001701,Yes,No,No,No,Yes,No,Not interested,Negative,COLD_START,0.51,2026-05-13,v1.0
FB002664,BYR000481,PRD002319,Yes,No,Yes,No,No,No,Not my style,Neutral,NORMAL,0.64,2026-07-20,v1.0
FB002665,BYR000089,PRD000841,Yes,Yes,Yes,No,No,No,"Good match, saved to wishlist",Neutral,NORMAL,0.52,2026-05-21,v1.0
FB002666,BYR000182,PRD002115,Yes,No,Yes,No,No,No,Irrelevant to my search,Neutral,BOUNDARY,0.67,2026-07-18,v1.0
FB002667,BYR000173,PRD001313,Yes,No,No,No,Yes,No,Duplicate of item I already own,Negative,NORMAL,0.71,2026-07-03,v1.0
FB002668,BYR000308,PRD000823,Yes,No,No,No,Yes,No,Not interested,Negative,NORMAL,0.78,2026-07-05,v1.0
FB002669,BYR000333,PRD002305,Yes,No,Yes,No,No,No,Not my style,Neutral,NORMAL,1.0,2026-06-10,v1.0
FB002670,BYR000525,PRD001848,Yes,No,No,No,Yes,No,Not interested,Negative,NORMAL,0.68,2026-07-08,v1.0
FB002671,BYR000370,PRD001716,Yes,No,No,No,Yes,No,Already purchased elsewhere,Negative,NEGATIVE,0.97,2026-07-17,v1.0
FB002672,BYR000621,PRD000192,Yes,No,No,No,Yes,No,Not interested,Negative,COLD_START,0.61,2026-05-18,v1.0
FB002673,BYR000871,PRD001101,Yes,No,Yes,No,No,No,Not my style,Neutral,NORMAL,0.68,2026-07-26,v1.0
FB002674,BYR000067,PRD000209,Yes,Yes,Yes,No,No,No,"Good match, saved to wishlist",Neutral,BOUNDARY,0.55,2026-07-30,v1.0
FB002675,BYR000079,PRD001929,Yes,Yes,Yes,Yes,No,No,"Perfect timing, needed this",Positive,NORMAL,0.95,2026-05-19,v1.0
FB002676,BYR000864,PRD001604,Yes,Yes,Yes,No,No,No,"Good match, saved to wishlist",Neutral,NORMAL,0.85,2026-06-24,v1.0
FB002677,BYR000737,PRD001209,Yes,No,No,No,Yes,Yes,Duplicate of item I already own,Negative,NEGATIVE,0.89,2026-07-24,v1.0
FB002678,BYR000620,PRD001199,Yes,No,No,No,Yes,No,Not interested,Negative,NEGATIVE,0.91,2026-07-01,v1.0
FB002679,BYR000597,PRD001707,Yes,No,Yes,No,No,No,Price too high 😅,Neutral,NORMAL,0.53,2026-07-21,v1.0
FB002680,BYR000664,PRD001203,Yes,No,Yes,No,No,No,Not my style,Neutral,NORMAL,0.62,2026-07-16,v1.0
FB002681,BYR000487,PRD002952,Yes,Yes,Yes,Yes,No,No,Clicked and purchased,Positive,NORMAL,0.57,2026-06-20,v1.0
FB002682,BYR000454,PRD002810,Yes,Yes,Yes,No,No,No,Too expensive for my budget,Neutral,NORMAL,0.86,2026-07-03,v1.0
FB002683,BYR000307,PRD001869,Yes,Yes,Yes,No,No,No,Too expensive for my budget,Neutral,NORMAL,0.73,2026-07-28,v1.0
FB002684,BYR000612,PRD001151,Yes,No,No,No,Yes,No,Not interested,Negative,EDGE,0.95,2026-07-26,v1.0
FB002685,BYR000217,PRD001719,Yes,Yes,Yes,Yes,No,No,Great match! ⭐⭐⭐⭐⭐,Positive,NORMAL,0.74,2026-07-09,v1.0
FB002686,BYR000867,PRD000423,Yes,No,No,No,Yes,No,Duplicate of item I already own,Negative,NORMAL,0.62,2026-07-17,v1.0
FB002687,BYR000275,PRD001600,Yes,Yes,Yes,No,No,No,"Good match, saved to wishlist",Neutral,NORMAL,0.84,2026-07-17,v1.0
FB002688,BYR000576,PRD000729,Yes,No,Yes,No,No,No,Irrelevant to my search,Neutral,NORMAL,0.87,2026-08-04,v1.0
FB002689,BYR000238,PRD001408,Yes,No,No,No,Yes,Yes,Already purchased elsewhere,Negative,NORMAL,0.74,2026-05-22,v1.0
FB002690,BYR000972,PRD000167,Yes,Yes,Yes,No,No,No,"Good match, saved to wishlist",Neutral,BOUNDARY,0.9,2026-06-28,v1.0
FB002691,BYR000287,PRD002017,Yes,No,No,No,Yes,No,Already purchased elsewhere,Negative,NORMAL,0.73,2026-05-09,v1.0
FB002692,BYR000384,PRD000006,Yes,No,No,No,Yes,No,Already purchased elsewhere,Negative,NEGATIVE,0.86,2026-05-30,v1.0
FB002693,BYR000492,PRD000152,Yes,No,Yes,No,No,No,Not my style,Neutral,NORMAL,0.96,2026-05-27,v1.0
FB002694,BYR000536,PRD001243,Yes,Yes,Yes,Yes,No,No,"Perfect timing, needed this",Positive,NORMAL,0.91,2026-06-09,v1.0
FB002695,BYR000267,PRD000563,Yes,Yes,Yes,Yes,No,No,Great match! ⭐⭐⭐⭐⭐,Positive,NORMAL,0.65,2026-07-26,v1.0
FB002696,BYR000944,PRD001030,Yes,No,No,No,Yes,No,Duplicate of item I already own,Negative,NORMAL,0.73,2026-05-31,v1.0
FB002697,BYR000111,PRD002299,Yes,No,No,No,Yes,No,Already purchased elsewhere,Negative,EDGE,0.83,2026-05-12,v1.0
FB002698,BYR000072,PRD001914,Yes,No,No,No,Yes,No,Duplicate of item I already own,Negative,NORMAL,0.69,2026-05-15,v1.0
FB002699,BYR000061,PRD000478,Yes,Yes,Yes,No,No,No,Relevant recommendation,Neutral,COLD_START,0.82,2026-05-09,v1.0
FB002700,BYR000307,PRD000351,Yes,No,Yes,No,No,No,Price too high 😅,Neutral,EDGE,0.89,2026-07-29,v1.0
FB002701,BYR000082,PRD002700,Yes,No,Yes,No,No,No,Irrelevant to my search,Neutral,NORMAL,0.95,2026-06-27,v1.0
FB002702,BYR000086,PRD002184,Yes,No,No,No,Yes,No,Duplicate of item I already own,Negative,NORMAL,0.76,2026-06-14,v1.0
FB002703,BYR000690,PRD000051,Yes,No,Yes,No,No,No,Irrelevant to my search,Neutral,NORMAL,0.58,2026-07-30,v1.0
FB002704,BYR000586,PRD002872,Yes,No,Yes,No,No,No,Not my style,Neutral,NORMAL,0.69,2026-07-06,v1.0
FB002705,BYR000366,PRD002180,Yes,Yes,Yes,No,No,No,Relevant recommendation,Neutral,NORMAL,0.91,2026-06-12,v1.0
FB002706,BYR000346,PRD000826,Yes,Yes,Yes,Yes,No,No,"Perfect timing, needed this",Positive,NORMAL,0.89,2026-07-13,v1.0
FB002707,BYR000570,PRD001756,Yes,No,Yes,No,No,No,Not my style,Neutral,NORMAL,0.87,2026-07-30,v1.0
FB002708,BYR000759,PRD000523,Yes,No,Yes,No,No,No,Price too high 😅,Neutral,COLD_START,0.86,2026-05-18,v1.0
FB002709,BYR000051,PRD000997,Yes,Yes,Yes,No,No,No,"Good match, saved to wishlist",Neutral,NORMAL,0.73,2026-05-25,v1.0
FB002710,BYR000251,PRD000763,Yes,Yes,Yes,Yes,No,No,"Perfect timing, needed this",Positive,NEGATIVE,0.84,2026-06-11,v1.0
FB002711,BYR000703,PRD000581,Yes,No,Yes,No,No,No,Price too high 😅,Neutral,NORMAL,0.84,2026-07-18,v1.0
FB002712,BYR000377,PRD001237,Yes,No,No,No,Yes,No,Already purchased elsewhere,Negative,COLD_START,0.83,2026-07-26,v1.0
FB002713,BYR000666,PRD000875,Yes,No,Yes,No,No,No,Irrelevant to my search,Neutral,NORMAL,0.83,2026-05-14,v1.0
FB002714,BYR000958,PRD000431,Yes,No,No,No,Yes,No,Already purchased elsewhere,Negative,NORMAL,0.65,2026-06-30,v1.0
FB002715,BYR000581,PRD000560,Yes,No,Yes,No,No,No,Irrelevant to my search,Neutral,NORMAL,0.6,2026-07-06,v1.0
FB002716,BYR000141,PRD001713,Yes,Yes,Yes,Yes,No,No,"Perfect timing, needed this",Positive,NORMAL,0.83,2026-05-14,v1.0
FB002717,BYR000770,PRD000171,Yes,No,Yes,No,No,No,Irrelevant to my search,Neutral,NORMAL,0.84,2026-06-28,v1.0
FB002718,BYR000143,PRD001345,Yes,Yes,Yes,No,No,No,Relevant recommendation,Neutral,NORMAL,0.74,2026-06-15,v1.0
FB002719,BYR000140,PRD002303,Yes,No,No,No,Yes,No,Duplicate of item I already own,Negative,NEGATIVE,0.64,2026-05-25,v1.0
FB002720,BYR000401,PRD000590,Yes,Yes,Yes,Yes,No,No,"Perfect timing, needed this",Positive,NORMAL,0.8,2026-05-27,v1.0
FB002721,BYR000202,PRD001863,Yes,No,No,No,Yes,No,Not interested,Negative,NORMAL,0.79,2026-07-06,v1.0
FB002722,BYR000212,PRD002550,Yes,Yes,Yes,No,No,No,Relevant recommendation,Neutral,NORMAL,0.61,2026-05-26,v1.0
FB002723,BYR000353,PRD000807,Yes,No,No,No,Yes,No,Already purchased elsewhere,Negative,NORMAL,0.61,2026-07-19,v1.0
FB002724,BYR000885,PRD002019,Yes,No,No,No,Yes,No,Already purchased elsewhere,Negative,COLD_START,0.73,2026-05-25,v1.0
FB002725,BYR001000,PRD001292,Yes,No,Yes,No,No,No,Irrelevant to my search,Neutral,NORMAL,0.56,2026-05-27,v1.0
FB002726,BYR000541,PRD001714,Yes,No,No,No,Yes,No,Already purchased elsewhere,Negative,NORMAL,0.8,2026-05-29,v1.0
FB002727,BYR000977,PRD002925,Yes,No,Yes,No,No,No,Not my style,Neutral,EDGE,0.74,2026-05-21,v1.0
FB002728,BYR000329,PRD001178,Yes,No,No,No,Yes,No,Not interested,Negative,NORMAL,0.53,2026-07-10,v1.0
FB002729,BYR000549,PRD002866,Yes,Yes,Yes,No,No,No,Relevant recommendation,Neutral,BOUNDARY,0.61,2026-07-19,v1.0
FB002730,BYR000933,PRD002037,Yes,No,No,No,Yes,No,Not interested,Negative,NORMAL,0.51,2026-06-12,v1.0
FB002731,BYR000133,PRD000965,Yes,Yes,Yes,No,No,No,Relevant recommendation,Neutral,NORMAL,0.95,2026-05-30,v1.0
FB002732,BYR000718,PRD001230,Yes,No,No,No,Yes,No,Duplicate of item I already own,Negative,NORMAL,0.7,2026-07-06,v1.0
FB002733,BYR000828,PRD000938,Yes,Yes,Yes,No,No,No,"Good match, saved to wishlist",Neutral,NORMAL,0.83,2026-07-15,v1.0
FB002734,BYR000560,PRD000732,Yes,No,No,No,Yes,Yes,Already purchased elsewhere,Negative,NEGATIVE,0.82,2026-07-15,v1.0
FB002735,BYR000605,PRD002863,Yes,No,No,No,Yes,No,Not interested,Negative,NORMAL,0.95,2026-05-26,v1.0
FB002736,BYR000870,PRD002928,Yes,No,No,No,Yes,No,Already purchased elsewhere,Negative,BOUNDARY,0.68,2026-07-30,v1.0
FB002737,BYR000655,PRD002456,Yes,Yes,Yes,No,No,No,Relevant recommendation,Neutral,NORMAL,0.92,2026-07-20,v1.0
FB002738,BYR000961,PRD000977,Yes,No,Yes,No,No,No,Price too high 😅,Neutral,EDGE,0.99,2026-06-06,v1.0
FB002739,BYR000518,PRD002864,Yes,No,No,No,Yes,No,Already purchased elsewhere,Negative,NORMAL,0.91,2026-05-12,v1.0
FB002740,BYR000064,PRD000418,Yes,Yes,Yes,No,No,No,Too expensive for my budget,Neutral,EDGE,1.0,2026-06-12,v1.0
FB002741,BYR000683,PRD000748,Yes,Yes,Yes,No,No,No,Too expensive for my budget,Neutral,NORMAL,0.73,2026-07-18,v1.0
FB002742,BYR000957,PRD002471,Yes,No,Yes,No,No,No,Not my style,Neutral,NORMAL,0.56,2026-07-18,v1.0
FB002743,BYR000638,PRD002369,Yes,No,No,No,Yes,No,Duplicate of item I already own,Negative,NORMAL,0.88,2026-06-01,v1.0
FB002744,BYR000644,PRD002873,Yes,No,No,No,Yes,No,Duplicate of item I already own,Negative,NORMAL,0.62,2026-08-03,v1.0
FB002745,BYR000822,PRD001346,Yes,No,Yes,No,No,No,Price too high 😅,Neutral,NORMAL,0.6,2026-05-12,v1.0
FB002746,BYR000758,PRD001640,Yes,Yes,Yes,No,No,No,Relevant recommendation,Neutral,NEGATIVE,0.57,2026-05-20,v1.0
FB002747,BYR000208,PRD000960,Yes,Yes,Yes,No,No,No,"Good match, saved to wishlist",Neutral,NORMAL,0.56,2026-08-02,v1.0
FB002748,BYR000754,PRD001921,Yes,No,No,No,Yes,No,Duplicate of item I already own,Negative,NORMAL,0.96,2026-05-09,v1.0
FB002749,BYR000026,PRD001987,Yes,Yes,Yes,No,No,No,Too expensive for my budget,Neutral,NORMAL,0.85,2026-06-07,v1.0
FB002750,BYR000050,PRD002937,Yes,No,Yes,No,No,No,Irrelevant to my search,Neutral,NORMAL,0.53,2026-05-11,v1.0
FB002751,BYR000313,PRD000302,Yes,No,No,No,Yes,No,Duplicate of item I already own,Negative,COLD_START,0.62,2026-05-27,v1.0
FB002752,BYR000700,PRD002281,Yes,No,No,No,Yes,Yes,Already purchased elsewhere,Negative,NORMAL,0.67,2026-06-11,v1.0
FB002753,BYR000927,PRD001892,Yes,Yes,Yes,Yes,No,No,Clicked and purchased,Positive,NORMAL,0.6,2026-06-29,v1.0
FB002754,BYR000120,PRD002494,Yes,No,Yes,No,No,No,Price too high 😅,Neutral,NORMAL,0.73,2026-06-16,v1.0
FB002755,BYR000936,PRD002616,Yes,No,No,No,Yes,No,Duplicate of item I already own,Negative,EDGE,0.79,2026-06-29,v1.0
FB002756,BYR000911,PRD002257,Yes,No,No,No,Yes,No,Not interested,Negative,BOUNDARY,0.96,2026-06-15,v1.0
FB002757,BYR000257,PRD000836,Yes,No,No,No,Yes,No,Already purchased elsewhere,Negative,NORMAL,0.83,2026-06-16,v1.0
FB002758,BYR000557,PRD002389,Yes,No,Yes,No,No,No,Not my style,Neutral,NORMAL,0.89,2026-06-15,v1.0
FB002759,BYR000193,PRD001705,Yes,No,No,No,Yes,No,Already purchased elsewhere,Negative,EDGE,0.85,2026-06-25,v1.0
FB002760,BYR000571,PRD001186,Yes,Yes,Yes,Yes,No,No,Clicked and purchased,Positive,NORMAL,0.63,2026-05-15,v1.0
FB002761,BYR000632,PRD002314,Yes,No,Yes,No,No,No,Irrelevant to my search,Neutral,NORMAL,0.75,2026-05-25,v1.0
FB002762,BYR000191,PRD001955,Yes,Yes,Yes,No,No,No,Relevant recommendation,Neutral,BOUNDARY,0.83,2026-07-02,v1.0
FB002763,BYR000233,PRD002390,Yes,No,No,No,Yes,No,Not interested,Negative,NORMAL,0.71,2026-05-29,v1.0
FB002764,BYR000602,PRD002875,Yes,Yes,Yes,No,No,No,Relevant recommendation,Neutral,RARE,0.93,2026-05-09,v1.0
FB002765,BYR000111,PRD001003,Yes,No,Yes,No,No,No,Not my style,Neutral,NORMAL,0.93,2026-07-11,v1.0
FB002766,BYR000421,PRD001218,Yes,Yes,Yes,No,No,No,Relevant recommendation,Neutral,COLD_START,0.91,2026-06-08,v1.0
FB002767,BYR000043,PRD002858,Yes,No,Yes,No,No,No,Price too high 😅,Neutral,NORMAL,0.87,2026-06-01,v1.0
FB002768,BYR000716,PRD000428,Yes,No,Yes,No,No,No,Price too high 😅,Neutral,NORMAL,0.83,2026-06-20,v1.0
FB002769,BYR000379,PRD001002,Yes,No,No,No,Yes,No,Not interested,Negative,RARE,0.75,2026-07-11,v1.0
FB002770,BYR000073,PRD002646,Yes,No,Yes,No,No,No,Price too high 😅,Neutral,NORMAL,0.81,2026-07-03,v1.0
FB002771,BYR000342,PRD000803,Yes,No,No,No,Yes,No,Already purchased elsewhere,Negative,NEGATIVE,0.79,2026-06-20,v1.0
FB002772,BYR000650,PRD001452,Yes,No,No,No,Yes,No,Duplicate of item I already own,Negative,NORMAL,0.7,2026-07-30,v1.0
FB002773,BYR000288,PRD000241,Yes,No,Yes,No,No,No,Irrelevant to my search,Neutral,BOUNDARY,0.89,2026-06-13,v1.0
FB002774,BYR000119,PRD001511,Yes,No,Yes,No,No,No,Price too high 😅,Neutral,NORMAL,0.95,2026-07-07,v1.0
FB002775,BYR000139,PRD002671,Yes,No,No,No,Yes,No,Not interested,Negative,NORMAL,0.59,2026-07-10,v1.0
FB002776,BYR000584,PRD002242,Yes,No,No,No,Yes,Yes,Duplicate of item I already own,Negative,NORMAL,0.63,2026-07-15,v1.0
FB002777,BYR000882,PRD001220,Yes,No,No,No,Yes,No,Duplicate of item I already own,Negative,BOUNDARY,0.64,2026-07-23,v1.0
FB002778,BYR000197,PRD000659,Yes,No,Yes,No,No,No,Irrelevant to my search,Neutral,NORMAL,0.98,2026-06-12,v1.0
FB002779,BYR000070,PRD002882,Yes,No,No,No,Yes,No,Not interested,Negative,NORMAL,0.69,2026-06-03,v1.0
FB002780,BYR000766,PRD002016,Yes,Yes,Yes,No,No,No,"Good match, saved to wishlist",Neutral,NORMAL,0.63,2026-06-22,v1.0
FB002781,BYR000148,PRD002733,Yes,No,Yes,No,No,No,Not my style,Neutral,BOUNDARY,0.78,2026-06-21,v1.0
FB002782,BYR000820,PRD001229,Yes,No,No,No,Yes,No,Already purchased elsewhere,Negative,NORMAL,0.89,2026-07-13,v1.0
FB002783,BYR000764,PRD002778,Yes,No,No,No,Yes,No,Not interested,Negative,NORMAL,0.87,2026-05-10,v1.0
FB002784,BYR000793,PRD002354,Yes,No,Yes,No,No,No,Price too high 😅,Neutral,NORMAL,0.78,2026-06-04,v1.0
FB002785,BYR000017,PRD000322,Yes,No,No,No,Yes,Yes,Duplicate of item I already own,Negative,NORMAL,0.91,2026-07-01,v1.0
FB002786,BYR000887,PRD000622,Yes,Yes,Yes,No,No,No,"Good match, saved to wishlist",Neutral,NORMAL,0.93,2026-06-02,v1.0
FB002787,BYR000562,PRD000133,Yes,No,No,No,Yes,No,Already purchased elsewhere,Negative,EDGE,0.85,2026-07-10,v1.0
FB002788,BYR000540,PRD000189,Yes,No,No,No,Yes,No,Not interested,Negative,NORMAL,0.51,2026-07-02,v1.0
FB002789,BYR000312,PRD001804,Yes,No,No,No,Yes,No,Duplicate of item I already own,Negative,NEGATIVE,0.63,2026-05-19,v1.0
FB002790,BYR000415,PRD002053,Yes,No,No,No,Yes,No,Duplicate of item I already own,Negative,NORMAL,0.56,2026-05-13,v1.0
FB002791,BYR000493,PRD002668,Yes,No,No,No,Yes,No,Duplicate of item I already own,Negative,NORMAL,0.99,2026-05-19,v1.0
FB002792,BYR000382,PRD002814,Yes,No,Yes,No,No,No,Irrelevant to my search,Neutral,NORMAL,0.74,2026-07-18,v1.0
FB002793,BYR000200,PRD000143,Yes,No,No,No,Yes,No,Already purchased elsewhere,Negative,NORMAL,0.53,2026-06-07,v1.0
FB002794,BYR000141,PRD001280,Yes,No,No,No,Yes,No,Not interested,Negative,NORMAL,0.74,2026-07-22,v1.0
FB002795,BYR000288,PRD002363,Yes,No,Yes,No,No,No,Not my style,Neutral,NORMAL,0.51,2026-06-08,v1.0
FB002796,BYR000686,PRD000317,Yes,Yes,Yes,No,No,No,"Good match, saved to wishlist",Neutral,NORMAL,0.75,2026-05-13,v1.0
FB002797,BYR000516,PRD000739,Yes,Yes,Yes,No,No,No,"Good match, saved to wishlist",Neutral,NORMAL,0.88,2026-06-30,v1.0
FB002798,BYR000299,PRD001636,Yes,Yes,Yes,Yes,No,No,Clicked and purchased,Positive,NORMAL,0.9,2026-07-13,v1.0
FB002799,BYR000974,PRD001145,Yes,No,Yes,No,No,No,Not my style,Neutral,NORMAL,0.86,2026-06-27,v1.0
FB002800,BYR000183,PRD000229,Yes,No,No,No,Yes,No,Duplicate of item I already own,Negative,NORMAL,0.93,2026-07-14,v1.0
FB002801,BYR000656,PRD000384,Yes,Yes,Yes,Yes,No,No,"Perfect timing, needed this",Positive,NORMAL,0.96,2026-07-26,v1.0
FB002802,BYR000902,PRD002551,Yes,No,No,No,Yes,No,Already purchased elsewhere,Negative,NORMAL,0.62,2026-08-04,v1.0
FB002803,BYR000126,PRD000887,Yes,No,Yes,No,No,No,Irrelevant to my search,Neutral,COLD_START,0.77,2026-06-09,v1.0
FB002804,BYR000893,PRD000357,Yes,No,No,No,Yes,No,Not interested,Negative,BOUNDARY,0.58,2026-07-08,v1.0
FB002805,BYR000043,PRD000138,Yes,No,No,No,Yes,No,Duplicate of item I already own,Negative,NORMAL,0.61,2026-05-28,v1.0
FB002806,BYR000632,PRD001986,Yes,Yes,Yes,No,No,No,Relevant recommendation,Neutral,NORMAL,0.82,2026-05-18,v1.0
FB002807,BYR000464,PRD000989,Yes,Yes,Yes,No,No,No,Relevant recommendation,Neutral,NORMAL,0.69,2026-07-17,v1.0
FB002808,BYR000369,PRD001014,Yes,Yes,Yes,No,No,No,Relevant recommendation,Neutral,NORMAL,0.56,2026-07-04,v1.0
FB002809,BYR000367,PRD002870,Yes,No,No,No,Yes,No,Duplicate of item I already own,Negative,NORMAL,0.69,2026-06-21,v1.0
FB002810,BYR000072,PRD001316,Yes,No,Yes,No,No,No,Not my style,Neutral,RARE,0.66,2026-06-11,v1.0
FB002811,BYR000121,PRD002544,Yes,No,Yes,No,No,No,Irrelevant to my search,Neutral,NORMAL,0.66,2026-06-03,v1.0
FB002812,BYR000598,PRD002230,Yes,No,Yes,No,No,No,Price too high 😅,Neutral,NORMAL,0.5,2026-07-31,v1.0
FB002813,BYR000819,PRD001711,Yes,No,Yes,No,No,No,Not my style,Neutral,NORMAL,0.66,2026-07-08,v1.0
FB002814,BYR000849,PRD002035,Yes,No,No,No,Yes,No,Not interested,Negative,NORMAL,0.62,2026-05-27,v1.0
FB002815,BYR000843,PRD001918,Yes,No,No,No,Yes,No,Already purchased elsewhere,Negative,EDGE,0.76,2026-05-27,v1.0
FB002816,BYR000603,PRD002906,Yes,Yes,Yes,No,No,No,Too expensive for my budget,Neutral,NORMAL,0.56,2026-05-17,v1.0
FB002817,BYR000922,PRD002439,Yes,Yes,Yes,No,No,No,Too expensive for my budget,Neutral,NORMAL,0.63,2026-06-23,v1.0
FB002818,BYR000083,PRD000588,Yes,Yes,Yes,Yes,No,No,"Perfect timing, needed this",Positive,NORMAL,0.57,2026-06-10,v1.0
FB002819,BYR000532,PRD001712,Yes,No,No,No,Yes,No,Duplicate of item I already own,Negative,NORMAL,0.96,2026-07-12,v1.0
FB002820,BYR000812,PRD000916,Yes,No,Yes,No,No,No,Not my style,Neutral,NORMAL,0.54,2026-08-04,v1.0
FB002821,BYR000789,PRD000773,Yes,Yes,Yes,No,No,No,"Good match, saved to wishlist",Neutral,RARE,0.67,2026-05-22,v1.0
FB002822,BYR000617,PRD001331,Yes,Yes,Yes,No,No,No,Relevant recommendation,Neutral,BOUNDARY,0.65,2026-05-25,v1.0
FB002823,BYR000661,PRD001773,Yes,No,Yes,No,No,No,Not my style,Neutral,NORMAL,0.81,2026-05-25,v1.0
FB002824,BYR000143,PRD002399,Yes,No,No,No,Yes,No,Duplicate of item I already own,Negative,BOUNDARY,0.8,2026-05-11,v1.0
FB002825,BYR000631,PRD000990,Yes,No,No,No,Yes,No,Duplicate of item I already own,Negative,NORMAL,0.58,2026-08-02,v1.0
FB002826,BYR000941,PRD002750,Yes,Yes,Yes,No,No,No,Too expensive for my budget,Neutral,NORMAL,0.84,2026-05-10,v1.0
FB002827,BYR000517,PRD001258,Yes,No,No,No,Yes,No,Not interested,Negative,RARE,0.72,2026-06-12,v1.0
FB002828,BYR000919,PRD002916,Yes,No,No,No,Yes,No,Duplicate of item I already own,Negative,EDGE,0.65,2026-06-03,v1.0
FB002829,BYR000404,PRD001022,Yes,No,Yes,No,No,No,Not my style,Neutral,NORMAL,0.95,2026-07-26,v1.0
FB002830,BYR000049,PRD001506,Yes,No,No,No,Yes,No,Already purchased elsewhere,Negative,NORMAL,0.62,2026-05-30,v1.0
FB002831,BYR000277,PRD002567,Yes,Yes,Yes,No,No,No,Relevant recommendation,Neutral,NORMAL,0.58,2026-05-25,v1.0
FB002832,BYR000655,PRD002456,Yes,No,No,No,Yes,No,Duplicate of item I already own,Negative,NORMAL,0.67,2026-07-07,v1.0
FB002833,BYR000545,PRD001511,Yes,No,No,No,Yes,No,Not interested,Negative,NORMAL,0.69,2026-05-18,v1.0
FB002834,BYR000875,PRD000330,Yes,No,No,No,Yes,No,Duplicate of item I already own,Negative,NEGATIVE,0.78,2026-05-14,v1.0
FB002835,BYR000099,PRD002409,Yes,No,Yes,No,No,No,Irrelevant to my search,Neutral,NORMAL,0.94,2026-06-09,v1.0
FB002836,BYR000120,PRD000110,Yes,Yes,Yes,No,No,No,"Good match, saved to wishlist",Neutral,NORMAL,0.59,2026-07-16,v1.0
FB002837,BYR000116,PRD002831,Yes,No,Yes,No,No,No,Not my style,Neutral,NORMAL,0.57,2026-07-31,v1.0
FB002838,BYR000540,PRD001515,Yes,Yes,Yes,Yes,No,No,Clicked and purchased,Positive,EDGE,0.7,2026-05-08,v1.0
FB002839,BYR000370,PRD001296,Yes,No,No,No,Yes,No,Duplicate of item I already own,Negative,EDGE,0.76,2026-07-01,v1.0
FB002840,BYR000539,PRD002937,Yes,No,No,No,Yes,No,Duplicate of item I already own,Negative,EDGE,0.87,2026-08-05,v1.0
FB002841,BYR000332,PRD001346,Yes,Yes,Yes,No,No,No,"Good match, saved to wishlist",Neutral,NORMAL,0.58,2026-05-12,v1.0
FB002842,BYR000662,PRD000485,Yes,No,No,No,Yes,No,Not interested,Negative,NORMAL,0.66,2026-08-01,v1.0
FB002843,BYR000360,PRD000014,Yes,No,Yes,No,No,No,Price too high 😅,Neutral,NEGATIVE,0.82,2026-06-25,v1.0
FB002844,BYR000061,PRD000942,Yes,No,No,No,Yes,No,Already purchased elsewhere,Negative,NEGATIVE,0.69,2026-08-04,v1.0
FB002845,BYR000240,PRD002820,Yes,No,No,No,Yes,No,Already purchased elsewhere,Negative,NORMAL,0.6,2026-07-04,v1.0
FB002846,BYR000934,PRD000956,Yes,No,No,No,Yes,No,Already purchased elsewhere,Negative,NORMAL,0.83,2026-05-27,v1.0
FB002847,BYR000341,PRD001542,Yes,No,No,No,Yes,No,Already purchased elsewhere,Negative,NORMAL,0.76,2026-06-06,v1.0
FB002848,BYR000568,PRD000759,Yes,Yes,Yes,No,No,No,"Good match, saved to wishlist",Neutral,NORMAL,0.86,2026-05-22,v1.0
FB002849,BYR000782,PRD002588,Yes,No,No,No,Yes,No,Not interested,Negative,NORMAL,0.71,2026-07-15,v1.0
FB002850,BYR000746,PRD002278,Yes,Yes,Yes,No,No,No,Relevant recommendation,Neutral,NORMAL,0.68,2026-06-09,v1.0
FB002851,BYR000404,PRD001765,Yes,Yes,Yes,No,No,No,Relevant recommendation,Neutral,NORMAL,0.99,2026-05-10,v1.0
FB002852,BYR000442,PRD002768,Yes,No,No,No,Yes,No,Duplicate of item I already own,Negative,NORMAL,0.8,2026-07-13,v1.0
FB002853,BYR000028,PRD000564,Yes,No,No,No,Yes,No,Already purchased elsewhere,Negative,NEGATIVE,0.95,2026-07-16,v1.0
FB002854,BYR000892,PRD002816,Yes,No,No,No,Yes,No,Duplicate of item I already own,Negative,NORMAL,0.67,2026-07-17,v1.0
FB002855,BYR000576,PRD000665,Yes,No,Yes,No,No,No,Irrelevant to my search,Neutral,NORMAL,0.73,2026-06-09,v1.0
FB002856,BYR000639,PRD001573,Yes,Yes,Yes,No,No,No,"Good match, saved to wishlist",Neutral,NEGATIVE,0.99,2026-07-13,v1.0
FB002857,BYR000513,PRD002546,Yes,No,Yes,No,No,No,Not my style,Neutral,NORMAL,0.59,2026-08-03,v1.0
FB002858,BYR000734,PRD001305,Yes,No,No,No,Yes,No,Not interested,Negative,BOUNDARY,0.62,2026-07-13,v1.0
FB002859,BYR000848,PRD000956,Yes,Yes,Yes,No,No,No,Too expensive for my budget,Neutral,NORMAL,0.98,2026-06-16,v1.0
FB002860,BYR000259,PRD001536,Yes,No,No,No,Yes,Yes,Not interested,Negative,NORMAL,0.68,2026-05-22,v1.0
FB002861,BYR000145,PRD001791,Yes,Yes,Yes,No,No,No,"Good match, saved to wishlist",Neutral,RARE,0.55,2026-07-28,v1.0
FB002862,BYR000224,PRD001315,Yes,No,No,No,Yes,No,Already purchased elsewhere,Negative,NORMAL,0.59,2026-07-12,v1.0
FB002863,BYR000073,PRD000721,Yes,No,No,No,Yes,No,Not interested,Negative,NORMAL,0.88,2026-05-24,v1.0
FB002864,BYR000478,PRD001132,Yes,No,No,No,Yes,No,Duplicate of item I already own,Negative,NORMAL,0.63,2026-05-20,v1.0
FB002865,BYR000837,PRD002835,Yes,No,No,No,Yes,No,Already purchased elsewhere,Negative,NORMAL,0.59,2026-07-26,v1.0
FB002866,BYR000700,PRD000649,Yes,Yes,Yes,No,No,No,Too expensive for my budget,Neutral,NORMAL,0.51,2026-06-24,v1.0
FB002867,BYR000701,PRD002948,Yes,No,No,No,Yes,No,Not interested,Negative,EDGE,0.5,2026-06-28,v1.0
FB002868,BYR000865,PRD002321,Yes,Yes,Yes,No,No,No,"Good match, saved to wishlist",Neutral,NORMAL,0.61,2026-05-29,v1.0
FB002869,BYR000306,PRD002064,Yes,No,Yes,No,No,No,Price too high 😅,Neutral,NORMAL,0.75,2026-05-31,v1.0
FB002870,BYR000376,PRD000291,Yes,No,No,No,Yes,No,Not interested,Negative,NORMAL,0.78,2026-05-26,v1.0
FB002871,BYR000038,PRD002981,Yes,Yes,Yes,No,No,No,Too expensive for my budget,Neutral,NORMAL,0.69,2026-07-07,v1.0
FB002872,BYR000819,PRD001224,Yes,Yes,Yes,No,No,No,Relevant recommendation,Neutral,NORMAL,0.57,2026-06-18,v1.0
FB002873,BYR000935,PRD001678,Yes,No,No,No,Yes,No,Already purchased elsewhere,Negative,NORMAL,0.84,2026-06-26,v1.0
FB002874,BYR000126,PRD001058,Yes,Yes,Yes,Yes,No,No,Clicked and purchased,Positive,EDGE,0.95,2026-07-27,v1.0
FB002875,BYR000965,PRD001750,Yes,No,Yes,No,No,No,Not my style,Neutral,NORMAL,0.79,2026-05-31,v1.0
FB002876,BYR000711,PRD001644,Yes,Yes,Yes,Yes,No,No,"Perfect timing, needed this",Positive,EDGE,0.61,2026-06-04,v1.0
FB002877,BYR000995,PRD002332,Yes,No,No,No,Yes,No,Duplicate of item I already own,Negative,NORMAL,0.57,2026-07-22,v1.0
FB002878,BYR000217,PRD001413,Yes,Yes,Yes,No,No,No,Relevant recommendation,Neutral,NORMAL,0.72,2026-08-04,v1.0
FB002879,BYR000418,PRD000817,Yes,Yes,Yes,No,No,No,"Good match, saved to wishlist",Neutral,NORMAL,0.63,2026-06-22,v1.0
FB002880,BYR000782,PRD002838,Yes,No,No,No,Yes,No,Already purchased elsewhere,Negative,EDGE,0.84,2026-06-04,v1.0
FB002881,BYR000904,PRD002385,Yes,No,No,No,Yes,No,Duplicate of item I already own,Negative,NORMAL,0.8,2026-08-02,v1.0
FB002882,BYR000990,PRD002835,Yes,No,No,No,Yes,No,Duplicate of item I already own,Negative,BOUNDARY,0.92,2026-06-22,v1.0
FB002883,BYR000939,PRD002491,Yes,No,Yes,No,No,No,Not my style,Neutral,NEGATIVE,0.97,2026-07-12,v1.0
FB002884,BYR000332,PRD001602,Yes,No,Yes,No,No,No,Irrelevant to my search,Neutral,BOUNDARY,0.55,2026-05-10,v1.0
FB002885,BYR000371,PRD002208,Yes,Yes,Yes,Yes,No,No,Clicked and purchased,Positive,NORMAL,0.83,2026-06-29,v1.0
FB002886,BYR000486,PRD000005,Yes,No,Yes,No,No,No,Price too high 😅,Neutral,NORMAL,0.59,2026-05-22,v1.0
FB002887,BYR000386,PRD001178,Yes,No,No,No,Yes,No,Duplicate of item I already own,Negative,NORMAL,0.96,2026-07-19,v1.0
FB002888,BYR000440,PRD002160,Yes,Yes,Yes,Yes,No,No,Great match! ⭐⭐⭐⭐⭐,Positive,NORMAL,0.77,2026-06-05,v1.0
FB002889,BYR000755,PRD000762,Yes,No,Yes,No,No,No,Price too high 😅,Neutral,NORMAL,0.9,2026-06-21,v1.0
FB002890,BYR000198,PRD001311,Yes,Yes,Yes,No,No,No,Relevant recommendation,Neutral,NORMAL,0.65,2026-05-19,v1.0
FB002891,BYR000356,PRD000650,Yes,No,No,No,Yes,No,Already purchased elsewhere,Negative,NORMAL,0.85,2026-06-19,v1.0
FB002892,BYR000959,PRD002443,Yes,No,No,No,Yes,No,Duplicate of item I already own,Negative,NORMAL,0.6,2026-05-15,v1.0
FB002893,BYR000204,PRD002815,Yes,Yes,Yes,No,No,No,Relevant recommendation,Neutral,NORMAL,0.61,2026-07-09,v1.0
FB002894,BYR000480,PRD000748,Yes,Yes,Yes,Yes,No,No,Great match! ⭐⭐⭐⭐⭐,Positive,EDGE,0.82,2026-07-16,v1.0
FB002895,BYR000949,PRD001929,Yes,No,No,No,Yes,No,Not interested,Negative,NEGATIVE,0.79,2026-05-09,v1.0
FB002896,BYR000648,PRD000860,Yes,No,No,No,Yes,No,Already purchased elsewhere,Negative,NORMAL,0.73,2026-05-29,v1.0
FB002897,BYR000972,PRD001656,Yes,No,Yes,No,No,No,Not my style,Neutral,NORMAL,0.51,2026-05-17,v1.0
FB002898,BYR000764,PRD000948,Yes,No,No,No,Yes,No,Already purchased elsewhere,Negative,BOUNDARY,0.74,2026-07-07,v1.0
FB002899,BYR000958,PRD000765,Yes,No,No,No,Yes,No,Duplicate of item I already own,Negative,NORMAL,0.81,2026-06-26,v1.0
FB002900,BYR000997,PRD000024,Yes,No,Yes,No,No,No,Irrelevant to my search,Neutral,RARE,0.77,2026-05-14,v1.0
FB002901,BYR000801,PRD001079,Yes,No,No,No,Yes,No,Not interested,Negative,NORMAL,0.67,2026-07-12,v1.0
FB002902,BYR000418,PRD000910,Yes,Yes,Yes,No,No,No,"Good match, saved to wishlist",Neutral,NORMAL,0.59,2026-05-22,v1.0
FB002903,BYR000918,PRD002813,Yes,No,Yes,No,No,No,Not my style,Neutral,NORMAL,0.95,2026-07-30,v1.0
FB002904,BYR000447,PRD000624,Yes,No,No,No,Yes,Yes,Duplicate of item I already own,Negative,NORMAL,0.86,2026-07-28,v1.0
FB002905,BYR000302,PRD002395,Yes,No,No,No,Yes,No,Duplicate of item I already own,Negative,NORMAL,0.76,2026-05-14,v1.0
FB002906,BYR000870,PRD002413,Yes,No,No,No,Yes,No,Already purchased elsewhere,Negative,NORMAL,0.63,2026-07-13,v1.0
FB002907,BYR000411,PRD001493,Yes,No,No,No,Yes,No,Duplicate of item I already own,Negative,NORMAL,0.94,2026-05-14,v1.0
FB002908,BYR000294,PRD000756,Yes,No,Yes,No,No,No,Irrelevant to my search,Neutral,NORMAL,0.96,2026-06-01,v1.0
FB002909,BYR000492,PRD002526,Yes,No,Yes,No,No,No,Price too high 😅,Neutral,NORMAL,0.97,2026-08-02,v1.0
FB002910,BYR000169,PRD001397,Yes,Yes,Yes,No,No,No,"Good match, saved to wishlist",Neutral,NORMAL,0.76,2026-07-04,v1.0
FB002911,BYR000893,PRD002172,Yes,No,No,No,Yes,No,Duplicate of item I already own,Negative,COLD_START,0.64,2026-05-30,v1.0
FB002912,BYR000156,PRD000297,Yes,No,No,No,Yes,No,Not interested,Negative,NORMAL,0.83,2026-07-27,v1.0
FB002913,BYR000169,PRD000157,Yes,No,Yes,No,No,No,Irrelevant to my search,Neutral,NORMAL,0.65,2026-07-19,v1.0
FB002914,BYR000502,PRD001952,Yes,No,No,No,Yes,No,Not interested,Negative,NORMAL,0.76,2026-05-26,v1.0
FB002915,BYR000710,PRD000547,Yes,No,No,No,Yes,No,Duplicate of item I already own,Negative,BOUNDARY,0.5,2026-06-27,v1.0
FB002916,BYR000002,PRD000964,Yes,No,Yes,No,No,No,Not my style,Neutral,NORMAL,0.76,2026-06-12,v1.0
FB002917,BYR000370,PRD001374,Yes,No,No,No,Yes,No,Not interested,Negative,NORMAL,0.56,2026-05-12,v1.0
FB002918,BYR000955,PRD002849,Yes,No,No,No,Yes,No,Already purchased elsewhere,Negative,NORMAL,0.68,2026-07-19,v1.0
FB002919,BYR000464,PRD002230,Yes,No,No,No,Yes,No,Duplicate of item I already own,Negative,NORMAL,0.57,2026-07-31,v1.0
FB002920,BYR000121,PRD000746,Yes,Yes,Yes,Yes,No,No,"Perfect timing, needed this",Positive,NORMAL,0.79,2026-08-06,v1.0
FB002921,BYR000379,PRD002325,Yes,Yes,Yes,No,No,No,"Good match, saved to wishlist",Neutral,NORMAL,0.85,2026-07-26,v1.0
FB002922,BYR000965,PRD000656,Yes,No,No,No,Yes,No,Duplicate of item I already own,Negative,NORMAL,0.81,2026-06-13,v1.0
FB002923,BYR000074,PRD001663,Yes,No,No,No,Yes,No,Not interested,Negative,NORMAL,0.72,2026-07-24,v1.0
FB002924,BYR000111,PRD001267,Yes,No,No,No,Yes,No,Duplicate of item I already own,Negative,NORMAL,0.73,2026-06-19,v1.0
FB002925,BYR000153,PRD000217,Yes,No,Yes,No,No,No,Not my style,Neutral,NORMAL,0.92,2026-06-27,v1.0
FB002926,BYR000322,PRD000467,Yes,No,Yes,No,No,No,Irrelevant to my search,Neutral,NORMAL,0.94,2026-08-04,v1.0
FB002927,BYR000514,PRD002190,Yes,No,No,No,Yes,No,Not interested,Negative,NORMAL,0.72,2026-06-08,v1.0
FB002928,BYR000548,PRD001716,Yes,No,Yes,No,No,No,Price too high 😅,Neutral,NEGATIVE,0.73,2026-06-02,v1.0
FB002929,BYR000956,PRD000906,Yes,No,No,No,Yes,No,Not interested,Negative,BOUNDARY,0.95,2026-05-10,v1.0
FB002930,BYR000647,PRD001115,Yes,No,Yes,No,No,No,Not my style,Neutral,NORMAL,0.94,2026-06-05,v1.0
FB002931,BYR000195,PRD001160,Yes,No,Yes,No,No,No,Price too high 😅,Neutral,NORMAL,0.77,2026-06-17,v1.0
FB002932,BYR000776,PRD001974,Yes,No,No,No,Yes,No,Not interested,Negative,NORMAL,0.72,2026-05-22,v1.0
FB002933,BYR000916,PRD000323,Yes,No,No,No,Yes,No,Already purchased elsewhere,Negative,COLD_START,0.54,2026-05-15,v1.0
FB002934,BYR000311,PRD000474,Yes,No,Yes,No,No,No,Not my style,Neutral,NORMAL,0.72,2026-06-20,v1.0
FB002935,BYR000841,PRD001193,Yes,Yes,Yes,Yes,No,No,Great match! ⭐⭐⭐⭐⭐,Positive,COLD_START,0.98,2026-06-17,v1.0
FB002936,BYR000602,PRD000733,Yes,No,No,No,Yes,No,Already purchased elsewhere,Negative,NORMAL,0.77,2026-05-10,v1.0
FB002937,BYR000723,PRD001194,Yes,Yes,Yes,No,No,No,"Good match, saved to wishlist",Neutral,RARE,0.62,2026-07-13,v1.0
FB002938,BYR000708,PRD002843,Yes,No,No,No,Yes,No,Already purchased elsewhere,Negative,NORMAL,0.52,2026-07-08,v1.0
FB002939,BYR000300,PRD002591,Yes,No,Yes,No,No,No,Not my style,Neutral,EDGE,0.76,2026-07-28,v1.0
FB002940,BYR000522,PRD000554,Yes,No,No,No,Yes,Yes,Duplicate of item I already own,Negative,NORMAL,0.84,2026-05-21,v1.0
FB002941,BYR000912,PRD002243,Yes,Yes,Yes,No,No,No,Relevant recommendation,Neutral,NORMAL,0.55,2026-06-09,v1.0
FB002942,BYR000269,PRD000832,Yes,No,No,No,Yes,No,Duplicate of item I already own,Negative,NORMAL,0.73,2026-06-28,v1.0
FB002943,BYR000301,PRD000955,Yes,No,No,No,Yes,No,Already purchased elsewhere,Negative,NORMAL,0.92,2026-06-09,v1.0
FB002944,BYR000166,PRD000680,Yes,Yes,Yes,No,No,No,"Good match, saved to wishlist",Neutral,NORMAL,0.62,2026-05-30,v1.0
FB002945,BYR000480,PRD000889,Yes,No,Yes,No,No,No,Irrelevant to my search,Neutral,NORMAL,0.51,2026-08-01,v1.0
FB002946,BYR000362,PRD000536,Yes,No,Yes,No,No,No,Price too high 😅,Neutral,NORMAL,0.97,2026-07-19,v1.0
FB002947,BYR000431,PRD001447,Yes,No,No,No,Yes,No,Duplicate of item I already own,Negative,NORMAL,0.54,2026-05-31,v1.0
FB002948,BYR000670,PRD001043,Yes,No,Yes,No,No,No,Price too high 😅,Neutral,NORMAL,0.53,2026-07-12,v1.0
FB002949,BYR000375,PRD001929,Yes,No,No,No,Yes,No,Already purchased elsewhere,Negative,NORMAL,0.6,2026-06-25,v1.0
FB002950,BYR000725,PRD001763,Yes,No,No,No,Yes,No,Duplicate of item I already own,Negative,COLD_START,0.98,2026-06-19,v1.0
FB002951,BYR000928,PRD002543,Yes,Yes,Yes,No,No,No,"Good match, saved to wishlist",Neutral,NORMAL,0.98,2026-07-01,v1.0
FB002952,BYR000337,PRD000531,Yes,No,No,No,Yes,No,Already purchased elsewhere,Negative,RARE,0.88,2026-07-10,v1.0
FB002953,BYR000672,PRD001437,Yes,No,No,No,Yes,No,Not interested,Negative,NORMAL,0.62,2026-06-04,v1.0
FB002954,BYR000182,PRD000645,Yes,No,No,No,Yes,No,Not interested,Negative,NORMAL,0.83,2026-07-31,v1.0
FB002955,BYR000557,PRD002736,Yes,Yes,Yes,No,No,No,Too expensive for my budget,Neutral,NORMAL,0.94,2026-05-10,v1.0
FB002956,BYR000842,PRD002297,Yes,No,No,No,Yes,No,Not interested,Negative,NORMAL,0.63,2026-07-13,v1.0
FB002957,BYR000815,PRD002039,Yes,No,No,No,Yes,No,Already purchased elsewhere,Negative,NORMAL,0.72,2026-06-24,v1.0
FB002958,BYR000082,PRD001590,Yes,Yes,Yes,No,No,No,Relevant recommendation,Neutral,NORMAL,0.76,2026-06-11,v1.0
FB002959,BYR000218,PRD000266,Yes,No,No,No,Yes,No,Duplicate of item I already own,Negative,NORMAL,0.73,2026-07-10,v1.0
FB002960,BYR000315,PRD002354,Yes,No,No,No,Yes,No,Duplicate of item I already own,Negative,BOUNDARY,0.56,2026-06-13,v1.0
FB002961,BYR000022,PRD000153,Yes,Yes,Yes,Yes,No,No,"Perfect timing, needed this",Positive,NORMAL,0.92,2026-07-11,v1.0
FB002962,BYR000504,PRD000914,Yes,No,No,No,Yes,No,Not interested,Negative,NORMAL,0.64,2026-05-24,v1.0
FB002963,BYR000533,PRD002928,Yes,No,Yes,No,No,No,Irrelevant to my search,Neutral,NORMAL,0.78,2026-06-23,v1.0
FB002964,BYR000839,PRD002605,Yes,No,No,No,Yes,No,Not interested,Negative,EDGE,0.69,2026-05-26,v1.0
FB002965,BYR000725,PRD001793,Yes,Yes,Yes,No,No,No,"Good match, saved to wishlist",Neutral,NEGATIVE,0.58,2026-06-23,v1.0
FB002966,BYR000947,PRD000926,Yes,No,No,No,Yes,No,Already purchased elsewhere,Negative,NEGATIVE,0.73,2026-06-28,v1.0
FB002967,BYR000718,PRD002474,Yes,No,No,No,Yes,No,Not interested,Negative,EDGE,0.53,2026-07-29,v1.0
FB002968,BYR000030,PRD002499,Yes,No,No,No,Yes,No,Not interested,Negative,NORMAL,0.99,2026-07-26,v1.0
FB002969,BYR000211,PRD002051,Yes,Yes,Yes,No,No,No,Relevant recommendation,Neutral,EDGE,0.6,2026-05-13,v1.0
FB002970,BYR000604,PRD002925,Yes,No,No,No,Yes,No,Not interested,Negative,RARE,0.84,2026-07-22,v1.0
FB002971,BYR000121,PRD001865,Yes,No,Yes,No,No,No,Price too high 😅,Neutral,NORMAL,0.52,2026-08-04,v1.0
FB002972,BYR000302,PRD002945,Yes,No,Yes,No,No,No,Not my style,Neutral,NORMAL,0.87,2026-05-24,v1.0
FB002973,BYR000928,PRD001842,Yes,No,No,No,Yes,No,Duplicate of item I already own,Negative,NORMAL,0.5,2026-05-15,v1.0
FB002974,BYR000386,PRD002821,Yes,No,No,No,Yes,No,Duplicate of item I already own,Negative,NORMAL,0.73,2026-07-29,v1.0
FB002975,BYR000181,PRD000105,Yes,No,No,No,Yes,No,Duplicate of item I already own,Negative,NORMAL,0.68,2026-07-24,v1.0
FB002976,BYR000007,PRD001384,Yes,No,No,No,Yes,No,Duplicate of item I already own,Negative,NORMAL,0.75,2026-05-22,v1.0
FB002977,BYR000623,PRD002899,Yes,No,No,No,Yes,No,Duplicate of item I already own,Negative,NORMAL,0.92,2026-06-05,v1.0
FB002978,BYR000184,PRD002181,Yes,No,Yes,No,No,No,Price too high 😅,Neutral,NORMAL,0.52,2026-06-19,v1.0
FB002979,BYR000700,PRD001977,Yes,No,Yes,No,No,No,Irrelevant to my search,Neutral,NORMAL,0.69,2026-08-06,v1.0
FB002980,BYR000710,PRD002342,Yes,No,No,No,Yes,No,Not interested,Negative,NORMAL,0.6,2026-07-14,v1.0
FB002981,BYR000497,PRD001694,Yes,Yes,Yes,No,No,No,Relevant recommendation,Neutral,NEGATIVE,0.55,2026-06-28,v1.0
FB002982,BYR000324,PRD001162,Yes,Yes,Yes,Yes,No,No,Clicked and purchased,Positive,BOUNDARY,0.86,2026-06-07,v1.0
FB002983,BYR000203,PRD000086,Yes,No,Yes,No,No,No,Irrelevant to my search,Neutral,NORMAL,0.53,2026-05-09,v1.0
FB002984,BYR000780,PRD001964,Yes,No,No,No,Yes,No,Already purchased elsewhere,Negative,NORMAL,0.73,2026-06-18,v1.0
FB002985,BYR000478,PRD000354,Yes,No,Yes,No,No,No,Price too high 😅,Neutral,EDGE,0.52,2026-07-01,v1.0
FB002986,BYR000966,PRD002380,Yes,Yes,Yes,No,No,No,"Good match, saved to wishlist",Neutral,NORMAL,0.55,2026-08-04,v1.0
FB002987,BYR000152,PRD001045,Yes,No,No,No,Yes,Yes,Duplicate of item I already own,Negative,NORMAL,0.62,2026-05-22,v1.0
FB002988,BYR000892,PRD001017,Yes,No,No,No,Yes,No,Duplicate of item I already own,Negative,NEGATIVE,0.51,2026-05-16,v1.0
FB002989,BYR000012,PRD001284,Yes,Yes,Yes,Yes,No,No,Great match! ⭐⭐⭐⭐⭐,Positive,NORMAL,0.8,2026-07-02,v1.0
FB002990,BYR000014,PRD001422,Yes,No,Yes,No,No,No,Irrelevant to my search,Neutral,NORMAL,0.78,2026-07-17,v1.0
FB002991,BYR000092,PRD000014,Yes,No,No,No,Yes,No,Not interested,Negative,NEGATIVE,0.72,2026-08-06,v1.0
FB002992,BYR000171,PRD000412,Yes,Yes,Yes,No,No,No,Too expensive for my budget,Neutral,NORMAL,0.95,2026-06-12,v1.0
FB002993,BYR000724,PRD001393,Yes,Yes,Yes,Yes,No,No,"Perfect timing, needed this",Positive,NORMAL,0.85,2026-07-29,v1.0
FB002994,BYR000046,PRD002648,Yes,Yes,Yes,No,No,No,"Good match, saved to wishlist",Neutral,BOUNDARY,0.97,2026-06-10,v1.0
FB002995,BYR000861,PRD002007,Yes,No,No,No,Yes,Yes,Duplicate of item I already own,Negative,EDGE,0.93,2026-06-07,v1.0
FB002996,BYR000389,PRD001030,Yes,Yes,Yes,No,No,No,"Good match, saved to wishlist",Neutral,NORMAL,0.97,2026-08-04,v1.0
FB002997,BYR000001,PRD002557,Yes,No,No,No,Yes,Yes,Already purchased elsewhere,Negative,NORMAL,0.56,2026-06-10,v1.0
FB002998,BYR000288,PRD001454,Yes,No,No,No,Yes,No,Not interested,Negative,NORMAL,0.92,2026-06-28,v1.0
FB002999,BYR000210,PRD001002,Yes,Yes,Yes,Yes,No,No,Clicked and purchased,Positive,NORMAL,0.72,2026-07-04,v1.0
FB003000,BYR000063,PRD000512,Yes,No,No,No,Yes,No,Already purchased elsewhere,Negative,NORMAL,0.92,2026-07-10,v1.0
FB003001,BYR000242,PRD002134,Yes,No,Yes,No,No,No,Not my style,Neutral,NEGATIVE,0.99,2026-06-20,v1.0
FB003002,BYR000157,PRD000500,Yes,Yes,Yes,No,No,No,Too expensive for my budget,Neutral,NORMAL,0.75,2026-07-06,v1.0
FB003003,BYR000196,PRD002464,Yes,No,No,No,Yes,No,Duplicate of item I already own,Negative,NORMAL,0.91,2026-07-21,v1.0
FB003004,BYR000773,PRD000334,Yes,No,Yes,No,No,No,Price too high 😅,Neutral,EDGE,0.92,2026-05-30,v1.0
FB003005,BYR000261,PRD000570,Yes,Yes,Yes,Yes,No,No,Clicked and purchased,Positive,NORMAL,0.67,2026-06-22,v1.0
FB003006,BYR000371,PRD002979,Yes,No,No,No,Yes,No,Duplicate of item I already own,Negative,NORMAL,0.97,2026-06-07,v1.0
FB003007,BYR000807,PRD000914,Yes,Yes,Yes,No,No,No,Too expensive for my budget,Neutral,NORMAL,0.6,2026-07-03,v1.0
FB003008,BYR000909,PRD001956,Yes,Yes,Yes,No,No,No,"Good match, saved to wishlist",Neutral,NORMAL,0.85,2026-06-12,v1.0
FB003009,BYR000832,PRD000514,Yes,No,No,No,Yes,No,Duplicate of item I already own,Negative,NORMAL,0.87,2026-07-26,v1.0
FB003010,BYR000809,PRD001679,Yes,No,No,No,Yes,No,Not interested,Negative,NORMAL,0.55,2026-07-01,v1.0
FB003011,BYR000910,PRD000329,Yes,No,Yes,No,No,No,Not my style,Neutral,NORMAL,0.51,2026-06-01,v1.0
FB003012,BYR000687,PRD000495,Yes,Yes,Yes,No,No,No,"Good match, saved to wishlist",Neutral,NORMAL,0.85,2026-06-04,v1.0
FB003013,BYR000793,PRD001506,Yes,No,No,No,Yes,No,Duplicate of item I already own,Negative,NORMAL,0.9,2026-06-12,v1.0
FB003014,BYR000910,PRD001309,Yes,Yes,Yes,Yes,No,No,Clicked and purchased,Positive,NORMAL,0.51,2026-07-31,v1.0
FB003015,BYR000764,PRD000948,Yes,No,Yes,No,No,No,Price too high 😅,Neutral,BOUNDARY,0.71,2026-07-16,v1.0
FB003016,BYR000020,PRD002760,Yes,Yes,Yes,No,No,No,"Good match, saved to wishlist",Neutral,NORMAL,0.71,2026-07-11,v1.0
FB003017,BYR000968,PRD001186,Yes,No,No,No,Yes,No,Not interested,Negative,NORMAL,0.95,2026-07-30,v1.0
FB003018,BYR000327,PRD001374,Yes,Yes,Yes,Yes,No,No,Great match! ⭐⭐⭐⭐⭐,Positive,EDGE,0.87,2026-05-08,v1.0
FB003019,BYR000612,PRD002324,Yes,No,No,No,Yes,No,Already purchased elsewhere,Negative,NORMAL,0.78,2026-05-18,v1.0
FB003020,BYR000630,PRD000347,Yes,No,No,No,Yes,No,Already purchased elsewhere,Negative,BOUNDARY,0.54,2026-06-27,v1.0
FB003021,BYR000776,PRD000909,Yes,No,Yes,No,No,No,Irrelevant to my search,Neutral,NORMAL,0.65,2026-06-16,v1.0
FB003022,BYR000957,PRD000947,Yes,No,No,No,Yes,No,Duplicate of item I already own,Negative,NORMAL,0.71,2026-07-20,v1.0
FB003023,BYR000964,PRD001089,Yes,No,No,No,Yes,No,Already purchased elsewhere,Negative,NORMAL,0.85,2026-06-11,v1.0
FB003024,BYR000270,PRD002855,Yes,Yes,Yes,No,No,No,Relevant recommendation,Neutral,NORMAL,0.72,2026-05-21,v1.0
FB003025,BYR000760,PRD002524,Yes,Yes,Yes,No,No,No,Too expensive for my budget,Neutral,NORMAL,0.61,2026-06-20,v1.0
FB003026,BYR000904,PRD001979,Yes,No,Yes,No,No,No,Price too high 😅,Neutral,RARE,0.98,2026-05-11,v1.0
FB003027,BYR000617,PRD002298,Yes,No,Yes,No,No,No,Not my style,Neutral,NORMAL,0.57,2026-07-20,v1.0
FB003028,BYR000631,PRD001719,Yes,No,No,No,Yes,No,Not interested,Negative,NORMAL,0.54,2026-07-31,v1.0
FB003029,BYR000185,PRD001374,Yes,No,No,No,Yes,Yes,Already purchased elsewhere,Negative,EDGE,0.87,2026-05-24,v1.0
FB003030,BYR000626,PRD001068,Yes,Yes,Yes,No,No,No,Relevant recommendation,Neutral,NORMAL,0.62,2026-05-13,v1.0
FB003031,BYR000500,PRD002532,Yes,No,Yes,No,No,No,Irrelevant to my search,Neutral,NORMAL,0.59,2026-06-28,v1.0
FB003032,BYR000708,PRD001525,Yes,Yes,Yes,Yes,No,No,"Perfect timing, needed this",Positive,NORMAL,0.92,2026-06-29,v1.0
FB003033,BYR000728,PRD000123,Yes,No,No,No,Yes,No,Duplicate of item I already own,Negative,NORMAL,0.59,2026-07-01,v1.0
FB003034,BYR000648,PRD001262,Yes,No,No,No,Yes,No,Not interested,Negative,NORMAL,0.59,2026-06-27,v1.0
FB003035,BYR000016,PRD001957,Yes,No,Yes,No,No,No,Not my style,Neutral,BOUNDARY,0.92,2026-05-17,v1.0
FB003036,BYR000780,PRD002229,Yes,No,No,No,Yes,No,Not interested,Negative,NORMAL,0.75,2026-05-27,v1.0
FB003037,BYR000090,PRD000989,Yes,Yes,Yes,Yes,No,No,Clicked and purchased,Positive,NORMAL,0.71,2026-06-17,v1.0
FB003038,BYR000805,PRD002752,Yes,No,No,No,Yes,No,Duplicate of item I already own,Negative,NORMAL,0.84,2026-06-04,v1.0
FB003039,BYR000641,PRD001078,Yes,No,Yes,No,No,No,Price too high 😅,Neutral,NEGATIVE,0.89,2026-06-29,v1.0
FB003040,BYR000090,PRD002692,Yes,No,Yes,No,No,No,Not my style,Neutral,NORMAL,0.8,2026-06-22,v1.0
FB003041,BYR000757,PRD001875,Yes,No,No,No,Yes,No,Already purchased elsewhere,Negative,NORMAL,0.78,2026-05-29,v1.0
FB003042,BYR000488,PRD001531,Yes,No,No,No,Yes,No,Not interested,Negative,NORMAL,1.0,2026-07-29,v1.0
FB003043,BYR000427,PRD001153,Yes,No,No,No,Yes,No,Duplicate of item I already own,Negative,NEGATIVE,0.8,2026-07-29,v1.0
FB003044,BYR000865,PRD002321,Yes,No,No,No,Yes,No,Already purchased elsewhere,Negative,NORMAL,0.87,2026-07-21,v1.0
FB003045,BYR000510,PRD002607,Yes,No,Yes,No,No,No,Price too high 😅,Neutral,EDGE,0.89,2026-05-19,v1.0
FB003046,BYR000320,PRD002566,Yes,No,No,No,Yes,Yes,Already purchased elsewhere,Negative,NORMAL,0.71,2026-06-12,v1.0
FB003047,BYR000343,PRD002344,Yes,Yes,Yes,No,No,No,Too expensive for my budget,Neutral,NEGATIVE,0.54,2026-07-24,v1.0
FB003048,BYR000282,PRD000660,Yes,Yes,Yes,No,No,No,Relevant recommendation,Neutral,NORMAL,0.74,2026-06-04,v1.0
FB003049,BYR000604,PRD001718,Yes,No,No,No,Yes,No,Not interested,Negative,NORMAL,0.66,2026-06-29,v1.0
FB003050,BYR000770,PRD002194,Yes,No,No,No,Yes,No,Already purchased elsewhere,Negative,EDGE,0.74,2026-05-12,v1.0
FB003051,BYR000988,PRD001431,Yes,No,No,No,Yes,No,Not interested,Negative,NORMAL,0.99,2026-06-26,v1.0
FB003052,BYR000393,PRD001434,Yes,No,Yes,No,No,No,Price too high 😅,Neutral,NORMAL,0.9,2026-07-06,v1.0
FB003053,BYR000558,PRD002588,Yes,Yes,Yes,No,No,No,Too expensive for my budget,Neutral,NEGATIVE,0.83,2026-06-08,v1.0
FB003054,BYR000983,PRD002601,Yes,No,Yes,No,No,No,Not my style,Neutral,NORMAL,0.69,2026-06-24,v1.0
FB003055,BYR000278,PRD001465,Yes,No,No,No,Yes,No,Already purchased elsewhere,Negative,EDGE,0.59,2026-06-30,v1.0
FB003056,BYR000780,PRD001964,Yes,No,No,No,Yes,No,Not interested,Negative,NORMAL,0.88,2026-07-05,v1.0
FB003057,BYR000756,PRD002956,Yes,Yes,Yes,No,No,No,Too expensive for my budget,Neutral,EDGE,0.63,2026-06-16,v1.0
FB003058,BYR000912,PRD001769,Yes,No,Yes,No,No,No,Irrelevant to my search,Neutral,NEGATIVE,0.8,2026-07-17,v1.0
FB003059,BYR000214,PRD001194,Yes,No,Yes,No,No,No,Price too high 😅,Neutral,EDGE,0.97,2026-05-31,v1.0
FB003060,BYR000235,PRD002903,Yes,No,No,No,Yes,No,Not interested,Negative,BOUNDARY,0.78,2026-05-20,v1.0
FB003061,BYR000484,PRD001090,Yes,No,No,No,Yes,No,Duplicate of item I already own,Negative,EDGE,0.54,2026-05-16,v1.0
FB003062,BYR000701,PRD002188,Yes,No,No,No,Yes,No,Not interested,Negative,NORMAL,0.75,2026-06-24,v1.0
FB003063,BYR000204,PRD001274,Yes,No,No,No,Yes,No,Duplicate of item I already own,Negative,NORMAL,0.99,2026-06-18,v1.0
FB003064,BYR000039,PRD001565,Yes,Yes,Yes,No,No,No,"Good match, saved to wishlist",Neutral,NORMAL,0.51,2026-05-27,v1.0
FB003065,BYR000691,PRD001871,Yes,No,No,No,Yes,No,Not interested,Negative,NORMAL,0.96,2026-07-13,v1.0
FB003066,BYR000558,PRD000630,Yes,No,Yes,No,No,No,Price too high 😅,Neutral,EDGE,0.84,2026-06-05,v1.0
FB003067,BYR000192,PRD001839,Yes,No,Yes,No,No,No,Irrelevant to my search,Neutral,NORMAL,0.84,2026-06-18,v1.0
FB003068,BYR000465,PRD000240,Yes,No,Yes,No,No,No,Price too high 😅,Neutral,NORMAL,0.64,2026-05-08,v1.0
FB003069,BYR000765,PRD001669,Yes,No,Yes,No,No,No,Price too high 😅,Neutral,NORMAL,0.95,2026-07-30,v1.0
FB003070,BYR000001,PRD000831,Yes,No,No,No,Yes,No,Already purchased elsewhere,Negative,NORMAL,0.54,2026-06-04,v1.0
FB003071,BYR001000,PRD002135,Yes,No,No,No,Yes,No,Already purchased elsewhere,Negative,NORMAL,0.72,2026-07-11,v1.0
FB003072,BYR000834,PRD002388,Yes,No,No,No,Yes,No,Not interested,Negative,BOUNDARY,0.99,2026-06-02,v1.0
FB003073,BYR000848,PRD000550,Yes,No,Yes,No,No,No,Irrelevant to my search,Neutral,NORMAL,1.0,2026-06-25,v1.0
FB003074,BYR000590,PRD001795,Yes,No,Yes,No,No,No,Price too high 😅,Neutral,NORMAL,0.83,2026-06-03,v1.0
FB003075,BYR000789,PRD002828,Yes,Yes,Yes,Yes,No,No,"Perfect timing, needed this",Positive,BOUNDARY,0.94,2026-06-10,v1.0
FB003076,BYR000130,PRD002225,Yes,No,No,No,Yes,No,Not interested,Negative,EDGE,0.72,2026-05-27,v1.0
FB003077,BYR000876,PRD000918,Yes,No,No,No,Yes,No,Duplicate of item I already own,Negative,NORMAL,0.52,2026-06-15,v1.0
FB003078,BYR000925,PRD002067,Yes,No,Yes,No,No,No,Irrelevant to my search,Neutral,EDGE,0.57,2026-06-22,v1.0
FB003079,BYR000505,PRD002986,Yes,Yes,Yes,No,No,No,"Good match, saved to wishlist",Neutral,NORMAL,0.54,2026-06-25,v1.0
FB003080,BYR000335,PRD002754,Yes,No,No,No,Yes,No,Already purchased elsewhere,Negative,NORMAL,0.7,2026-07-12,v1.0
FB003081,BYR000087,PRD001118,Yes,Yes,Yes,Yes,No,No,"Perfect timing, needed this",Positive,NORMAL,0.91,2026-05-15,v1.0
FB003082,BYR000760,PRD002090,Yes,No,Yes,No,No,No,Price too high 😅,Neutral,COLD_START,0.86,2026-05-12,v1.0
FB003083,BYR000087,PRD000327,Yes,No,No,No,Yes,No,Not interested,Negative,NORMAL,0.71,2026-07-05,v1.0
FB003084,BYR000247,PRD002461,Yes,No,Yes,No,No,No,Irrelevant to my search,Neutral,BOUNDARY,0.6,2026-07-05,v1.0
FB003085,BYR000333,PRD002518,Yes,No,Yes,No,No,No,Price too high 😅,Neutral,RARE,0.72,2026-05-12,v1.0
FB003086,BYR000436,PRD001759,Yes,No,No,No,Yes,No,Already purchased elsewhere,Negative,EDGE,0.87,2026-05-14,v1.0
FB003087,BYR000387,PRD000463,Yes,No,No,No,Yes,No,Duplicate of item I already own,Negative,NORMAL,0.63,2026-07-06,v1.0
FB003088,BYR000429,PRD001970,Yes,Yes,Yes,Yes,No,No,Great match! ⭐⭐⭐⭐⭐,Positive,NORMAL,0.95,2026-06-09,v1.0
FB003089,BYR000954,PRD002687,Yes,Yes,Yes,No,No,No,Relevant recommendation,Neutral,NEGATIVE,0.69,2026-05-15,v1.0
FB003090,BYR000749,PRD001555,Yes,Yes,Yes,No,No,No,"Good match, saved to wishlist",Neutral,BOUNDARY,0.54,2026-07-31,v1.0
FB003091,BYR000815,PRD002039,Yes,No,No,No,Yes,No,Not interested,Negative,NORMAL,0.98,2026-06-08,v1.0
FB003092,BYR000035,PRD002733,Yes,No,Yes,No,No,No,Not my style,Neutral,NORMAL,0.91,2026-07-02,v1.0
FB003093,BYR000238,PRD000410,Yes,No,No,No,Yes,No,Already purchased elsewhere,Negative,COLD_START,0.8,2026-08-05,v1.0
FB003094,BYR000098,PRD001558,Yes,Yes,Yes,No,No,No,"Good match, saved to wishlist",Neutral,NORMAL,0.88,2026-06-11,v1.0
FB003095,BYR000219,PRD000785,Yes,No,No,No,Yes,No,Duplicate of item I already own,Negative,NORMAL,0.56,2026-08-02,v1.0
FB003096,BYR000469,PRD001013,Yes,No,Yes,No,No,No,Irrelevant to my search,Neutral,NORMAL,0.63,2026-05-20,v1.0
FB003097,BYR000760,PRD000875,Yes,No,Yes,No,No,No,Price too high 😅,Neutral,NORMAL,0.71,2026-07-27,v1.0
FB003098,BYR000332,PRD001900,Yes,No,No,No,Yes,No,Not interested,Negative,NORMAL,0.75,2026-06-05,v1.0
FB003099,BYR000812,PRD002910,Yes,No,Yes,No,No,No,Price too high 😅,Neutral,NEGATIVE,0.73,2026-05-19,v1.0
FB003100,BYR000339,PRD000689,Yes,Yes,Yes,No,No,No,Relevant recommendation,Neutral,NORMAL,0.64,2026-06-25,v1.0
FB003101,BYR000348,PRD001495,Yes,No,No,No,Yes,No,Duplicate of item I already own,Negative,COLD_START,0.99,2026-07-15,v1.0
FB003102,BYR000261,PRD000570,Yes,No,Yes,No,No,No,Not my style,Neutral,NORMAL,0.61,2026-06-11,v1.0
FB003103,BYR000518,PRD001138,Yes,No,Yes,No,No,No,Price too high 😅,Neutral,COLD_START,0.68,2026-05-24,v1.0
FB003104,BYR000949,PRD000226,Yes,No,No,No,Yes,No,Not interested,Negative,NORMAL,0.74,2026-06-03,v1.0
FB003105,BYR000088,PRD000581,Yes,Yes,Yes,No,No,No,Relevant recommendation,Neutral,EDGE,0.71,2026-06-11,v1.0
FB003106,BYR000865,PRD002321,Yes,No,No,No,Yes,No,Already purchased elsewhere,Negative,NORMAL,0.94,2026-06-30,v1.0
FB003107,BYR000409,PRD001727,Yes,No,Yes,No,No,No,Irrelevant to my search,Neutral,NORMAL,0.61,2026-05-19,v1.0
FB003108,BYR000554,PRD002426,Yes,No,Yes,No,No,No,Not my style,Neutral,NORMAL,0.92,2026-06-27,v1.0
FB003109,BYR000179,PRD001275,Yes,No,No,No,Yes,No,Already purchased elsewhere,Negative,NORMAL,0.51,2026-07-20,v1.0
FB003110,BYR000997,PRD002583,Yes,No,No,No,Yes,No,Duplicate of item I already own,Negative,NORMAL,0.66,2026-07-17,v1.0
FB003111,BYR000982,PRD001719,Yes,No,Yes,No,No,No,Not my style,Neutral,NORMAL,0.72,2026-06-19,v1.0
FB003112,BYR000437,PRD000477,Yes,No,No,No,Yes,No,Already purchased elsewhere,Negative,NORMAL,0.89,2026-06-01,v1.0
FB003113,BYR000389,PRD001040,Yes,No,No,No,Yes,No,Already purchased elsewhere,Negative,NORMAL,0.65,2026-07-18,v1.0
FB003114,BYR000163,PRD002173,Yes,No,No,No,Yes,No,Duplicate of item I already own,Negative,NEGATIVE,0.78,2026-06-16,v1.0
FB003115,BYR000770,PRD000464,Yes,Yes,Yes,Yes,No,No,Clicked and purchased,Positive,NORMAL,0.8,2026-07-29,v1.0
FB003116,BYR000691,PRD002328,Yes,No,Yes,No,No,No,Price too high 😅,Neutral,RARE,0.7,2026-07-30,v1.0
FB003117,BYR000738,PRD001827,Yes,No,No,No,Yes,No,Already purchased elsewhere,Negative,NORMAL,0.53,2026-05-28,v1.0
FB003118,BYR000992,PRD001877,Yes,No,No,No,Yes,No,Duplicate of item I already own,Negative,NORMAL,0.5,2026-06-19,v1.0
FB003119,BYR000923,PRD001520,Yes,No,No,No,Yes,No,Duplicate of item I already own,Negative,BOUNDARY,0.94,2026-07-11,v1.0
FB003120,BYR000050,PRD002358,Yes,Yes,Yes,Yes,No,No,Clicked and purchased,Positive,NORMAL,0.81,2026-06-14,v1.0
FB003121,BYR000554,PRD001156,Yes,No,No,No,Yes,No,Duplicate of item I already own,Negative,NEGATIVE,0.58,2026-07-08,v1.0
FB003122,BYR000426,PRD000767,Yes,No,Yes,No,No,No,Price too high 😅,Neutral,NORMAL,0.92,2026-06-12,v1.0
FB003123,BYR000333,PRD000447,Yes,No,Yes,No,No,No,Not my style,Neutral,EDGE,0.51,2026-07-11,v1.0
FB003124,BYR000287,PRD002453,Yes,Yes,Yes,No,No,No,"Good match, saved to wishlist",Neutral,NORMAL,0.69,2026-06-18,v1.0
FB003125,BYR000784,PRD000489,Yes,No,No,No,Yes,No,Duplicate of item I already own,Negative,NORMAL,0.8,2026-05-25,v1.0
FB003126,BYR000097,PRD000035,Yes,No,Yes,No,No,No,Not my style,Neutral,NEGATIVE,0.81,2026-06-07,v1.0
FB003127,BYR000078,PRD000644,Yes,No,No,No,Yes,No,Already purchased elsewhere,Negative,NORMAL,0.77,2026-06-28,v1.0
FB003128,BYR000707,PRD001216,Yes,No,No,No,Yes,No,Already purchased elsewhere,Negative,NORMAL,0.71,2026-06-22,v1.0
FB003129,BYR000648,PRD000111,Yes,No,Yes,No,No,No,Not my style,Neutral,NORMAL,0.93,2026-06-15,v1.0
FB003130,BYR000894,PRD000799,Yes,No,No,No,Yes,Yes,Duplicate of item I already own,Negative,NORMAL,0.72,2026-08-01,v1.0
FB003131,BYR000149,PRD002581,Yes,No,Yes,No,No,No,Irrelevant to my search,Neutral,NORMAL,0.89,2026-07-27,v1.0
FB003132,BYR000092,PRD000820,Yes,Yes,Yes,Yes,No,No,Clicked and purchased,Positive,NORMAL,0.89,2026-07-22,v1.0
FB003133,BYR000027,PRD001866,Yes,No,Yes,No,No,No,Not my style,Neutral,NORMAL,0.82,2026-06-21,v1.0
FB003134,BYR000026,PRD001657,Yes,Yes,Yes,No,No,No,Relevant recommendation,Neutral,NORMAL,0.9,2026-07-29,v1.0
FB003135,BYR000736,PRD001046,Yes,No,No,No,Yes,No,Already purchased elsewhere,Negative,EDGE,0.51,2026-05-10,v1.0
FB003136,BYR000055,PRD001514,Yes,No,Yes,No,No,No,Irrelevant to my search,Neutral,BOUNDARY,0.92,2026-06-29,v1.0
FB003137,BYR000241,PRD000063,Yes,No,No,No,Yes,No,Duplicate of item I already own,Negative,NORMAL,0.62,2026-07-02,v1.0
FB003138,BYR000634,PRD000928,Yes,No,No,No,Yes,No,Already purchased elsewhere,Negative,NORMAL,0.97,2026-05-30,v1.0
FB003139,BYR000177,PRD000596,Yes,No,No,No,Yes,No,Already purchased elsewhere,Negative,EDGE,0.52,2026-05-22,v1.0
FB003140,BYR000353,PRD002399,Yes,Yes,Yes,No,No,No,Relevant recommendation,Neutral,NORMAL,0.59,2026-05-24,v1.0
FB003141,BYR000323,PRD000211,Yes,No,No,No,Yes,No,Duplicate of item I already own,Negative,NORMAL,0.86,2026-08-02,v1.0
FB003142,BYR000816,PRD001528,Yes,No,No,No,Yes,No,Already purchased elsewhere,Negative,NORMAL,0.93,2026-06-20,v1.0
FB003143,BYR000131,PRD001785,Yes,No,No,No,Yes,No,Duplicate of item I already own,Negative,BOUNDARY,0.74,2026-08-01,v1.0
FB003144,BYR000410,PRD000560,Yes,No,Yes,No,No,No,Not my style,Neutral,NORMAL,0.85,2026-05-27,v1.0
FB003145,BYR000928,PRD001842,Yes,No,No,No,Yes,No,Duplicate of item I already own,Negative,NORMAL,0.73,2026-06-07,v1.0
FB003146,BYR000336,PRD001409,Yes,No,No,No,Yes,No,Already purchased elsewhere,Negative,NORMAL,0.97,2026-07-15,v1.0
FB003147,BYR000050,PRD000517,Yes,Yes,Yes,Yes,No,No,Great match! ⭐⭐⭐⭐⭐,Positive,NORMAL,0.85,2026-07-10,v1.0
FB003148,BYR000542,PRD000866,Yes,Yes,Yes,No,No,No,Relevant recommendation,Neutral,NORMAL,0.99,2026-05-17,v1.0
FB003149,BYR000439,PRD001033,Yes,No,No,No,Yes,No,Already purchased elsewhere,Negative,NORMAL,0.67,2026-06-08,v1.0
FB003150,BYR000001,PRD002095,Yes,No,No,No,Yes,Yes,Duplicate of item I already own,Negative,NORMAL,0.52,2026-05-15,v1.0
FB003151,BYR000155,PRD001287,Yes,No,No,No,Yes,No,Already purchased elsewhere,Negative,NORMAL,0.67,2026-06-15,v1.0
FB003152,BYR000192,PRD002327,Yes,No,Yes,No,No,No,Price too high 😅,Neutral,NORMAL,0.8,2026-05-23,v1.0
FB003153,BYR000954,PRD001257,Yes,Yes,Yes,No,No,No,Too expensive for my budget,Neutral,NORMAL,0.86,2026-07-04,v1.0
FB003154,BYR000031,PRD001283,Yes,No,No,No,Yes,No,Duplicate of item I already own,Negative,NORMAL,0.93,2026-05-29,v1.0
FB003155,BYR000420,PRD000354,Yes,No,No,No,Yes,No,Already purchased elsewhere,Negative,NORMAL,0.5,2026-05-08,v1.0
FB003156,BYR000720,PRD002162,Yes,Yes,Yes,Yes,No,No,Clicked and purchased,Positive,COLD_START,0.95,2026-07-13,v1.0
FB003157,BYR000885,PRD001020,Yes,Yes,Yes,Yes,No,No,Clicked and purchased,Positive,NORMAL,0.53,2026-07-27,v1.0
FB003158,BYR000552,PRD000908,Yes,Yes,Yes,No,No,No,"Good match, saved to wishlist",Neutral,BOUNDARY,0.55,2026-06-17,v1.0
FB003159,BYR000710,PRD000547,Yes,Yes,Yes,Yes,No,No,Great match! ⭐⭐⭐⭐⭐,Positive,BOUNDARY,0.82,2026-05-24,v1.0
FB003160,BYR000386,PRD001449,Yes,No,Yes,No,No,No,Price too high 😅,Neutral,NORMAL,0.96,2026-07-08,v1.0
FB003161,BYR000199,PRD002709,Yes,Yes,Yes,Yes,No,No,Great match! ⭐⭐⭐⭐⭐,Positive,NORMAL,0.95,2026-06-24,v1.0
FB003162,BYR000701,PRD002317,Yes,No,Yes,No,No,No,Irrelevant to my search,Neutral,NORMAL,0.68,2026-07-08,v1.0
FB003163,BYR000482,PRD000727,Yes,No,No,No,Yes,No,Duplicate of item I already own,Negative,NORMAL,0.67,2026-05-22,v1.0
FB003164,BYR000887,PRD001571,Yes,No,No,No,Yes,No,Already purchased elsewhere,Negative,NORMAL,0.86,2026-05-19,v1.0
FB003165,BYR000245,PRD000970,Yes,Yes,Yes,No,No,No,"Good match, saved to wishlist",Neutral,EDGE,0.74,2026-06-02,v1.0
FB003166,BYR000118,PRD000431,Yes,Yes,Yes,No,No,No,Relevant recommendation,Neutral,NORMAL,0.95,2026-05-25,v1.0
FB003167,BYR000473,PRD000104,Yes,No,No,No,Yes,No,Already purchased elsewhere,Negative,NORMAL,0.82,2026-07-26,v1.0
FB003168,BYR000136,PRD000195,Yes,No,Yes,No,No,No,Irrelevant to my search,Neutral,NORMAL,0.64,2026-07-05,v1.0
FB003169,BYR000906,PRD001191,Yes,No,Yes,No,No,No,Not my style,Neutral,NORMAL,0.53,2026-07-06,v1.0
FB003170,BYR000914,PRD002626,Yes,No,No,No,Yes,No,Not interested,Negative,NORMAL,0.72,2026-08-02,v1.0
FB003171,BYR000174,PRD001902,Yes,No,No,No,Yes,Yes,Already purchased elsewhere,Negative,NORMAL,0.55,2026-07-17,v1.0
FB003172,BYR000747,PRD001845,Yes,Yes,Yes,No,No,No,Too expensive for my budget,Neutral,NORMAL,0.92,2026-06-07,v1.0
FB003173,BYR000480,PRD000098,Yes,No,Yes,No,No,No,Irrelevant to my search,Neutral,NORMAL,0.57,2026-06-30,v1.0
FB003174,BYR000920,PRD002575,Yes,No,No,No,Yes,No,Duplicate of item I already own,Negative,NORMAL,0.56,2026-05-13,v1.0
FB003175,BYR000245,PRD001586,Yes,No,Yes,No,No,No,Irrelevant to my search,Neutral,EDGE,0.63,2026-07-22,v1.0
FB003176,BYR000488,PRD002328,Yes,No,Yes,No,No,No,Price too high 😅,Neutral,RARE,0.8,2026-06-16,v1.0
FB003177,BYR000467,PRD001710,Yes,No,No,No,Yes,No,Not interested,Negative,NEGATIVE,0.66,2026-06-12,v1.0
FB003178,BYR000774,PRD002552,Yes,Yes,Yes,No,No,No,"Good match, saved to wishlist",Neutral,NORMAL,0.78,2026-06-22,v1.0
FB003179,BYR000481,PRD000436,Yes,Yes,Yes,No,No,No,"Good match, saved to wishlist",Neutral,EDGE,0.84,2026-07-16,v1.0
FB003180,BYR000292,PRD001097,Yes,No,Yes,No,No,No,Irrelevant to my search,Neutral,BOUNDARY,0.69,2026-07-17,v1.0
FB003181,BYR000237,PRD000715,Yes,No,Yes,No,No,No,Price too high 😅,Neutral,NORMAL,0.67,2026-07-20,v1.0
FB003182,BYR000662,PRD002343,Yes,No,No,No,Yes,No,Already purchased elsewhere,Negative,NORMAL,0.62,2026-06-13,v1.0
FB003183,BYR000193,PRD002884,Yes,No,No,No,Yes,No,Already purchased elsewhere,Negative,NORMAL,0.81,2026-07-21,v1.0
FB003184,BYR000277,PRD002294,Yes,No,Yes,No,No,No,Irrelevant to my search,Neutral,NORMAL,0.7,2026-07-31,v1.0
FB003185,BYR000963,PRD000299,Yes,No,No,No,Yes,No,Duplicate of item I already own,Negative,NORMAL,0.83,2026-08-05,v1.0
FB003186,BYR000140,PRD002897,Yes,Yes,Yes,No,No,No,Relevant recommendation,Neutral,NORMAL,0.67,2026-08-02,v1.0
FB003187,BYR000435,PRD002626,Yes,No,Yes,No,No,No,Price too high 😅,Neutral,BOUNDARY,0.69,2026-05-08,v1.0
FB003188,BYR000072,PRD001914,Yes,No,Yes,No,No,No,Price too high 😅,Neutral,NORMAL,0.62,2026-06-11,v1.0
FB003189,BYR000492,PRD001047,Yes,No,No,No,Yes,No,Not interested,Negative,NORMAL,0.5,2026-05-21,v1.0
FB003190,BYR000797,PRD001643,Yes,Yes,Yes,No,No,No,Too expensive for my budget,Neutral,NORMAL,0.72,2026-08-02,v1.0
FB003191,BYR000178,PRD000052,Yes,No,Yes,No,No,No,Not my style,Neutral,NORMAL,0.76,2026-07-31,v1.0
FB003192,BYR000506,PRD002257,Yes,No,Yes,No,No,No,Price too high 😅,Neutral,BOUNDARY,0.74,2026-07-15,v1.0
FB003193,BYR000429,PRD001196,Yes,Yes,Yes,No,No,No,Too expensive for my budget,Neutral,NORMAL,0.61,2026-06-21,v1.0
FB003194,BYR000043,PRD000620,Yes,No,Yes,No,No,No,Price too high 😅,Neutral,BOUNDARY,0.78,2026-08-06,v1.0
FB003195,BYR000226,PRD002861,Yes,No,No,No,Yes,No,Duplicate of item I already own,Negative,EDGE,0.72,2026-05-18,v1.0
FB003196,BYR000314,PRD002732,Yes,No,No,No,Yes,No,Duplicate of item I already own,Negative,RARE,0.97,2026-05-08,v1.0
FB003197,BYR000327,PRD002548,Yes,No,Yes,No,No,No,Price too high 😅,Neutral,NORMAL,0.71,2026-06-27,v1.0
FB003198,BYR000685,PRD001903,Yes,No,No,No,Yes,Yes,Already purchased elsewhere,Negative,NORMAL,0.52,2026-05-18,v1.0
FB003199,BYR000622,PRD002281,Yes,Yes,Yes,Yes,No,No,Great match! ⭐⭐⭐⭐⭐,Positive,NORMAL,0.67,2026-07-13,v1.0
FB003200,BYR000645,PRD001756,Yes,Yes,Yes,Yes,No,No,Clicked and purchased,Positive,NORMAL,0.82,2026-06-04,v1.0
FB003201,BYR000328,PRD002398,Yes,Yes,Yes,No,No,No,"Good match, saved to wishlist",Neutral,NORMAL,0.92,2026-07-01,v1.0
FB003202,BYR000364,PRD000417,Yes,No,No,No,Yes,No,Already purchased elsewhere,Negative,NORMAL,0.77,2026-07-20,v1.0
FB003203,BYR000642,PRD001731,Yes,No,Yes,No,No,No,Irrelevant to my search,Neutral,NEGATIVE,0.89,2026-07-08,v1.0
FB003204,BYR000911,PRD002546,Yes,Yes,Yes,Yes,No,No,Great match! ⭐⭐⭐⭐⭐,Positive,NORMAL,0.72,2026-08-05,v1.0
FB003205,BYR000380,PRD000763,Yes,No,No,No,Yes,No,Duplicate of item I already own,Negative,NEGATIVE,0.97,2026-05-09,v1.0
FB003206,BYR000344,PRD000929,Yes,No,No,No,Yes,No,Already purchased elsewhere,Negative,NORMAL,0.74,2026-07-26,v1.0
FB003207,BYR000756,PRD001901,Yes,Yes,Yes,No,No,No,Too expensive for my budget,Neutral,NORMAL,0.84,2026-06-23,v1.0
FB003208,BYR000186,PRD002067,Yes,No,No,No,Yes,No,Duplicate of item I already own,Negative,NORMAL,0.63,2026-08-01,v1.0
FB003209,BYR000420,PRD001647,Yes,Yes,Yes,Yes,No,No,"Perfect timing, needed this",Positive,NORMAL,0.51,2026-07-12,v1.0
FB003210,BYR000891,PRD001400,Yes,No,No,No,Yes,No,Not interested,Negative,NORMAL,0.82,2026-05-25,v1.0
FB003211,BYR000963,PRD001544,Yes,Yes,Yes,No,No,No,"Good match, saved to wishlist",Neutral,NORMAL,0.75,2026-05-15,v1.0
FB003212,BYR000394,PRD000172,Yes,No,Yes,No,No,No,Irrelevant to my search,Neutral,BOUNDARY,0.6,2026-06-06,v1.0
FB003213,BYR000496,PRD001012,Yes,No,No,No,Yes,No,Already purchased elsewhere,Negative,NORMAL,0.65,2026-05-29,v1.0
FB003214,BYR000087,PRD001118,Yes,Yes,Yes,No,No,No,Too expensive for my budget,Neutral,NORMAL,0.71,2026-05-30,v1.0
FB003215,BYR000503,PRD002063,Yes,No,Yes,No,No,No,Price too high 😅,Neutral,NORMAL,0.62,2026-07-06,v1.0
FB003216,BYR000768,PRD000378,Yes,Yes,Yes,Yes,No,No,Clicked and purchased,Positive,EDGE,0.51,2026-06-13,v1.0
FB003217,BYR000384,PRD000006,Yes,No,No,No,Yes,No,Duplicate of item I already own,Negative,NEGATIVE,0.82,2026-05-21,v1.0
FB003218,BYR000086,PRD002974,Yes,No,Yes,No,No,No,Not my style,Neutral,NORMAL,0.77,2026-07-18,v1.0
FB003219,BYR000650,PRD002448,Yes,No,Yes,No,No,No,Not my style,Neutral,EDGE,0.6,2026-07-09,v1.0
FB003220,BYR000822,PRD001153,Yes,Yes,Yes,No,No,No,Relevant recommendation,Neutral,NEGATIVE,0.97,2026-06-29,v1.0
FB003221,BYR000569,PRD001626,Yes,Yes,Yes,No,No,No,"Good match, saved to wishlist",Neutral,BOUNDARY,0.7,2026-06-17,v1.0
FB003222,BYR000518,PRD002864,Yes,No,No,No,Yes,No,Not interested,Negative,NORMAL,0.69,2026-07-13,v1.0
FB003223,BYR000418,PRD001744,Yes,Yes,Yes,Yes,No,No,Great match! ⭐⭐⭐⭐⭐,Positive,NORMAL,0.92,2026-06-26,v1.0
FB003224,BYR000070,PRD001878,Yes,No,No,No,Yes,No,Already purchased elsewhere,Negative,NEGATIVE,0.68,2026-06-23,v1.0
FB003225,BYR000016,PRD002047,Yes,Yes,Yes,No,No,No,"Good match, saved to wishlist",Neutral,NORMAL,0.87,2026-05-31,v1.0
FB003226,BYR000377,PRD000991,Yes,Yes,Yes,No,No,No,Relevant recommendation,Neutral,NORMAL,0.74,2026-05-31,v1.0
FB003227,BYR000120,PRD001421,Yes,No,Yes,No,No,No,Price too high 😅,Neutral,NORMAL,0.69,2026-06-12,v1.0
FB003228,BYR000943,PRD002321,Yes,No,No,No,Yes,No,Already purchased elsewhere,Negative,NORMAL,0.81,2026-05-26,v1.0
FB003229,BYR000684,PRD001348,Yes,Yes,Yes,No,No,No,Too expensive for my budget,Neutral,NORMAL,0.77,2026-06-22,v1.0
FB003230,BYR000670,PRD002245,Yes,No,No,No,Yes,No,Duplicate of item I already own,Negative,NORMAL,0.98,2026-06-29,v1.0
FB003231,BYR000555,PRD000056,Yes,No,No,No,Yes,No,Already purchased elsewhere,Negative,NORMAL,0.62,2026-07-01,v1.0
FB003232,BYR000743,PRD000731,Yes,No,No,No,Yes,No,Already purchased elsewhere,Negative,NORMAL,0.77,2026-05-09,v1.0
FB003233,BYR000962,PRD001594,Yes,No,No,No,Yes,No,Duplicate of item I already own,Negative,NORMAL,0.75,2026-05-16,v1.0
FB003234,BYR000932,PRD000139,Yes,Yes,Yes,Yes,No,No,Great match! ⭐⭐⭐⭐⭐,Positive,NORMAL,0.58,2026-07-14,v1.0
FB003235,BYR000583,PRD001679,Yes,No,No,No,Yes,No,Already purchased elsewhere,Negative,COLD_START,0.62,2026-06-09,v1.0
FB003236,BYR000703,PRD002841,Yes,No,No,No,Yes,No,Duplicate of item I already own,Negative,NORMAL,0.7,2026-07-02,v1.0
FB003237,BYR000678,PRD002465,Yes,Yes,Yes,No,No,No,Too expensive for my budget,Neutral,EDGE,0.66,2026-07-23,v1.0
FB003238,BYR000503,PRD002322,Yes,No,No,No,Yes,No,Not interested,Negative,NEGATIVE,0.67,2026-07-10,v1.0
FB003239,BYR000149,PRD000275,Yes,No,No,No,Yes,No,Already purchased elsewhere,Negative,NORMAL,0.76,2026-06-25,v1.0
FB003240,BYR000364,PRD001490,Yes,No,Yes,No,No,No,Not my style,Neutral,NORMAL,0.92,2026-07-19,v1.0
FB003241,BYR000925,PRD002067,Yes,No,No,No,Yes,Yes,Already purchased elsewhere,Negative,EDGE,0.68,2026-07-16,v1.0
FB003242,BYR000579,PRD001488,Yes,Yes,Yes,No,No,No,"Good match, saved to wishlist",Neutral,NORMAL,0.77,2026-05-18,v1.0
FB003243,BYR000518,PRD002740,Yes,Yes,Yes,No,No,No,Relevant recommendation,Neutral,NORMAL,0.89,2026-07-25,v1.0
FB003244,BYR000668,PRD002636,Yes,No,No,No,Yes,No,Not interested,Negative,NORMAL,0.77,2026-07-31,v1.0
FB003245,BYR000720,PRD002242,Yes,No,Yes,No,No,No,Price too high 😅,Neutral,EDGE,0.89,2026-06-15,v1.0
FB003246,BYR000564,PRD002641,Yes,No,No,No,Yes,No,Already purchased elsewhere,Negative,NORMAL,1.0,2026-06-10,v1.0
FB003247,BYR000841,PRD000069,Yes,No,No,No,Yes,No,Already purchased elsewhere,Negative,BOUNDARY,0.5,2026-07-17,v1.0
FB003248,BYR000152,PRD002911,Yes,No,Yes,No,No,No,Irrelevant to my search,Neutral,NORMAL,0.54,2026-07-18,v1.0
FB003249,BYR000653,PRD002764,Yes,Yes,Yes,Yes,No,No,Great match! ⭐⭐⭐⭐⭐,Positive,NORMAL,1.0,2026-05-21,v1.0
FB003250,BYR000853,PRD000923,Yes,No,No,No,Yes,No,Already purchased elsewhere,Negative,RARE,0.97,2026-05-23,v1.0
FB003251,BYR000851,PRD002094,Yes,No,No,No,Yes,No,Duplicate of item I already own,Negative,RARE,0.91,2026-06-24,v1.0
FB003252,BYR000482,PRD001724,Yes,No,No,No,Yes,No,Already purchased elsewhere,Negative,NORMAL,0.96,2026-07-25,v1.0
FB003253,BYR000193,PRD001705,Yes,No,Yes,No,No,No,Price too high 😅,Neutral,EDGE,0.96,2026-07-07,v1.0
FB003254,BYR000895,PRD000585,Yes,No,Yes,No,No,No,Irrelevant to my search,Neutral,NORMAL,0.73,2026-05-17,v1.0
FB003255,BYR000924,PRD000837,Yes,No,No,No,Yes,No,Already purchased elsewhere,Negative,EDGE,0.93,2026-06-20,v1.0
FB003256,BYR000550,PRD000485,Yes,No,No,No,Yes,No,Already purchased elsewhere,Negative,RARE,0.62,2026-07-19,v1.0
FB003257,BYR000083,PRD000122,Yes,Yes,Yes,No,No,No,"Good match, saved to wishlist",Neutral,NORMAL,0.68,2026-05-26,v1.0
FB003258,BYR000507,PRD001536,Yes,Yes,Yes,No,No,No,"Good match, saved to wishlist",Neutral,BOUNDARY,0.93,2026-08-04,v1.0
FB003259,BYR000053,PRD001813,Yes,No,Yes,No,No,No,Not my style,Neutral,NORMAL,0.94,2026-07-29,v1.0
FB003260,BYR000990,PRD001585,Yes,No,No,No,Yes,No,Duplicate of item I already own,Negative,RARE,0.56,2026-06-15,v1.0
FB003261,BYR000375,PRD000124,Yes,No,Yes,No,No,No,Price too high 😅,Neutral,NORMAL,0.58,2026-05-20,v1.0
FB003262,BYR000348,PRD002435,Yes,Yes,Yes,No,No,No,Relevant recommendation,Neutral,NORMAL,0.66,2026-07-26,v1.0
FB003263,BYR000006,PRD000940,Yes,No,Yes,No,No,No,Price too high 😅,Neutral,NORMAL,0.91,2026-07-26,v1.0
FB003264,BYR000175,PRD000595,Yes,Yes,Yes,Yes,No,No,Great match! ⭐⭐⭐⭐⭐,Positive,NORMAL,0.82,2026-07-23,v1.0
FB003265,BYR000254,PRD002021,Yes,No,No,No,Yes,No,Already purchased elsewhere,Negative,NORMAL,0.87,2026-06-17,v1.0
FB003266,BYR000717,PRD000162,Yes,No,No,No,Yes,No,Already purchased elsewhere,Negative,NORMAL,0.58,2026-07-26,v1.0
FB003267,BYR000966,PRD001582,Yes,No,No,No,Yes,No,Duplicate of item I already own,Negative,NORMAL,0.72,2026-07-19,v1.0
FB003268,BYR000601,PRD000917,Yes,No,No,No,Yes,No,Not interested,Negative,NORMAL,0.59,2026-06-19,v1.0
FB003269,BYR000374,PRD001482,Yes,No,Yes,No,No,No,Price too high 😅,Neutral,NORMAL,0.88,2026-08-06,v1.0
FB003270,BYR000021,PRD001584,Yes,Yes,Yes,No,No,No,Too expensive for my budget,Neutral,COLD_START,0.65,2026-06-05,v1.0
FB003271,BYR000500,PRD001993,Yes,No,No,No,Yes,No,Duplicate of item I already own,Negative,NEGATIVE,0.71,2026-05-14,v1.0
FB003272,BYR000495,PRD001463,Yes,No,Yes,No,No,No,Not my style,Neutral,NORMAL,0.96,2026-07-04,v1.0
FB003273,BYR000713,PRD002626,Yes,No,No,No,Yes,No,Duplicate of item I already own,Negative,NORMAL,0.73,2026-06-05,v1.0
FB003274,BYR000634,PRD000981,Yes,No,No,No,Yes,No,Duplicate of item I already own,Negative,NORMAL,0.95,2026-07-26,v1.0
FB003275,BYR000188,PRD001141,Yes,No,No,No,Yes,No,Not interested,Negative,NORMAL,0.6,2026-08-01,v1.0
FB003276,BYR000083,PRD000588,Yes,No,No,No,Yes,No,Already purchased elsewhere,Negative,NORMAL,0.53,2026-06-19,v1.0
FB003277,BYR000485,PRD001291,Yes,No,No,No,Yes,No,Not interested,Negative,NORMAL,1.0,2026-07-10,v1.0
FB003278,BYR000597,PRD001050,Yes,No,No,No,Yes,No,Not interested,Negative,NORMAL,0.56,2026-06-19,v1.0
FB003279,BYR000298,PRD002388,Yes,No,No,No,Yes,No,Duplicate of item I already own,Negative,NORMAL,0.59,2026-07-18,v1.0
FB003280,BYR000328,PRD001793,Yes,No,No,No,Yes,No,Duplicate of item I already own,Negative,NEGATIVE,0.6,2026-05-26,v1.0
FB003281,BYR000929,PRD002220,Yes,No,No,No,Yes,No,Not interested,Negative,NORMAL,0.56,2026-08-01,v1.0
FB003282,BYR000557,PRD001984,Yes,No,No,No,Yes,Yes,Not interested,Negative,RARE,0.55,2026-07-05,v1.0
FB003283,BYR000858,PRD001999,Yes,No,No,No,Yes,Yes,Duplicate of item I already own,Negative,NORMAL,0.73,2026-06-17,v1.0
FB003284,BYR000119,PRD001511,Yes,No,No,No,Yes,No,Duplicate of item I already own,Negative,NORMAL,0.64,2026-08-04,v1.0
FB003285,BYR000780,PRD000796,Yes,No,No,No,Yes,No,Already purchased elsewhere,Negative,NORMAL,0.53,2026-06-02,v1.0
FB003286,BYR000487,PRD000985,Yes,No,No,No,Yes,No,Duplicate of item I already own,Negative,NORMAL,0.65,2026-07-19,v1.0
FB003287,BYR000916,PRD002723,Yes,No,Yes,No,No,No,Not my style,Neutral,EDGE,0.78,2026-08-04,v1.0
FB003288,BYR000116,PRD000481,Yes,No,Yes,No,No,No,Not my style,Neutral,NORMAL,0.82,2026-05-24,v1.0
FB003289,BYR000277,PRD000094,Yes,No,No,No,Yes,No,Not interested,Negative,NORMAL,0.82,2026-06-06,v1.0
FB003290,BYR000544,PRD002955,Yes,Yes,Yes,No,No,No,"Good match, saved to wishlist",Neutral,NORMAL,0.82,2026-07-20,v1.0
FB003291,BYR000728,PRD001243,Yes,Yes,Yes,No,No,No,Too expensive for my budget,Neutral,NORMAL,0.74,2026-06-04,v1.0
FB003292,BYR000488,PRD001041,Yes,No,No,No,Yes,No,Duplicate of item I already own,Negative,NORMAL,0.69,2026-06-06,v1.0
FB003293,BYR000633,PRD001159,Yes,No,No,No,Yes,No,Duplicate of item I already own,Negative,NORMAL,0.9,2026-05-25,v1.0
FB003294,BYR000169,PRD000840,Yes,No,Yes,No,No,No,Irrelevant to my search,Neutral,NORMAL,0.6,2026-05-17,v1.0
FB003295,BYR000175,PRD000886,Yes,No,Yes,No,No,No,Not my style,Neutral,NORMAL,0.92,2026-05-11,v1.0
FB003296,BYR000578,PRD000106,Yes,No,No,No,Yes,No,Duplicate of item I already own,Negative,NORMAL,0.58,2026-07-27,v1.0
FB003297,BYR000990,PRD001241,Yes,No,Yes,No,No,No,Irrelevant to my search,Neutral,NORMAL,0.59,2026-07-04,v1.0
FB003298,BYR000313,PRD000297,Yes,No,Yes,No,No,No,Irrelevant to my search,Neutral,NORMAL,0.77,2026-05-18,v1.0
FB003299,BYR000404,PRD001711,Yes,No,Yes,No,No,No,Not my style,Neutral,NORMAL,0.52,2026-05-20,v1.0
FB003300,BYR000882,PRD000428,Yes,Yes,Yes,No,No,No,Relevant recommendation,Neutral,NORMAL,0.6,2026-05-25,v1.0
FB003301,BYR000312,PRD002043,Yes,Yes,Yes,No,No,No,Too expensive for my budget,Neutral,NORMAL,0.6,2026-08-01,v1.0
FB003302,BYR000029,PRD002584,Yes,Yes,Yes,No,No,No,Relevant recommendation,Neutral,NORMAL,0.96,2026-05-22,v1.0
FB003303,BYR000435,PRD001636,Yes,No,Yes,No,No,No,Irrelevant to my search,Neutral,NORMAL,0.61,2026-05-24,v1.0
FB003304,BYR000968,PRD000863,Yes,Yes,Yes,No,No,No,"Good match, saved to wishlist",Neutral,COLD_START,0.92,2026-05-09,v1.0
FB003305,BYR000315,PRD002213,Yes,Yes,Yes,No,No,No,"Good match, saved to wishlist",Neutral,NORMAL,0.63,2026-07-18,v1.0
FB003306,BYR000424,PRD000387,Yes,No,Yes,No,No,No,Not my style,Neutral,NORMAL,0.82,2026-06-23,v1.0
FB003307,BYR000960,PRD002104,Yes,No,No,No,Yes,No,Duplicate of item I already own,Negative,BOUNDARY,0.79,2026-07-30,v1.0
FB003308,BYR000965,PRD002066,Yes,No,Yes,No,No,No,Irrelevant to my search,Neutral,RARE,0.51,2026-05-27,v1.0
FB003309,BYR000864,PRD000962,Yes,No,Yes,No,No,No,Not my style,Neutral,NORMAL,0.65,2026-08-02,v1.0
FB003310,BYR000561,PRD001022,Yes,No,No,No,Yes,No,Already purchased elsewhere,Negative,NORMAL,0.72,2026-05-17,v1.0
FB003311,BYR000847,PRD001105,Yes,No,No,No,Yes,No,Already purchased elsewhere,Negative,NORMAL,0.73,2026-08-02,v1.0
FB003312,BYR000797,PRD002156,Yes,No,No,No,Yes,No,Already purchased elsewhere,Negative,NORMAL,0.75,2026-05-30,v1.0
FB003313,BYR000853,PRD001404,Yes,Yes,Yes,No,No,No,"Good match, saved to wishlist",Neutral,NORMAL,0.66,2026-07-01,v1.0
FB003314,BYR000393,PRD002788,Yes,Yes,Yes,No,No,No,Too expensive for my budget,Neutral,NORMAL,0.96,2026-07-16,v1.0
FB003315,BYR000839,PRD002513,Yes,No,Yes,No,No,No,Irrelevant to my search,Neutral,NORMAL,0.72,2026-07-10,v1.0
FB003316,BYR000300,PRD002993,Yes,Yes,Yes,No,No,No,Relevant recommendation,Neutral,NORMAL,0.93,2026-07-21,v1.0
FB003317,BYR000581,PRD001247,Yes,No,Yes,No,No,No,Irrelevant to my search,Neutral,NORMAL,0.87,2026-07-05,v1.0
FB003318,BYR000364,PRD000703,Yes,No,No,No,Yes,No,Not interested,Negative,COLD_START,0.82,2026-07-08,v1.0
FB003319,BYR000855,PRD002787,Yes,No,No,No,Yes,No,Duplicate of item I already own,Negative,NORMAL,0.93,2026-08-03,v1.0
FB003320,BYR000680,PRD000003,Yes,No,No,No,Yes,No,Already purchased elsewhere,Negative,NORMAL,0.79,2026-07-11,v1.0
FB003321,BYR000221,PRD001422,Yes,No,Yes,No,No,No,Irrelevant to my search,Neutral,NORMAL,0.64,2026-06-12,v1.0
FB003322,BYR000785,PRD001704,Yes,Yes,Yes,Yes,No,No,"Perfect timing, needed this",Positive,NORMAL,0.91,2026-06-09,v1.0
FB003323,BYR000632,PRD000007,Yes,No,No,No,Yes,No,Not interested,Negative,NORMAL,0.97,2026-05-27,v1.0
FB003324,BYR000373,PRD001465,Yes,Yes,Yes,Yes,No,No,Great match! ⭐⭐⭐⭐⭐,Positive,NORMAL,0.53,2026-06-20,v1.0
FB003325,BYR000633,PRD000959,Yes,No,No,No,Yes,No,Already purchased elsewhere,Negative,BOUNDARY,0.76,2026-05-13,v1.0
FB003326,BYR000347,PRD001495,Yes,Yes,Yes,No,No,No,Relevant recommendation,Neutral,NORMAL,0.55,2026-06-17,v1.0
FB003327,BYR000127,PRD002575,Yes,No,No,No,Yes,No,Already purchased elsewhere,Negative,NORMAL,0.76,2026-07-22,v1.0
FB003328,BYR000794,PRD002368,Yes,No,Yes,No,No,No,Price too high 😅,Neutral,NORMAL,0.91,2026-05-26,v1.0
FB003329,BYR000166,PRD001753,Yes,No,No,No,Yes,No,Already purchased elsewhere,Negative,NORMAL,0.62,2026-06-24,v1.0
FB003330,BYR000531,PRD002952,Yes,Yes,Yes,No,No,No,Relevant recommendation,Neutral,NORMAL,0.75,2026-07-19,v1.0
FB003331,BYR000418,PRD000589,Yes,No,No,No,Yes,No,Already purchased elsewhere,Negative,EDGE,0.73,2026-08-02,v1.0
FB003332,BYR000211,PRD002769,Yes,No,No,No,Yes,No,Already purchased elsewhere,Negative,NORMAL,0.83,2026-05-21,v1.0
FB003333,BYR000506,PRD002257,Yes,Yes,Yes,Yes,No,No,"Perfect timing, needed this",Positive,BOUNDARY,0.54,2026-05-27,v1.0
FB003334,BYR000955,PRD001873,Yes,No,No,No,Yes,No,Duplicate of item I already own,Negative,NORMAL,0.59,2026-08-01,v1.0
FB003335,BYR000740,PRD001723,Yes,No,No,No,Yes,No,Not interested,Negative,NORMAL,0.88,2026-07-01,v1.0
FB003336,BYR000592,PRD001660,Yes,No,No,No,Yes,Yes,Not interested,Negative,NORMAL,0.7,2026-07-21,v1.0
FB003337,BYR000120,PRD002201,Yes,No,Yes,No,No,No,Irrelevant to my search,Neutral,NORMAL,0.55,2026-07-14,v1.0
FB003338,BYR000389,PRD001030,Yes,No,Yes,No,No,No,Not my style,Neutral,NORMAL,0.84,2026-07-26,v1.0
FB003339,BYR000607,PRD000808,Yes,Yes,Yes,No,No,No,"Good match, saved to wishlist",Neutral,NORMAL,0.54,2026-07-31,v1.0
FB003340,BYR000006,PRD002301,Yes,No,Yes,No,No,No,Not my style,Neutral,NORMAL,0.56,2026-06-22,v1.0
FB003341,BYR000696,PRD001875,Yes,No,Yes,No,No,No,Price too high 😅,Neutral,NORMAL,0.98,2026-06-23,v1.0
FB003342,BYR000574,PRD000148,Yes,No,No,No,Yes,No,Already purchased elsewhere,Negative,NEGATIVE,0.63,2026-06-20,v1.0
FB003343,BYR000758,PRD000064,Yes,No,Yes,No,No,No,Not my style,Neutral,NORMAL,0.58,2026-07-05,v1.0
FB003344,BYR000039,PRD000994,Yes,Yes,Yes,Yes,No,No,"Perfect timing, needed this",Positive,NORMAL,0.79,2026-07-10,v1.0
FB003345,BYR000654,PRD001819,Yes,Yes,Yes,No,No,No,"Good match, saved to wishlist",Neutral,NORMAL,0.9,2026-07-21,v1.0
FB003346,BYR000306,PRD002315,Yes,No,No,No,Yes,No,Not interested,Negative,EDGE,0.92,2026-06-17,v1.0
FB003347,BYR000506,PRD002623,Yes,No,No,No,Yes,No,Duplicate of item I already own,Negative,NORMAL,0.91,2026-06-15,v1.0
FB003348,BYR000339,PRD000271,Yes,Yes,Yes,No,No,No,"Good match, saved to wishlist",Neutral,NORMAL,0.76,2026-06-06,v1.0
FB003349,BYR000212,PRD000228,Yes,No,Yes,No,No,No,Not my style,Neutral,NORMAL,0.66,2026-05-20,v1.0
FB003350,BYR000781,PRD000950,Yes,No,No,No,Yes,Yes,Not interested,Negative,NEGATIVE,0.51,2026-06-02,v1.0
FB003351,BYR000518,PRD000432,Yes,No,Yes,No,No,No,Irrelevant to my search,Neutral,EDGE,0.57,2026-06-29,v1.0
FB003352,BYR000783,PRD001265,Yes,Yes,Yes,Yes,No,No,Clicked and purchased,Positive,NORMAL,0.97,2026-05-26,v1.0
FB003353,BYR000346,PRD002335,Yes,Yes,Yes,No,No,No,Too expensive for my budget,Neutral,NORMAL,0.97,2026-05-30,v1.0
FB003354,BYR000920,PRD002400,Yes,No,Yes,No,No,No,Irrelevant to my search,Neutral,NORMAL,0.96,2026-07-04,v1.0
FB003355,BYR000432,PRD002069,Yes,Yes,Yes,No,No,No,Relevant recommendation,Neutral,NORMAL,0.89,2026-06-11,v1.0
FB003356,BYR000153,PRD001864,Yes,No,Yes,No,No,No,Irrelevant to my search,Neutral,NORMAL,0.72,2026-06-06,v1.0
FB003357,BYR000293,PRD000746,Yes,No,No,No,Yes,No,Already purchased elsewhere,Negative,NEGATIVE,0.51,2026-06-20,v1.0
FB003358,BYR000363,PRD002510,Yes,Yes,Yes,No,No,No,Relevant recommendation,Neutral,NORMAL,0.91,2026-05-22,v1.0
FB003359,BYR000712,PRD000779,Yes,Yes,Yes,No,No,No,"Good match, saved to wishlist",Neutral,NORMAL,0.59,2026-07-25,v1.0
FB003360,BYR000444,PRD000386,Yes,No,No,No,Yes,No,Duplicate of item I already own,Negative,NEGATIVE,0.82,2026-06-20,v1.0
FB003361,BYR000405,PRD002649,Yes,No,No,No,Yes,No,Duplicate of item I already own,Negative,NORMAL,0.92,2026-05-24,v1.0
FB003362,BYR000372,PRD003000,Yes,Yes,Yes,No,No,No,Too expensive for my budget,Neutral,BOUNDARY,0.84,2026-05-27,v1.0
FB003363,BYR000267,PRD001524,Yes,No,No,No,Yes,No,Already purchased elsewhere,Negative,COLD_START,0.87,2026-05-19,v1.0
FB003364,BYR000584,PRD001026,Yes,Yes,Yes,No,No,No,Relevant recommendation,Neutral,EDGE,0.78,2026-08-01,v1.0
FB003365,BYR000411,PRD001827,Yes,No,No,No,Yes,No,Already purchased elsewhere,Negative,NORMAL,0.97,2026-06-24,v1.0
FB003366,BYR000734,PRD000259,Yes,No,No,No,Yes,No,Duplicate of item I already own,Negative,NORMAL,0.55,2026-05-19,v1.0
FB003367,BYR000069,PRD001761,Yes,No,Yes,No,No,No,Price too high 😅,Neutral,BOUNDARY,0.81,2026-06-04,v1.0
FB003368,BYR000650,PRD001478,Yes,No,No,No,Yes,No,Duplicate of item I already own,Negative,EDGE,0.51,2026-07-13,v1.0
FB003369,BYR000469,PRD001420,Yes,Yes,Yes,No,No,No,Relevant recommendation,Neutral,NORMAL,0.68,2026-07-15,v1.0
FB003370,BYR000084,PRD001702,Yes,No,Yes,No,No,No,Not my style,Neutral,NORMAL,0.66,2026-06-07,v1.0
FB003371,BYR000801,PRD000934,Yes,No,No,No,Yes,No,Duplicate of item I already own,Negative,NORMAL,0.74,2026-07-13,v1.0
FB003372,BYR000881,PRD000931,Yes,Yes,Yes,No,No,No,Too expensive for my budget,Neutral,EDGE,0.87,2026-05-08,v1.0
FB003373,BYR000946,PRD000232,Yes,Yes,Yes,No,No,No,Relevant recommendation,Neutral,NEGATIVE,0.6,2026-05-20,v1.0
FB003374,BYR000782,PRD002305,Yes,No,No,No,Yes,Yes,Already purchased elsewhere,Negative,EDGE,0.55,2026-07-07,v1.0
FB003375,BYR000739,PRD000882,Yes,No,No,No,Yes,No,Already purchased elsewhere,Negative,NORMAL,0.68,2026-07-26,v1.0
FB003376,BYR000914,PRD000057,Yes,No,Yes,No,No,No,Irrelevant to my search,Neutral,NORMAL,0.69,2026-07-24,v1.0
FB003377,BYR000873,PRD001959,Yes,No,Yes,No,No,No,Not my style,Neutral,NORMAL,0.78,2026-05-28,v1.0
FB003378,BYR000484,PRD002066,Yes,No,No,No,Yes,No,Already purchased elsewhere,Negative,NORMAL,0.78,2026-07-30,v1.0
FB003379,BYR000939,PRD002094,Yes,No,Yes,No,No,No,Not my style,Neutral,BOUNDARY,0.95,2026-07-30,v1.0
FB003380,BYR000411,PRD001275,Yes,No,Yes,No,No,No,Irrelevant to my search,Neutral,COLD_START,0.69,2026-07-30,v1.0
FB003381,BYR000819,PRD001711,Yes,Yes,Yes,No,No,No,Too expensive for my budget,Neutral,NORMAL,0.78,2026-05-25,v1.0
FB003382,BYR000111,PRD002896,Yes,No,Yes,No,No,No,Price too high 😅,Neutral,EDGE,0.66,2026-08-02,v1.0
FB003383,BYR000652,PRD001233,Yes,No,No,No,Yes,No,Duplicate of item I already own,Negative,NORMAL,0.82,2026-07-02,v1.0
FB003384,BYR000325,PRD000273,Yes,No,Yes,No,No,No,Not my style,Neutral,NORMAL,0.94,2026-07-01,v1.0
FB003385,BYR000608,PRD001223,Yes,Yes,Yes,No,No,No,Relevant recommendation,Neutral,NORMAL,0.86,2026-07-31,v1.0
FB003386,BYR000020,PRD000588,Yes,Yes,Yes,No,No,No,"Good match, saved to wishlist",Neutral,NEGATIVE,0.54,2026-07-13,v1.0
FB003387,BYR000797,PRD001643,Yes,Yes,Yes,No,No,No,Relevant recommendation,Neutral,NORMAL,0.7,2026-07-07,v1.0
FB003388,BYR000992,PRD000886,Yes,No,No,No,Yes,No,Already purchased elsewhere,Negative,NORMAL,0.87,2026-06-30,v1.0
FB003389,BYR000286,PRD000392,Yes,No,No,No,Yes,Yes,Duplicate of item I already own,Negative,NEGATIVE,0.84,2026-05-13,v1.0
FB003390,BYR000184,PRD001850,Yes,No,No,No,Yes,No,Not interested,Negative,NORMAL,0.77,2026-06-08,v1.0
FB003391,BYR000321,PRD001094,Yes,No,Yes,No,No,No,Price too high 😅,Neutral,NORMAL,0.56,2026-05-10,v1.0
FB003392,BYR000700,PRD000261,Yes,Yes,Yes,Yes,No,No,Great match! ⭐⭐⭐⭐⭐,Positive,NORMAL,0.89,2026-06-24,v1.0
FB003393,BYR000996,PRD000083,Yes,Yes,Yes,No,No,No,"Good match, saved to wishlist",Neutral,NORMAL,0.93,2026-06-21,v1.0
FB003394,BYR000981,PRD002812,Yes,No,No,No,Yes,No,Duplicate of item I already own,Negative,NORMAL,0.68,2026-06-12,v1.0
FB003395,BYR000156,PRD000554,Yes,No,Yes,No,No,No,Price too high 😅,Neutral,NORMAL,0.91,2026-05-13,v1.0
FB003396,BYR000490,PRD002048,Yes,No,No,No,Yes,No,Not interested,Negative,EDGE,0.84,2026-05-27,v1.0
FB003397,BYR000828,PRD002635,Yes,No,No,No,Yes,No,Duplicate of item I already own,Negative,NORMAL,0.78,2026-06-25,v1.0
FB003398,BYR000064,PRD000588,Yes,No,No,No,Yes,No,Not interested,Negative,NEGATIVE,0.71,2026-06-15,v1.0
FB003399,BYR000856,PRD000635,Yes,No,No,No,Yes,No,Duplicate of item I already own,Negative,NEGATIVE,0.56,2026-06-17,v1.0
FB003400,BYR000342,PRD000763,Yes,No,No,No,Yes,Yes,Duplicate of item I already own,Negative,NEGATIVE,0.72,2026-06-04,v1.0
FB003401,BYR000658,PRD001413,Yes,No,Yes,No,No,No,Price too high 😅,Neutral,EDGE,0.74,2026-06-27,v1.0
FB003402,BYR000693,PRD001376,Yes,No,No,No,Yes,No,Duplicate of item I already own,Negative,NORMAL,0.98,2026-07-24,v1.0
FB003403,BYR000735,PRD001374,Yes,No,No,No,Yes,No,Not interested,Negative,NORMAL,0.54,2026-07-25,v1.0
FB003404,BYR000657,PRD000683,Yes,No,Yes,No,No,No,Not my style,Neutral,NORMAL,0.58,2026-06-20,v1.0
FB003405,BYR000940,PRD001919,Yes,No,No,No,Yes,No,Not interested,Negative,NORMAL,0.56,2026-06-21,v1.0
FB003406,BYR000625,PRD001930,Yes,No,Yes,No,No,No,Price too high 😅,Neutral,EDGE,0.8,2026-06-05,v1.0
FB003407,BYR000445,PRD000522,Yes,Yes,Yes,Yes,No,No,"Perfect timing, needed this",Positive,NORMAL,0.64,2026-07-24,v1.0
FB003408,BYR000854,PRD002910,Yes,No,No,No,Yes,Yes,Duplicate of item I already own,Negative,NEGATIVE,0.61,2026-07-12,v1.0
FB003409,BYR000115,PRD001587,Yes,No,No,No,Yes,No,Duplicate of item I already own,Negative,NORMAL,0.72,2026-06-28,v1.0
FB003410,BYR000564,PRD002641,Yes,No,No,No,Yes,No,Not interested,Negative,NORMAL,0.98,2026-06-02,v1.0
FB003411,BYR000355,PRD001407,Yes,Yes,Yes,No,No,No,Too expensive for my budget,Neutral,RARE,0.76,2026-05-11,v1.0
FB003412,BYR000446,PRD001630,Yes,Yes,Yes,Yes,No,No,Great match! ⭐⭐⭐⭐⭐,Positive,NORMAL,0.52,2026-07-05,v1.0
FB003413,BYR000491,PRD000812,Yes,No,No,No,Yes,No,Not interested,Negative,NORMAL,0.85,2026-07-26,v1.0
FB003414,BYR000618,PRD000593,Yes,No,Yes,No,No,No,Not my style,Neutral,NORMAL,0.59,2026-08-05,v1.0
FB003415,BYR000630,PRD001070,Yes,Yes,Yes,No,No,No,"Good match, saved to wishlist",Neutral,NORMAL,0.94,2026-07-08,v1.0
FB003416,BYR000153,PRD001854,Yes,No,No,No,Yes,No,Already purchased elsewhere,Negative,NORMAL,0.67,2026-05-27,v1.0
FB003417,BYR000648,PRD001238,Yes,No,No,No,Yes,No,Not interested,Negative,NORMAL,0.8,2026-07-12,v1.0
FB003418,BYR000262,PRD001169,Yes,No,No,No,Yes,No,Already purchased elsewhere,Negative,NORMAL,0.51,2026-05-24,v1.0
FB003419,BYR000950,PRD002246,Yes,Yes,Yes,No,No,No,Relevant recommendation,Neutral,NORMAL,0.53,2026-07-13,v1.0
FB003420,BYR000275,PRD001197,Yes,No,Yes,No,No,No,Not my style,Neutral,EDGE,0.73,2026-07-22,v1.0
FB003421,BYR000824,PRD000535,Yes,Yes,Yes,No,No,No,Too expensive for my budget,Neutral,NEGATIVE,0.77,2026-06-04,v1.0
FB003422,BYR000486,PRD002905,Yes,No,No,No,Yes,No,Duplicate of item I already own,Negative,NORMAL,0.6,2026-06-10,v1.0
FB003423,BYR000485,PRD001109,Yes,No,No,No,Yes,No,Already purchased elsewhere,Negative,NORMAL,0.61,2026-07-22,v1.0
FB003424,BYR000870,PRD002134,Yes,Yes,Yes,No,No,No,Relevant recommendation,Neutral,NORMAL,0.64,2026-06-18,v1.0
FB003425,BYR000965,PRD000656,Yes,No,No,No,Yes,No,Not interested,Negative,NORMAL,0.51,2026-06-18,v1.0
FB003426,BYR000668,PRD002732,Yes,Yes,Yes,No,No,No,Relevant recommendation,Neutral,BOUNDARY,0.52,2026-05-24,v1.0
FB003427,BYR000335,PRD000082,Yes,No,No,No,Yes,No,Already purchased elsewhere,Negative,NEGATIVE,0.52,2026-06-14,v1.0
FB003428,BYR000238,PRD000239,Yes,No,No,No,Yes,No,Duplicate of item I already own,Negative,NORMAL,0.95,2026-07-17,v1.0
FB003429,BYR000269,PRD000548,Yes,No,No,No,Yes,No,Already purchased elsewhere,Negative,NORMAL,0.68,2026-05-30,v1.0
FB003430,BYR000962,PRD002076,Yes,Yes,Yes,No,No,No,Relevant recommendation,Neutral,EDGE,0.96,2026-05-21,v1.0
FB003431,BYR000206,PRD002936,Yes,Yes,Yes,No,No,No,"Good match, saved to wishlist",Neutral,BOUNDARY,0.88,2026-07-25,v1.0
FB003432,BYR000071,PRD000536,Yes,Yes,Yes,No,No,No,Relevant recommendation,Neutral,NORMAL,0.57,2026-07-21,v1.0
FB003433,BYR000618,PRD002307,Yes,No,No,No,Yes,No,Duplicate of item I already own,Negative,NORMAL,0.55,2026-05-10,v1.0
FB003434,BYR000395,PRD001331,Yes,No,No,No,Yes,No,Duplicate of item I already own,Negative,NORMAL,0.65,2026-05-14,v1.0
FB003435,BYR000269,PRD001993,Yes,No,No,No,Yes,No,Duplicate of item I already own,Negative,NEGATIVE,0.91,2026-06-20,v1.0
FB003436,BYR000310,PRD000443,Yes,No,No,No,Yes,No,Not interested,Negative,NORMAL,0.75,2026-08-04,v1.0
FB003437,BYR000376,PRD002846,Yes,No,Yes,No,No,No,Price too high 😅,Neutral,NORMAL,0.74,2026-08-06,v1.0
FB003438,BYR000302,PRD002941,Yes,Yes,Yes,No,No,No,"Good match, saved to wishlist",Neutral,NORMAL,0.69,2026-07-24,v1.0
FB003439,BYR000890,PRD000489,Yes,Yes,Yes,Yes,No,No,"Perfect timing, needed this",Positive,NORMAL,0.56,2026-07-15,v1.0
FB003440,BYR000682,PRD000512,Yes,No,No,No,Yes,No,Already purchased elsewhere,Negative,NORMAL,0.81,2026-07-05,v1.0
FB003441,BYR000642,PRD001760,Yes,No,Yes,No,No,No,Price too high 😅,Neutral,NORMAL,0.58,2026-06-08,v1.0
FB003442,BYR000278,PRD000115,Yes,No,No,No,Yes,No,Duplicate of item I already own,Negative,COLD_START,0.79,2026-07-28,v1.0
FB003443,BYR000727,PRD001514,Yes,No,No,No,Yes,No,Already purchased elsewhere,Negative,NORMAL,0.95,2026-07-13,v1.0
FB003444,BYR000183,PRD001940,Yes,No,No,No,Yes,No,Duplicate of item I already own,Negative,NORMAL,0.65,2026-07-29,v1.0
FB003445,BYR000246,PRD000507,Yes,No,Yes,No,No,No,Not my style,Neutral,NORMAL,0.5,2026-06-25,v1.0
FB003446,BYR000229,PRD001207,Yes,No,Yes,No,No,No,Not my style,Neutral,NORMAL,0.84,2026-05-28,v1.0
FB003447,BYR000559,PRD002894,Yes,No,No,No,Yes,No,Duplicate of item I already own,Negative,NORMAL,0.53,2026-05-21,v1.0
FB003448,BYR000327,PRD000857,Yes,Yes,Yes,No,No,No,Too expensive for my budget,Neutral,NORMAL,0.99,2026-07-08,v1.0
FB003449,BYR000567,PRD002343,Yes,Yes,Yes,No,No,No,Relevant recommendation,Neutral,NORMAL,0.86,2026-06-13,v1.0
FB003450,BYR000323,PRD000503,Yes,Yes,Yes,No,No,No,Too expensive for my budget,Neutral,NORMAL,0.56,2026-06-02,v1.0
FB003451,BYR000216,PRD002316,Yes,Yes,Yes,No,No,No,Relevant recommendation,Neutral,NORMAL,0.77,2026-05-12,v1.0
FB003452,BYR000672,PRD002137,Yes,Yes,Yes,No,No,No,Too expensive for my budget,Neutral,NORMAL,0.74,2026-06-27,v1.0
FB003453,BYR000307,PRD001560,Yes,No,No,No,Yes,No,Not interested,Negative,BOUNDARY,0.67,2026-07-16,v1.0
FB003454,BYR000720,PRD002242,Yes,No,No,No,Yes,No,Already purchased elsewhere,Negative,EDGE,0.81,2026-07-07,v1.0
FB003455,BYR000346,PRD002335,Yes,No,No,No,Yes,No,Duplicate of item I already own,Negative,NORMAL,0.84,2026-06-04,v1.0
FB003456,BYR000169,PRD002529,Yes,No,Yes,No,No,No,Irrelevant to my search,Neutral,NORMAL,0.79,2026-06-10,v1.0
FB003457,BYR000471,PRD002005,Yes,No,Yes,No,No,No,Not my style,Neutral,NORMAL,0.72,2026-07-19,v1.0
FB003458,BYR000536,PRD000468,Yes,No,No,No,Yes,No,Already purchased elsewhere,Negative,NORMAL,0.97,2026-06-10,v1.0
FB003459,BYR000470,PRD000378,Yes,Yes,Yes,Yes,No,No,Clicked and purchased,Positive,NORMAL,0.64,2026-07-14,v1.0
FB003460,BYR000641,PRD000324,Yes,No,No,No,Yes,No,Duplicate of item I already own,Negative,NORMAL,0.83,2026-05-12,v1.0
FB003461,BYR000397,PRD000213,Yes,Yes,Yes,Yes,No,No,Great match! ⭐⭐⭐⭐⭐,Positive,NORMAL,0.91,2026-07-22,v1.0
FB003462,BYR000821,PRD002761,Yes,No,No,No,Yes,Yes,Duplicate of item I already own,Negative,NORMAL,0.57,2026-05-27,v1.0
FB003463,BYR000528,PRD000581,Yes,No,No,No,Yes,No,Duplicate of item I already own,Negative,NORMAL,0.83,2026-07-02,v1.0
FB003464,BYR000942,PRD000786,Yes,No,No,No,Yes,No,Duplicate of item I already own,Negative,NORMAL,0.78,2026-06-25,v1.0
FB003465,BYR000503,PRD002063,Yes,No,No,No,Yes,No,Not interested,Negative,NORMAL,0.88,2026-07-04,v1.0
FB003466,BYR000996,PRD000879,Yes,No,Yes,No,No,No,Not my style,Neutral,NORMAL,0.92,2026-06-12,v1.0
FB003467,BYR000745,PRD001705,Yes,Yes,Yes,No,No,No,"Good match, saved to wishlist",Neutral,NORMAL,0.89,2026-05-11,v1.0
FB003468,BYR000879,PRD001289,Yes,No,Yes,No,No,No,Irrelevant to my search,Neutral,NORMAL,0.63,2026-07-30,v1.0
FB003469,BYR000315,PRD002854,Yes,No,No,No,Yes,No,Duplicate of item I already own,Negative,NORMAL,0.79,2026-06-10,v1.0
FB003470,BYR000988,PRD001158,Yes,No,No,No,Yes,No,Not interested,Negative,NORMAL,0.55,2026-05-31,v1.0
FB003471,BYR000641,PRD001078,Yes,No,No,No,Yes,No,Duplicate of item I already own,Negative,NEGATIVE,0.69,2026-06-29,v1.0
FB003472,BYR000825,PRD002970,Yes,No,No,No,Yes,No,Not interested,Negative,NORMAL,0.67,2026-05-18,v1.0
FB003473,BYR000460,PRD001921,Yes,No,No,No,Yes,No,Not interested,Negative,NORMAL,0.87,2026-05-28,v1.0
FB003474,BYR000681,PRD000241,Yes,No,Yes,No,No,No,Not my style,Neutral,NORMAL,0.6,2026-07-21,v1.0
FB003475,BYR000539,PRD000253,Yes,Yes,Yes,Yes,No,No,Great match! ⭐⭐⭐⭐⭐,Positive,NORMAL,0.6,2026-07-28,v1.0
FB003476,BYR000743,PRD001103,Yes,Yes,Yes,No,No,No,"Good match, saved to wishlist",Neutral,EDGE,0.61,2026-05-17,v1.0
FB003477,BYR000238,PRD000992,Yes,Yes,Yes,No,No,No,"Good match, saved to wishlist",Neutral,NEGATIVE,0.76,2026-05-15,v1.0
FB003478,BYR000736,PRD001468,Yes,No,Yes,No,No,No,Price too high 😅,Neutral,RARE,0.66,2026-06-10,v1.0
FB003479,BYR000317,PRD000575,Yes,No,No,No,Yes,Yes,Already purchased elsewhere,Negative,NORMAL,0.75,2026-07-31,v1.0
FB003480,BYR000223,PRD001126,Yes,No,No,No,Yes,No,Duplicate of item I already own,Negative,NORMAL,0.98,2026-07-13,v1.0
FB003481,BYR000956,PRD000906,Yes,No,Yes,No,No,No,Not my style,Neutral,BOUNDARY,0.54,2026-07-10,v1.0
FB003482,BYR000116,PRD001459,Yes,No,No,No,Yes,No,Already purchased elsewhere,Negative,NORMAL,0.67,2026-06-25,v1.0
FB003483,BYR000693,PRD002048,Yes,No,Yes,No,No,No,Price too high 😅,Neutral,NORMAL,0.53,2026-07-16,v1.0
FB003484,BYR000834,PRD000118,Yes,No,No,No,Yes,No,Not interested,Negative,NORMAL,0.62,2026-05-15,v1.0
FB003485,BYR000355,PRD000570,Yes,Yes,Yes,No,No,No,"Good match, saved to wishlist",Neutral,NORMAL,0.86,2026-06-04,v1.0
FB003486,BYR000659,PRD002810,Yes,No,No,No,Yes,Yes,Not interested,Negative,NORMAL,0.85,2026-07-02,v1.0
FB003487,BYR000181,PRD001499,Yes,No,Yes,No,No,No,Irrelevant to my search,Neutral,NORMAL,0.79,2026-05-16,v1.0
FB003488,BYR000520,PRD001067,Yes,Yes,Yes,No,No,No,Too expensive for my budget,Neutral,EDGE,0.75,2026-05-28,v1.0
FB003489,BYR000269,PRD002428,Yes,No,No,No,Yes,No,Already purchased elsewhere,Negative,EDGE,0.61,2026-06-15,v1.0
FB003490,BYR000187,PRD000432,Yes,No,No,No,Yes,No,Not interested,Negative,NORMAL,0.9,2026-08-04,v1.0
FB003491,BYR000503,PRD000399,Yes,Yes,Yes,Yes,No,No,Great match! ⭐⭐⭐⭐⭐,Positive,NORMAL,0.55,2026-07-24,v1.0
FB003492,BYR000930,PRD000876,Yes,No,No,No,Yes,No,Already purchased elsewhere,Negative,NORMAL,0.8,2026-07-28,v1.0
FB003493,BYR000288,PRD000445,Yes,No,Yes,No,No,No,Not my style,Neutral,EDGE,0.94,2026-05-28,v1.0
FB003494,BYR000194,PRD002674,Yes,No,No,No,Yes,No,Duplicate of item I already own,Negative,NORMAL,0.93,2026-08-01,v1.0
FB003495,BYR000272,PRD000751,Yes,No,Yes,No,No,No,Irrelevant to my search,Neutral,NORMAL,0.56,2026-06-07,v1.0
FB003496,BYR000513,PRD000893,Yes,Yes,Yes,No,No,No,"Good match, saved to wishlist",Neutral,EDGE,0.77,2026-05-11,v1.0
FB003497,BYR000514,PRD001545,Yes,No,No,No,Yes,No,Already purchased elsewhere,Negative,EDGE,0.66,2026-07-08,v1.0
FB003498,BYR000654,PRD000888,Yes,Yes,Yes,No,No,No,"Good match, saved to wishlist",Neutral,NORMAL,0.92,2026-06-12,v1.0
FB003499,BYR000060,PRD000820,Yes,No,No,No,Yes,No,Duplicate of item I already own,Negative,NORMAL,0.61,2026-06-04,v1.0
FB003500,BYR000743,PRD001439,Yes,No,No,No,Yes,No,Not interested,Negative,RARE,0.59,2026-07-23,v1.0
FB003501,BYR000915,PRD001902,Yes,No,Yes,No,No,No,Irrelevant to my search,Neutral,NORMAL,0.7,2026-08-03,v1.0
FB003502,BYR000219,PRD000823,Yes,Yes,Yes,Yes,No,No,Great match! ⭐⭐⭐⭐⭐,Positive,BOUNDARY,0.66,2026-05-21,v1.0
FB003503,BYR000006,PRD002177,Yes,No,No,No,Yes,No,Duplicate of item I already own,Negative,NEGATIVE,0.73,2026-06-08,v1.0
FB003504,BYR000486,PRD002050,Yes,No,Yes,No,No,No,Not my style,Neutral,NORMAL,0.59,2026-08-06,v1.0
FB003505,BYR000385,PRD001360,Yes,No,No,No,Yes,No,Duplicate of item I already own,Negative,COLD_START,0.84,2026-06-11,v1.0
FB003506,BYR000510,PRD002607,Yes,No,No,No,Yes,No,Not interested,Negative,EDGE,0.9,2026-08-01,v1.0
FB003507,BYR000400,PRD002188,Yes,Yes,Yes,No,No,No,"Good match, saved to wishlist",Neutral,NORMAL,0.51,2026-07-06,v1.0
FB003508,BYR000200,PRD000788,Yes,No,No,No,Yes,No,Not interested,Negative,NORMAL,0.58,2026-05-28,v1.0
FB003509,BYR000615,PRD000646,Yes,No,No,No,Yes,No,Duplicate of item I already own,Negative,NORMAL,0.82,2026-08-03,v1.0
FB003510,BYR000788,PRD001813,Yes,No,Yes,No,No,No,Irrelevant to my search,Neutral,NORMAL,0.5,2026-07-04,v1.0
FB003511,BYR000317,PRD002513,Yes,No,Yes,No,No,No,Not my style,Neutral,NORMAL,0.88,2026-06-12,v1.0
FB003512,BYR000785,PRD001585,Yes,Yes,Yes,Yes,No,No,Great match! ⭐⭐⭐⭐⭐,Positive,NORMAL,0.67,2026-07-29,v1.0
FB003513,BYR000569,PRD002438,Yes,Yes,Yes,No,No,No,Too expensive for my budget,Neutral,NORMAL,0.53,2026-06-08,v1.0
FB003514,BYR000532,PRD001712,Yes,Yes,Yes,No,No,No,Too expensive for my budget,Neutral,NORMAL,0.84,2026-06-04,v1.0
FB003515,BYR000450,PRD000266,Yes,No,No,No,Yes,No,Duplicate of item I already own,Negative,BOUNDARY,0.7,2026-06-24,v1.0
FB003516,BYR000775,PRD000475,Yes,No,No,No,Yes,No,Already purchased elsewhere,Negative,NORMAL,0.94,2026-05-17,v1.0
FB003517,BYR000012,PRD002888,Yes,No,No,No,Yes,No,Already purchased elsewhere,Negative,NORMAL,0.82,2026-05-10,v1.0
FB003518,BYR000268,PRD002025,Yes,Yes,Yes,No,No,No,Too expensive for my budget,Neutral,NORMAL,0.8,2026-06-06,v1.0
FB003519,BYR000480,PRD000869,Yes,No,No,No,Yes,No,Already purchased elsewhere,Negative,COLD_START,0.7,2026-08-06,v1.0
FB003520,BYR000684,PRD002952,Yes,No,Yes,No,No,No,Not my style,Neutral,RARE,0.79,2026-06-22,v1.0
FB003521,BYR000066,PRD002638,Yes,No,No,No,Yes,No,Not interested,Negative,NORMAL,0.73,2026-06-12,v1.0
FB003522,BYR000120,PRD002494,Yes,No,No,No,Yes,No,Already purchased elsewhere,Negative,NORMAL,0.72,2026-05-17,v1.0
FB003523,BYR000022,PRD000153,Yes,Yes,Yes,No,No,No,"Good match, saved to wishlist",Neutral,NORMAL,0.52,2026-06-02,v1.0
FB003524,BYR000166,PRD000680,Yes,No,Yes,No,No,No,Irrelevant to my search,Neutral,NORMAL,0.58,2026-07-09,v1.0
FB003525,BYR000464,PRD000762,Yes,Yes,Yes,No,No,No,Relevant recommendation,Neutral,NORMAL,0.77,2026-07-23,v1.0
FB003526,BYR000144,PRD002009,Yes,Yes,Yes,Yes,No,No,Great match! ⭐⭐⭐⭐⭐,Positive,NORMAL,0.92,2026-07-20,v1.0
FB003527,BYR000273,PRD000116,Yes,Yes,Yes,No,No,No,Too expensive for my budget,Neutral,NORMAL,1.0,2026-08-01,v1.0
FB003528,BYR000640,PRD001137,Yes,No,No,No,Yes,No,Duplicate of item I already own,Negative,NORMAL,0.69,2026-07-01,v1.0
FB003529,BYR000046,PRD001608,Yes,No,Yes,No,No,No,Irrelevant to my search,Neutral,NEGATIVE,0.81,2026-07-23,v1.0
FB003530,BYR000537,PRD001939,Yes,No,Yes,No,No,No,Not my style,Neutral,NORMAL,0.65,2026-07-30,v1.0
FB003531,BYR000737,PRD001928,Yes,Yes,Yes,No,No,No,Relevant recommendation,Neutral,COLD_START,0.68,2026-08-02,v1.0
FB003532,BYR000790,PRD001391,Yes,No,No,No,Yes,No,Already purchased elsewhere,Negative,EDGE,0.72,2026-07-03,v1.0
FB003533,BYR000503,PRD000399,Yes,No,Yes,No,No,No,Not my style,Neutral,NORMAL,0.97,2026-06-06,v1.0
FB003534,BYR000343,PRD001227,Yes,No,No,No,Yes,No,Duplicate of item I already own,Negative,EDGE,0.72,2026-06-01,v1.0
FB003535,BYR000406,PRD001262,Yes,No,No,No,Yes,No,Not interested,Negative,NORMAL,0.73,2026-07-15,v1.0
FB003536,BYR000009,PRD000641,Yes,Yes,Yes,No,No,No,"Good match, saved to wishlist",Neutral,BOUNDARY,0.63,2026-07-25,v1.0
FB003537,BYR000804,PRD000187,Yes,No,No,No,Yes,No,Duplicate of item I already own,Negative,COLD_START,0.92,2026-07-11,v1.0
FB003538,BYR000553,PRD001927,Yes,No,No,No,Yes,No,Already purchased elsewhere,Negative,NORMAL,0.66,2026-07-17,v1.0
FB003539,BYR000996,PRD002477,Yes,No,Yes,No,No,No,Price too high 😅,Neutral,NORMAL,0.81,2026-05-17,v1.0
FB003540,BYR000181,PRD002096,Yes,No,No,No,Yes,No,Duplicate of item I already own,Negative,BOUNDARY,0.75,2026-07-14,v1.0
FB003541,BYR000015,PRD001939,Yes,No,No,No,Yes,Yes,Already purchased elsewhere,Negative,NORMAL,0.9,2026-07-05,v1.0
FB003542,BYR000446,PRD002463,Yes,No,Yes,No,No,No,Price too high 😅,Neutral,NORMAL,0.57,2026-07-14,v1.0
FB003543,BYR000203,PRD000147,Yes,No,Yes,No,No,No,Price too high 😅,Neutral,NORMAL,0.59,2026-06-18,v1.0
FB003544,BYR000976,PRD001069,Yes,No,No,No,Yes,No,Already purchased elsewhere,Negative,NORMAL,0.76,2026-05-08,v1.0
FB003545,BYR000406,PRD001262,Yes,No,No,No,Yes,No,Already purchased elsewhere,Negative,NORMAL,0.51,2026-05-25,v1.0
FB003546,BYR000262,PRD000473,Yes,Yes,Yes,No,No,No,"Good match, saved to wishlist",Neutral,NORMAL,0.98,2026-06-22,v1.0
FB003547,BYR000727,PRD001514,Yes,No,Yes,No,No,No,Price too high 😅,Neutral,NORMAL,0.93,2026-07-18,v1.0
FB003548,BYR000641,PRD000173,Yes,Yes,Yes,No,No,No,Relevant recommendation,Neutral,NORMAL,0.77,2026-05-10,v1.0
FB003549,BYR000405,PRD000959,Yes,No,Yes,No,No,No,Price too high 😅,Neutral,NORMAL,0.86,2026-05-27,v1.0
FB003550,BYR000083,PRD000529,Yes,Yes,Yes,No,No,No,Relevant recommendation,Neutral,NORMAL,0.68,2026-06-27,v1.0
FB003551,BYR000880,PRD002620,Yes,Yes,Yes,No,No,No,Relevant recommendation,Neutral,RARE,0.56,2026-05-15,v1.0
FB003552,BYR000695,PRD000675,Yes,Yes,Yes,Yes,No,No,Great match! ⭐⭐⭐⭐⭐,Positive,RARE,0.5,2026-06-10,v1.0
FB003553,BYR000445,PRD001905,Yes,Yes,Yes,No,No,No,Too expensive for my budget,Neutral,EDGE,0.95,2026-07-11,v1.0
FB003554,BYR000107,PRD000966,Yes,Yes,Yes,No,No,No,Too expensive for my budget,Neutral,NEGATIVE,0.56,2026-05-20,v1.0
FB003555,BYR000770,PRD001024,Yes,No,Yes,No,No,No,Irrelevant to my search,Neutral,COLD_START,0.91,2026-07-10,v1.0
FB003556,BYR000840,PRD001727,Yes,No,No,No,Yes,No,Already purchased elsewhere,Negative,NORMAL,0.5,2026-07-04,v1.0
FB003557,BYR000111,PRD001745,Yes,No,No,No,Yes,No,Duplicate of item I already own,Negative,NORMAL,0.66,2026-06-13,v1.0
FB003558,BYR000701,PRD002188,Yes,No,No,No,Yes,No,Duplicate of item I already own,Negative,NORMAL,0.87,2026-06-16,v1.0
FB003559,BYR000550,PRD000638,Yes,No,No,No,Yes,No,Not interested,Negative,NORMAL,0.84,2026-05-24,v1.0
FB003560,BYR000543,PRD002045,Yes,No,No,No,Yes,No,Already purchased elsewhere,Negative,COLD_START,0.65,2026-07-21,v1.0
FB003561,BYR000542,PRD001856,Yes,No,Yes,No,No,No,Price too high 😅,Neutral,NORMAL,0.56,2026-07-17,v1.0
FB003562,BYR000267,PRD000563,Yes,No,No,No,Yes,Yes,Duplicate of item I already own,Negative,NORMAL,0.81,2026-05-15,v1.0
FB003563,BYR000493,PRD000464,Yes,No,No,No,Yes,No,Already purchased elsewhere,Negative,NEGATIVE,0.87,2026-07-19,v1.0
FB003564,BYR000419,PRD000230,Yes,No,No,No,Yes,No,Duplicate of item I already own,Negative,NORMAL,0.91,2026-08-06,v1.0
FB003565,BYR000717,PRD001513,Yes,No,No,No,Yes,No,Duplicate of item I already own,Negative,NORMAL,0.96,2026-06-24,v1.0
FB003566,BYR000062,PRD000324,Yes,No,Yes,No,No,No,Price too high 😅,Neutral,NORMAL,0.51,2026-08-02,v1.0
FB003567,BYR000259,PRD000674,Yes,Yes,Yes,Yes,No,No,Great match! ⭐⭐⭐⭐⭐,Positive,NORMAL,0.74,2026-05-09,v1.0
FB003568,BYR000069,PRD002572,Yes,No,No,No,Yes,No,Not interested,Negative,EDGE,0.8,2026-06-01,v1.0
FB003569,BYR000923,PRD001620,Yes,No,No,No,Yes,Yes,Already purchased elsewhere,Negative,NORMAL,0.58,2026-06-19,v1.0
FB003570,BYR000833,PRD001349,Yes,Yes,Yes,Yes,No,No,"Perfect timing, needed this",Positive,NORMAL,0.73,2026-05-11,v1.0
FB003571,BYR000536,PRD000986,Yes,No,No,No,Yes,No,Not interested,Negative,NEGATIVE,0.55,2026-06-24,v1.0
FB003572,BYR000627,PRD000923,Yes,Yes,Yes,No,No,No,Relevant recommendation,Neutral,RARE,0.93,2026-06-10,v1.0
FB003573,BYR000110,PRD002317,Yes,No,No,No,Yes,No,Not interested,Negative,RARE,0.81,2026-07-20,v1.0
FB003574,BYR000053,PRD001163,Yes,No,Yes,No,No,No,Price too high 😅,Neutral,NEGATIVE,0.61,2026-07-07,v1.0
FB003575,BYR000176,PRD002131,Yes,No,Yes,No,No,No,Not my style,Neutral,NORMAL,0.6,2026-06-13,v1.0
FB003576,BYR000414,PRD002611,Yes,Yes,Yes,Yes,No,No,Great match! ⭐⭐⭐⭐⭐,Positive,COLD_START,0.79,2026-07-03,v1.0
FB003577,BYR000687,PRD002706,Yes,Yes,Yes,No,No,No,Relevant recommendation,Neutral,BOUNDARY,0.5,2026-06-10,v1.0
FB003578,BYR000385,PRD001169,Yes,No,Yes,No,No,No,Not my style,Neutral,NORMAL,0.73,2026-07-04,v1.0
FB003579,BYR000094,PRD002613,Yes,No,No,No,Yes,No,Duplicate of item I already own,Negative,EDGE,0.74,2026-05-15,v1.0
FB003580,BYR000359,PRD002508,Yes,No,No,No,Yes,No,Already purchased elsewhere,Negative,NORMAL,0.51,2026-06-28,v1.0
FB003581,BYR000520,PRD001409,Yes,No,Yes,No,No,No,Irrelevant to my search,Neutral,NORMAL,0.96,2026-06-16,v1.0
FB003582,BYR000163,PRD002602,Yes,No,No,No,Yes,No,Not interested,Negative,NORMAL,0.64,2026-06-13,v1.0
FB003583,BYR000675,PRD000970,Yes,Yes,Yes,No,No,No,Too expensive for my budget,Neutral,NORMAL,0.93,2026-05-24,v1.0
FB003584,BYR000912,PRD001418,Yes,No,Yes,No,No,No,Irrelevant to my search,Neutral,NORMAL,0.57,2026-07-28,v1.0
FB003585,BYR000306,PRD000076,Yes,No,Yes,No,No,No,Price too high 😅,Neutral,NORMAL,0.84,2026-05-13,v1.0
FB003586,BYR000917,PRD000516,Yes,No,No,No,Yes,No,Not interested,Negative,NORMAL,0.85,2026-07-19,v1.0
FB003587,BYR000118,PRD001985,Yes,No,Yes,No,No,No,Price too high 😅,Neutral,NORMAL,0.57,2026-06-25,v1.0
FB003588,BYR000559,PRD000917,Yes,No,Yes,No,No,No,Not my style,Neutral,NORMAL,0.53,2026-06-06,v1.0
FB003589,BYR000106,PRD000682,Yes,No,No,No,Yes,No,Not interested,Negative,NORMAL,0.96,2026-05-28,v1.0
FB003590,BYR000818,PRD000949,Yes,No,No,No,Yes,No,Duplicate of item I already own,Negative,NORMAL,0.85,2026-07-11,v1.0
FB003591,BYR000868,PRD000606,Yes,Yes,Yes,No,No,No,"Good match, saved to wishlist",Neutral,EDGE,0.66,2026-05-15,v1.0
FB003592,BYR000224,PRD000362,Yes,No,No,No,Yes,No,Already purchased elsewhere,Negative,NORMAL,0.54,2026-06-20,v1.0
FB003593,BYR000320,PRD001261,Yes,No,Yes,No,No,No,Price too high 😅,Neutral,NORMAL,0.5,2026-06-28,v1.0
FB003594,BYR000286,PRD000475,Yes,Yes,Yes,No,No,No,Too expensive for my budget,Neutral,NORMAL,0.98,2026-07-17,v1.0
FB003595,BYR000912,PRD001034,Yes,No,No,No,Yes,No,Already purchased elsewhere,Negative,NORMAL,0.97,2026-06-16,v1.0
FB003596,BYR000340,PRD001227,Yes,No,Yes,No,No,No,Price too high 😅,Neutral,NORMAL,0.84,2026-05-19,v1.0
FB003597,BYR000369,PRD000288,Yes,Yes,Yes,No,No,No,"Good match, saved to wishlist",Neutral,NORMAL,0.93,2026-07-09,v1.0
FB003598,BYR000312,PRD002043,Yes,No,Yes,No,No,No,Not my style,Neutral,NORMAL,0.81,2026-06-27,v1.0
FB003599,BYR000776,PRD000742,Yes,Yes,Yes,No,No,No,Relevant recommendation,Neutral,NORMAL,1.0,2026-06-21,v1.0
FB003600,BYR000246,PRD002504,Yes,No,No,No,Yes,No,Duplicate of item I already own,Negative,RARE,0.69,2026-07-17,v1.0
FB003601,BYR000279,PRD000922,Yes,No,Yes,No,No,No,Not my style,Neutral,NORMAL,0.99,2026-06-07,v1.0
FB003602,BYR000249,PRD000323,Yes,No,Yes,No,No,No,Irrelevant to my search,Neutral,RARE,0.78,2026-05-12,v1.0
FB003603,BYR000827,PRD001470,Yes,No,No,No,Yes,Yes,Not interested,Negative,NORMAL,0.55,2026-06-25,v1.0
FB003604,BYR000197,PRD002561,Yes,No,No,No,Yes,No,Already purchased elsewhere,Negative,NORMAL,0.65,2026-07-11,v1.0
FB003605,BYR000057,PRD002051,Yes,No,No,No,Yes,No,Already purchased elsewhere,Negative,RARE,0.64,2026-05-24,v1.0
FB003606,BYR000925,PRD000440,Yes,Yes,Yes,Yes,No,No,Great match! ⭐⭐⭐⭐⭐,Positive,NORMAL,0.7,2026-07-09,v1.0
FB003607,BYR000716,PRD001086,Yes,No,No,No,Yes,No,Not interested,Negative,NORMAL,0.79,2026-06-25,v1.0
FB003608,BYR000996,PRD001935,Yes,No,No,No,Yes,No,Duplicate of item I already own,Negative,EDGE,0.54,2026-08-02,v1.0
FB003609,BYR000685,PRD000133,Yes,No,Yes,No,No,No,Not my style,Neutral,NORMAL,0.91,2026-05-24,v1.0
FB003610,BYR000512,PRD000469,Yes,No,No,No,Yes,No,Not interested,Negative,NORMAL,0.79,2026-07-28,v1.0
FB003611,BYR000904,PRD002998,Yes,No,Yes,No,No,No,Irrelevant to my search,Neutral,NORMAL,0.95,2026-08-03,v1.0
FB003612,BYR000593,PRD001898,Yes,No,Yes,No,No,No,Not my style,Neutral,NORMAL,0.64,2026-05-08,v1.0
FB003613,BYR000522,PRD002421,Yes,No,No,No,Yes,No,Duplicate of item I already own,Negative,NORMAL,0.81,2026-06-17,v1.0
FB003614,BYR000194,PRD002674,Yes,Yes,Yes,Yes,No,No,"Perfect timing, needed this",Positive,NORMAL,0.89,2026-05-10,v1.0
FB003615,BYR000880,PRD002473,Yes,No,No,No,Yes,No,Already purchased elsewhere,Negative,NORMAL,0.56,2026-06-17,v1.0
FB003616,BYR000886,PRD000106,Yes,No,No,No,Yes,No,Not interested,Negative,NORMAL,0.75,2026-06-05,v1.0
FB003617,BYR000486,PRD002905,Yes,No,Yes,No,No,No,Not my style,Neutral,NORMAL,0.54,2026-06-18,v1.0
FB003618,BYR000249,PRD002534,Yes,No,No,No,Yes,No,Duplicate of item I already own,Negative,NEGATIVE,0.77,2026-06-20,v1.0
FB003619,BYR000934,PRD001145,Yes,Yes,Yes,No,No,No,Too expensive for my budget,Neutral,NORMAL,0.67,2026-05-15,v1.0
FB003620,BYR000625,PRD001208,Yes,No,No,No,Yes,No,Not interested,Negative,BOUNDARY,0.78,2026-07-26,v1.0
FB003621,BYR000838,PRD001289,Yes,Yes,Yes,No,No,No,Relevant recommendation,Neutral,NORMAL,0.81,2026-05-25,v1.0
FB003622,BYR000781,PRD002317,Yes,Yes,Yes,No,No,No,"Good match, saved to wishlist",Neutral,RARE,0.55,2026-07-13,v1.0
FB003623,BYR000265,PRD000029,Yes,No,No,No,Yes,No,Not interested,Negative,NORMAL,0.9,2026-08-03,v1.0
FB003624,BYR000204,PRD000324,Yes,No,Yes,No,No,No,Price too high 😅,Neutral,EDGE,0.75,2026-07-14,v1.0
FB003625,BYR000822,PRD001845,Yes,No,No,No,Yes,No,Not interested,Negative,EDGE,0.9,2026-07-03,v1.0
FB003626,BYR000180,PRD001174,Yes,No,Yes,No,No,No,Price too high 😅,Neutral,NORMAL,0.85,2026-07-04,v1.0
FB003627,BYR000430,PRD000253,Yes,Yes,Yes,Yes,No,No,Clicked and purchased,Positive,NORMAL,0.74,2026-05-21,v1.0
FB003628,BYR000476,PRD000828,Yes,No,Yes,No,No,No,Price too high 😅,Neutral,NORMAL,0.8,2026-07-17,v1.0
FB003629,BYR000549,PRD001440,Yes,No,Yes,No,No,No,Not my style,Neutral,NORMAL,0.64,2026-07-04,v1.0
FB003630,BYR000430,PRD001242,Yes,Yes,Yes,No,No,No,Too expensive for my budget,Neutral,NORMAL,0.78,2026-05-20,v1.0
FB003631,BYR000227,PRD000845,Yes,No,Yes,No,No,No,Irrelevant to my search,Neutral,NORMAL,0.84,2026-06-01,v1.0
FB003632,BYR000546,PRD000553,Yes,No,Yes,No,No,No,Not my style,Neutral,NEGATIVE,0.74,2026-05-13,v1.0
FB003633,BYR000148,PRD002733,Yes,No,Yes,No,No,No,Price too high 😅,Neutral,BOUNDARY,0.53,2026-06-22,v1.0
FB003634,BYR000243,PRD000869,Yes,Yes,Yes,No,No,No,Relevant recommendation,Neutral,NORMAL,0.59,2026-05-12,v1.0
FB003635,BYR000729,PRD000068,Yes,No,No,No,Yes,Yes,Duplicate of item I already own,Negative,NORMAL,0.73,2026-07-17,v1.0
FB003636,BYR000451,PRD000525,Yes,No,No,No,Yes,Yes,Duplicate of item I already own,Negative,NORMAL,0.78,2026-05-12,v1.0
FB003637,BYR000680,PRD001156,Yes,No,Yes,No,No,No,Not my style,Neutral,NEGATIVE,0.7,2026-05-13,v1.0
FB003638,BYR000350,PRD001539,Yes,Yes,Yes,Yes,No,No,Clicked and purchased,Positive,NORMAL,0.91,2026-05-13,v1.0
FB003639,BYR000831,PRD002082,Yes,Yes,Yes,Yes,No,No,"Perfect timing, needed this",Positive,NORMAL,0.6,2026-08-03,v1.0
FB003640,BYR000413,PRD001958,Yes,No,No,No,Yes,No,Duplicate of item I already own,Negative,NORMAL,0.75,2026-07-07,v1.0
FB003641,BYR000271,PRD001419,Yes,No,Yes,No,No,No,Not my style,Neutral,NORMAL,0.53,2026-06-11,v1.0
FB003642,BYR000972,PRD000107,Yes,Yes,Yes,No,No,No,Relevant recommendation,Neutral,BOUNDARY,0.65,2026-05-09,v1.0
FB003643,BYR000009,PRD002798,Yes,Yes,Yes,No,No,No,Relevant recommendation,Neutral,NORMAL,0.64,2026-07-02,v1.0
FB003644,BYR000912,PRD001155,Yes,Yes,Yes,No,No,No,"Good match, saved to wishlist",Neutral,NORMAL,0.84,2026-05-25,v1.0
FB003645,BYR000415,PRD001240,Yes,No,No,No,Yes,No,Not interested,Negative,NORMAL,0.52,2026-06-22,v1.0
FB003646,BYR000250,PRD000984,Yes,No,No,No,Yes,No,Duplicate of item I already own,Negative,NORMAL,0.99,2026-07-27,v1.0
FB003647,BYR000630,PRD001139,Yes,No,Yes,No,No,No,Irrelevant to my search,Neutral,NORMAL,0.51,2026-05-27,v1.0
FB003648,BYR000275,PRD002690,Yes,No,No,No,Yes,No,Already purchased elsewhere,Negative,NORMAL,0.52,2026-06-14,v1.0
FB003649,BYR000756,PRD001901,Yes,No,No,No,Yes,No,Duplicate of item I already own,Negative,NORMAL,0.77,2026-06-30,v1.0
FB003650,BYR000126,PRD002445,Yes,No,No,No,Yes,No,Duplicate of item I already own,Negative,NORMAL,0.74,2026-06-01,v1.0
FB003651,BYR000045,PRD000685,Yes,No,No,No,Yes,Yes,Duplicate of item I already own,Negative,NORMAL,0.92,2026-08-04,v1.0
FB003652,BYR000990,PRD001187,Yes,Yes,Yes,No,No,No,Relevant recommendation,Neutral,NEGATIVE,0.91,2026-07-22,v1.0
FB003653,BYR000656,PRD000483,Yes,Yes,Yes,No,No,No,Relevant recommendation,Neutral,BOUNDARY,0.79,2026-08-04,v1.0
FB003654,BYR000105,PRD001316,Yes,Yes,Yes,No,No,No,Relevant recommendation,Neutral,NORMAL,0.98,2026-05-19,v1.0
FB003655,BYR000100,PRD001402,Yes,No,Yes,No,No,No,Not my style,Neutral,NORMAL,0.98,2026-08-03,v1.0
FB003656,BYR000871,PRD001540,Yes,No,No,No,Yes,No,Duplicate of item I already own,Negative,NORMAL,0.74,2026-06-30,v1.0
FB003657,BYR000050,PRD002937,Yes,No,Yes,No,No,No,Not my style,Neutral,NORMAL,0.75,2026-08-02,v1.0
FB003658,BYR000206,PRD002936,Yes,Yes,Yes,No,No,No,"Good match, saved to wishlist",Neutral,BOUNDARY,0.75,2026-06-27,v1.0
FB003659,BYR000105,PRD002310,Yes,No,No,No,Yes,No,Not interested,Negative,NORMAL,0.89,2026-07-10,v1.0
FB003660,BYR001000,PRD001191,Yes,No,No,No,Yes,No,Duplicate of item I already own,Negative,EDGE,0.83,2026-06-29,v1.0
FB003661,BYR000976,PRD002389,Yes,No,No,No,Yes,No,Duplicate of item I already own,Negative,NORMAL,0.86,2026-08-01,v1.0
FB003662,BYR000905,PRD000280,Yes,Yes,Yes,No,No,No,"Good match, saved to wishlist",Neutral,NORMAL,0.82,2026-07-30,v1.0
FB003663,BYR000681,PRD000163,Yes,No,No,No,Yes,No,Not interested,Negative,BOUNDARY,0.73,2026-05-21,v1.0
FB003664,BYR000923,PRD001770,Yes,No,No,No,Yes,No,Already purchased elsewhere,Negative,NORMAL,0.94,2026-07-28,v1.0
FB003665,BYR000552,PRD000908,Yes,No,No,No,Yes,No,Already purchased elsewhere,Negative,BOUNDARY,0.9,2026-05-14,v1.0
FB003666,BYR000646,PRD000296,Yes,No,No,No,Yes,Yes,Duplicate of item I already own,Negative,COLD_START,0.71,2026-07-28,v1.0
FB003667,BYR000338,PRD000704,Yes,Yes,Yes,Yes,No,No,"Perfect timing, needed this",Positive,NORMAL,0.75,2026-07-30,v1.0
FB003668,BYR000264,PRD001194,Yes,No,No,No,Yes,No,Duplicate of item I already own,Negative,EDGE,0.7,2026-07-30,v1.0
FB003669,BYR000060,PRD002676,Yes,No,No,No,Yes,No,Duplicate of item I already own,Negative,NORMAL,0.7,2026-06-09,v1.0
FB003670,BYR000818,PRD001226,Yes,No,No,No,Yes,No,Duplicate of item I already own,Negative,NORMAL,0.62,2026-06-09,v1.0
FB003671,BYR000317,PRD001895,Yes,No,Yes,No,No,No,Irrelevant to my search,Neutral,NORMAL,0.73,2026-05-21,v1.0
FB003672,BYR000723,PRD002098,Yes,No,Yes,No,No,No,Price too high 😅,Neutral,NORMAL,0.83,2026-07-21,v1.0
FB003673,BYR000582,PRD001820,Yes,No,No,No,Yes,No,Not interested,Negative,NORMAL,0.51,2026-06-29,v1.0
FB003674,BYR000258,PRD000182,Yes,No,No,No,Yes,No,Duplicate of item I already own,Negative,NORMAL,0.73,2026-06-17,v1.0
FB003675,BYR000580,PRD000032,Yes,No,Yes,No,No,No,Not my style,Neutral,NORMAL,0.84,2026-06-01,v1.0
FB003676,BYR000762,PRD001137,Yes,No,No,No,Yes,No,Duplicate of item I already own,Negative,BOUNDARY,0.66,2026-07-21,v1.0
FB003677,BYR000989,PRD002490,Yes,Yes,Yes,No,No,No,Too expensive for my budget,Neutral,NORMAL,0.51,2026-07-23,v1.0
FB003678,BYR000167,PRD000460,Yes,Yes,Yes,No,No,No,"Good match, saved to wishlist",Neutral,NORMAL,0.66,2026-07-09,v1.0
FB003679,BYR000097,PRD002989,Yes,No,Yes,No,No,No,Irrelevant to my search,Neutral,NORMAL,1.0,2026-07-10,v1.0
FB003680,BYR000281,PRD002726,Yes,No,No,No,Yes,No,Not interested,Negative,NORMAL,0.53,2026-05-31,v1.0
FB003681,BYR000782,PRD001873,Yes,No,Yes,No,No,No,Not my style,Neutral,NORMAL,0.96,2026-07-20,v1.0
FB003682,BYR000365,PRD001442,Yes,Yes,Yes,No,No,No,"Good match, saved to wishlist",Neutral,NORMAL,0.79,2026-07-11,v1.0
FB003683,BYR000713,PRD000220,Yes,No,No,No,Yes,No,Duplicate of item I already own,Negative,NORMAL,0.67,2026-07-31,v1.0
FB003684,BYR000874,PRD001619,Yes,Yes,Yes,No,No,No,Relevant recommendation,Neutral,NORMAL,0.87,2026-05-24,v1.0
FB003685,BYR000513,PRD001122,Yes,No,Yes,No,No,No,Price too high 😅,Neutral,NORMAL,0.9,2026-06-05,v1.0
FB003686,BYR000203,PRD000147,Yes,No,No,No,Yes,No,Already purchased elsewhere,Negative,NORMAL,0.52,2026-05-15,v1.0
FB003687,BYR000530,PRD002700,Yes,No,No,No,Yes,No,Not interested,Negative,NORMAL,0.77,2026-07-20,v1.0
FB003688,BYR000475,PRD001236,Yes,Yes,Yes,No,No,No,Too expensive for my budget,Neutral,NORMAL,0.6,2026-07-18,v1.0
FB003689,BYR000040,PRD001555,Yes,No,Yes,No,No,No,Irrelevant to my search,Neutral,NORMAL,0.58,2026-06-13,v1.0
FB003690,BYR000135,PRD002845,Yes,No,No,No,Yes,No,Not interested,Negative,NORMAL,0.52,2026-08-06,v1.0
FB003691,BYR000015,PRD001939,Yes,No,No,No,Yes,No,Not interested,Negative,NORMAL,0.66,2026-06-25,v1.0
FB003692,BYR000300,PRD002669,Yes,Yes,Yes,No,No,No,"Good match, saved to wishlist",Neutral,NORMAL,0.88,2026-07-13,v1.0
FB003693,BYR000470,PRD000121,Yes,Yes,Yes,No,No,No,Too expensive for my budget,Neutral,NORMAL,0.97,2026-05-30,v1.0
FB003694,BYR000006,PRD001920,Yes,No,No,No,Yes,No,Duplicate of item I already own,Negative,NORMAL,0.91,2026-05-15,v1.0
FB003695,BYR000687,PRD000005,Yes,No,No,No,Yes,No,Not interested,Negative,NORMAL,0.68,2026-07-25,v1.0
FB003696,BYR000402,PRD000597,Yes,Yes,Yes,No,No,No,Too expensive for my budget,Neutral,COLD_START,0.78,2026-05-10,v1.0
FB003697,BYR000109,PRD001250,Yes,No,Yes,No,No,No,Not my style,Neutral,NORMAL,0.8,2026-06-11,v1.0
FB003698,BYR000166,PRD000680,Yes,No,Yes,No,No,No,Not my style,Neutral,NORMAL,1.0,2026-06-16,v1.0
FB003699,BYR000176,PRD002362,Yes,Yes,Yes,No,No,No,"Good match, saved to wishlist",Neutral,NORMAL,0.67,2026-06-24,v1.0
FB003700,BYR000960,PRD002104,Yes,No,No,No,Yes,No,Already purchased elsewhere,Negative,BOUNDARY,0.56,2026-07-04,v1.0
FB003701,BYR000560,PRD000669,Yes,No,No,No,Yes,No,Duplicate of item I already own,Negative,COLD_START,0.65,2026-07-03,v1.0
FB003702,BYR000294,PRD000327,Yes,No,No,No,Yes,Yes,Not interested,Negative,BOUNDARY,0.75,2026-06-04,v1.0
FB003703,BYR000071,PRD002786,Yes,Yes,Yes,No,No,No,"Good match, saved to wishlist",Neutral,NORMAL,0.94,2026-05-11,v1.0
FB003704,BYR000484,PRD002066,Yes,No,No,No,Yes,No,Duplicate of item I already own,Negative,NORMAL,0.71,2026-06-28,v1.0
FB003705,BYR000164,PRD000891,Yes,No,No,No,Yes,Yes,Not interested,Negative,RARE,1.0,2026-05-19,v1.0
FB003706,BYR000100,PRD001132,Yes,No,No,No,Yes,No,Already purchased elsewhere,Negative,EDGE,0.73,2026-06-04,v1.0
FB003707,BYR000814,PRD000049,Yes,No,No,No,Yes,No,Not interested,Negative,NORMAL,1.0,2026-07-15,v1.0
FB003708,BYR000662,PRD001596,Yes,No,No,No,Yes,No,Not interested,Negative,NORMAL,0.84,2026-07-20,v1.0
FB003709,BYR000262,PRD001169,Yes,No,No,No,Yes,No,Not interested,Negative,NORMAL,0.84,2026-06-26,v1.0
FB003710,BYR000358,PRD001976,Yes,Yes,Yes,No,No,No,Relevant recommendation,Neutral,NORMAL,0.76,2026-07-01,v1.0
FB003711,BYR000989,PRD000149,Yes,No,No,No,Yes,No,Not interested,Negative,NORMAL,0.71,2026-08-05,v1.0
FB003712,BYR000109,PRD000875,Yes,No,No,No,Yes,No,Duplicate of item I already own,Negative,NORMAL,0.55,2026-05-21,v1.0
FB003713,BYR000932,PRD002999,Yes,No,No,No,Yes,No,Not interested,Negative,BOUNDARY,0.78,2026-07-25,v1.0
FB003714,BYR000277,PRD002783,Yes,Yes,Yes,No,No,No,"Good match, saved to wishlist",Neutral,NORMAL,0.73,2026-05-28,v1.0
FB003715,BYR000694,PRD001070,Yes,Yes,Yes,No,No,No,Too expensive for my budget,Neutral,NORMAL,0.91,2026-07-06,v1.0
FB003716,BYR000229,PRD001766,Yes,Yes,Yes,Yes,No,No,Great match! ⭐⭐⭐⭐⭐,Positive,NORMAL,0.79,2026-08-05,v1.0
FB003717,BYR001000,PRD002153,Yes,No,No,No,Yes,No,Duplicate of item I already own,Negative,EDGE,0.53,2026-07-16,v1.0
FB003718,BYR000812,PRD000916,Yes,No,No,No,Yes,Yes,Not interested,Negative,NORMAL,0.7,2026-05-11,v1.0
FB003719,BYR000859,PRD001653,Yes,No,No,No,Yes,Yes,Not interested,Negative,RARE,0.66,2026-06-08,v1.0
FB003720,BYR000307,PRD002381,Yes,Yes,Yes,No,No,No,Relevant recommendation,Neutral,NORMAL,0.51,2026-05-09,v1.0
FB003721,BYR000264,PRD002818,Yes,No,No,No,Yes,No,Already purchased elsewhere,Negative,NORMAL,0.6,2026-07-02,v1.0
FB003722,BYR000557,PRD002153,Yes,No,No,No,Yes,No,Not interested,Negative,NORMAL,0.92,2026-06-06,v1.0
FB003723,BYR000011,PRD000343,Yes,Yes,Yes,No,No,No,Relevant recommendation,Neutral,EDGE,0.74,2026-06-02,v1.0
FB003724,BYR000670,PRD000017,Yes,No,Yes,No,No,No,Not my style,Neutral,NORMAL,0.69,2026-06-02,v1.0
FB003725,BYR000715,PRD000563,Yes,Yes,Yes,Yes,No,No,Great match! ⭐⭐⭐⭐⭐,Positive,NORMAL,0.73,2026-06-18,v1.0
FB003726,BYR000807,PRD002010,Yes,No,No,No,Yes,No,Duplicate of item I already own,Negative,NORMAL,0.75,2026-05-17,v1.0
FB003727,BYR000605,PRD001167,Yes,No,Yes,No,No,No,Price too high 😅,Neutral,BOUNDARY,0.72,2026-05-27,v1.0
FB003728,BYR000711,PRD001938,Yes,No,Yes,No,No,No,Not my style,Neutral,NORMAL,0.98,2026-08-01,v1.0
FB003729,BYR000952,PRD001145,Yes,No,Yes,No,No,No,Not my style,Neutral,NORMAL,0.76,2026-06-17,v1.0
FB003730,BYR000915,PRD002244,Yes,Yes,Yes,Yes,No,No,Clicked and purchased,Positive,NEGATIVE,0.83,2026-06-19,v1.0
FB003731,BYR000858,PRD000925,Yes,No,No,No,Yes,No,Already purchased elsewhere,Negative,NORMAL,0.53,2026-07-31,v1.0
FB003732,BYR000154,PRD002526,Yes,No,No,No,Yes,No,Already purchased elsewhere,Negative,NORMAL,0.57,2026-08-05,v1.0
FB003733,BYR000812,PRD002482,Yes,Yes,Yes,No,No,No,"Good match, saved to wishlist",Neutral,NORMAL,0.87,2026-05-25,v1.0
FB003734,BYR000276,PRD000679,Yes,Yes,Yes,No,No,No,"Good match, saved to wishlist",Neutral,NORMAL,0.76,2026-07-28,v1.0
FB003735,BYR000486,PRD000101,Yes,Yes,Yes,No,No,No,Too expensive for my budget,Neutral,NORMAL,0.95,2026-08-01,v1.0
FB003736,BYR000486,PRD002606,Yes,No,Yes,No,No,No,Irrelevant to my search,Neutral,NORMAL,0.77,2026-06-28,v1.0
FB003737,BYR000009,PRD001555,Yes,Yes,Yes,No,No,No,"Good match, saved to wishlist",Neutral,NORMAL,0.99,2026-07-01,v1.0
FB003738,BYR000147,PRD001454,Yes,No,Yes,No,No,No,Irrelevant to my search,Neutral,COLD_START,0.95,2026-07-15,v1.0
FB003739,BYR000465,PRD002212,Yes,No,Yes,No,No,No,Not my style,Neutral,EDGE,0.93,2026-06-13,v1.0
FB003740,BYR000089,PRD001035,Yes,No,No,No,Yes,No,Already purchased elsewhere,Negative,NORMAL,0.53,2026-06-14,v1.0
FB003741,BYR000062,PRD000324,Yes,No,No,No,Yes,No,Already purchased elsewhere,Negative,NORMAL,0.93,2026-08-02,v1.0
FB003742,BYR000237,PRD001592,Yes,No,No,No,Yes,No,Already purchased elsewhere,Negative,NORMAL,0.85,2026-07-13,v1.0
FB003743,BYR000879,PRD000277,Yes,Yes,Yes,No,No,No,Relevant recommendation,Neutral,NORMAL,0.86,2026-06-18,v1.0
FB003744,BYR000559,PRD000519,Yes,No,No,No,Yes,No,Already purchased elsewhere,Negative,NORMAL,0.81,2026-06-26,v1.0
FB003745,BYR000250,PRD001371,Yes,No,No,No,Yes,No,Duplicate of item I already own,Negative,NORMAL,0.9,2026-05-13,v1.0
FB003746,BYR000106,PRD000515,Yes,Yes,Yes,No,No,No,Too expensive for my budget,Neutral,NORMAL,0.58,2026-06-03,v1.0
FB003747,BYR000910,PRD002881,Yes,No,Yes,No,No,No,Price too high 😅,Neutral,NORMAL,0.64,2026-07-30,v1.0
FB003748,BYR000089,PRD001528,Yes,No,No,No,Yes,No,Not interested,Negative,NEGATIVE,0.63,2026-06-11,v1.0
FB003749,BYR000866,PRD002437,Yes,No,No,No,Yes,No,Not interested,Negative,NORMAL,0.89,2026-07-30,v1.0
FB003750,BYR000507,PRD000015,Yes,No,Yes,No,No,No,Not my style,Neutral,NORMAL,0.92,2026-06-20,v1.0
FB003751,BYR000224,PRD000497,Yes,No,No,No,Yes,No,Not interested,Negative,RARE,0.55,2026-05-29,v1.0
FB003752,BYR000151,PRD001436,Yes,No,Yes,No,No,No,Not my style,Neutral,NORMAL,0.95,2026-07-25,v1.0
FB003753,BYR000005,PRD002172,Yes,No,No,No,Yes,No,Duplicate of item I already own,Negative,NORMAL,0.95,2026-05-29,v1.0
FB003754,BYR000227,PRD000845,Yes,Yes,Yes,No,No,No,"Good match, saved to wishlist",Neutral,NORMAL,0.8,2026-06-30,v1.0
FB003755,BYR000247,PRD000252,Yes,Yes,Yes,No,No,No,Relevant recommendation,Neutral,NORMAL,0.69,2026-07-11,v1.0
FB003756,BYR000630,PRD000813,Yes,No,Yes,No,No,No,Price too high 😅,Neutral,NORMAL,0.57,2026-06-28,v1.0
FB003757,BYR000442,PRD002768,Yes,Yes,Yes,No,No,No,Too expensive for my budget,Neutral,NORMAL,0.69,2026-05-30,v1.0
FB003758,BYR000155,PRD001368,Yes,No,No,No,Yes,No,Already purchased elsewhere,Negative,NORMAL,0.87,2026-08-05,v1.0
FB003759,BYR000869,PRD001887,Yes,Yes,Yes,No,No,No,Too expensive for my budget,Neutral,NORMAL,0.87,2026-05-18,v1.0
FB003760,BYR000130,PRD002230,Yes,Yes,Yes,No,No,No,"Good match, saved to wishlist",Neutral,NORMAL,0.65,2026-08-01,v1.0
FB003761,BYR000224,PRD000236,Yes,No,Yes,No,No,No,Irrelevant to my search,Neutral,NORMAL,0.51,2026-05-11,v1.0
FB003762,BYR000061,PRD000478,Yes,No,No,No,Yes,No,Duplicate of item I already own,Negative,COLD_START,0.78,2026-05-29,v1.0
FB003763,BYR000197,PRD001995,Yes,Yes,Yes,No,No,No,"Good match, saved to wishlist",Neutral,NORMAL,0.61,2026-07-08,v1.0
FB003764,BYR000416,PRD000916,Yes,Yes,Yes,Yes,No,No,"Perfect timing, needed this",Positive,NORMAL,0.84,2026-06-24,v1.0
FB003765,BYR000610,PRD001373,Yes,No,No,No,Yes,No,Duplicate of item I already own,Negative,NEGATIVE,0.96,2026-06-27,v1.0
FB003766,BYR000652,PRD001827,Yes,No,No,No,Yes,No,Duplicate of item I already own,Negative,EDGE,0.68,2026-07-30,v1.0
FB003767,BYR000895,PRD002662,Yes,Yes,Yes,No,No,No,Too expensive for my budget,Neutral,NORMAL,0.5,2026-07-11,v1.0
FB003768,BYR000823,PRD000959,Yes,Yes,Yes,No,No,No,Too expensive for my budget,Neutral,RARE,0.95,2026-05-30,v1.0
FB003769,BYR000468,PRD001241,Yes,No,No,No,Yes,No,Not interested,Negative,BOUNDARY,0.56,2026-06-20,v1.0
FB003770,BYR000878,PRD000790,Yes,No,Yes,No,No,No,Price too high 😅,Neutral,NORMAL,0.58,2026-06-02,v1.0
FB003771,BYR000352,PRD001193,Yes,No,No,No,Yes,No,Duplicate of item I already own,Negative,RARE,0.57,2026-07-17,v1.0
FB003772,BYR000465,PRD002212,Yes,Yes,Yes,No,No,No,"Good match, saved to wishlist",Neutral,EDGE,0.69,2026-06-05,v1.0
FB003773,BYR000556,PRD002823,Yes,No,Yes,No,No,No,Not my style,Neutral,BOUNDARY,0.77,2026-06-18,v1.0
FB003774,BYR000957,PRD001839,Yes,Yes,Yes,Yes,No,No,"Perfect timing, needed this",Positive,NORMAL,0.84,2026-05-13,v1.0
FB003775,BYR000167,PRD000277,Yes,No,Yes,No,No,No,Not my style,Neutral,NORMAL,0.93,2026-07-18,v1.0
FB003776,BYR000156,PRD000939,Yes,No,Yes,No,No,No,Irrelevant to my search,Neutral,BOUNDARY,0.92,2026-06-08,v1.0
FB003777,BYR000726,PRD002019,Yes,Yes,Yes,Yes,No,No,Clicked and purchased,Positive,NORMAL,0.92,2026-05-14,v1.0
FB003778,BYR000732,PRD000014,Yes,Yes,Yes,No,No,No,Too expensive for my budget,Neutral,NEGATIVE,0.83,2026-06-30,v1.0
FB003779,BYR000380,PRD002853,Yes,No,No,No,Yes,No,Already purchased elsewhere,Negative,BOUNDARY,0.55,2026-05-09,v1.0
FB003780,BYR000398,PRD002071,Yes,Yes,Yes,Yes,No,No,Clicked and purchased,Positive,NEGATIVE,0.66,2026-06-08,v1.0
FB003781,BYR000555,PRD002240,Yes,No,No,No,Yes,No,Already purchased elsewhere,Negative,NORMAL,0.81,2026-06-12,v1.0
FB003782,BYR000961,PRD000115,Yes,Yes,Yes,No,No,No,Relevant recommendation,Neutral,NORMAL,0.54,2026-06-07,v1.0
FB003783,BYR000976,PRD000279,Yes,No,No,No,Yes,No,Already purchased elsewhere,Negative,NORMAL,0.59,2026-07-05,v1.0
FB003784,BYR000602,PRD002875,Yes,No,Yes,No,No,No,Price too high 😅,Neutral,RARE,0.99,2026-06-06,v1.0
FB003785,BYR000880,PRD002620,Yes,No,No,No,Yes,No,Already purchased elsewhere,Negative,RARE,0.81,2026-07-26,v1.0
FB003786,BYR000994,PRD002382,Yes,No,No,No,Yes,Yes,Duplicate of item I already own,Negative,NORMAL,0.98,2026-07-24,v1.0
FB003787,BYR000760,PRD001769,Yes,No,No,No,Yes,No,Duplicate of item I already own,Negative,NEGATIVE,0.58,2026-06-12,v1.0
FB003788,BYR000764,PRD000355,Yes,No,No,No,Yes,No,Duplicate of item I already own,Negative,NORMAL,0.6,2026-05-15,v1.0
FB003789,BYR000821,PRD002731,Yes,No,Yes,No,No,No,Price too high 😅,Neutral,NORMAL,0.5,2026-07-17,v1.0
FB003790,BYR000100,PRD002726,Yes,No,No,No,Yes,No,Already purchased elsewhere,Negative,NORMAL,0.57,2026-06-29,v1.0
FB003791,BYR000293,PRD000039,Yes,No,No,No,Yes,Yes,Already purchased elsewhere,Negative,BOUNDARY,0.71,2026-07-11,v1.0
FB003792,BYR000097,PRD000035,Yes,No,Yes,No,No,No,Not my style,Neutral,NEGATIVE,0.64,2026-06-25,v1.0
FB003793,BYR000539,PRD000253,Yes,No,No,No,Yes,No,Duplicate of item I already own,Negative,NORMAL,0.65,2026-06-08,v1.0
FB003794,BYR000918,PRD001399,Yes,No,No,No,Yes,No,Duplicate of item I already own,Negative,EDGE,0.55,2026-08-04,v1.0
FB003795,BYR000318,PRD002249,Yes,No,No,No,Yes,No,Not interested,Negative,NORMAL,0.54,2026-06-14,v1.0
FB003796,BYR000265,PRD002113,Yes,No,Yes,No,No,No,Price too high 😅,Neutral,COLD_START,0.64,2026-07-23,v1.0
FB003797,BYR000446,PRD000113,Yes,No,Yes,No,No,No,Irrelevant to my search,Neutral,NORMAL,0.52,2026-08-05,v1.0
FB003798,BYR000820,PRD000996,Yes,Yes,Yes,No,No,No,Relevant recommendation,Neutral,NORMAL,0.62,2026-06-27,v1.0
FB003799,BYR000947,PRD000926,Yes,No,No,No,Yes,No,Duplicate of item I already own,Negative,NEGATIVE,0.71,2026-07-03,v1.0
FB003800,BYR000202,PRD002917,Yes,No,No,No,Yes,No,Not interested,Negative,NORMAL,0.68,2026-06-20,v1.0
FB003801,BYR000236,PRD001570,Yes,Yes,Yes,No,No,No,Relevant recommendation,Neutral,EDGE,0.99,2026-07-18,v1.0
FB003802,BYR000714,PRD001762,Yes,No,No,No,Yes,No,Already purchased elsewhere,Negative,NORMAL,0.79,2026-06-10,v1.0
FB003803,BYR000888,PRD000567,Yes,No,Yes,No,No,No,Price too high 😅,Neutral,BOUNDARY,0.8,2026-05-30,v1.0
FB003804,BYR000086,PRD002974,Yes,No,Yes,No,No,No,Not my style,Neutral,NORMAL,0.78,2026-07-10,v1.0
FB003805,BYR000529,PRD002440,Yes,No,No,No,Yes,No,Not interested,Negative,NORMAL,0.7,2026-06-21,v1.0
FB003806,BYR000534,PRD000529,Yes,No,Yes,No,No,No,Price too high 😅,Neutral,NORMAL,0.88,2026-07-29,v1.0
FB003807,BYR000277,PRD001373,Yes,No,No,No,Yes,No,Duplicate of item I already own,Negative,NEGATIVE,0.83,2026-07-27,v1.0
FB003808,BYR000040,PRD000440,Yes,No,Yes,No,No,No,Not my style,Neutral,NORMAL,0.87,2026-08-06,v1.0
FB003809,BYR000941,PRD002750,Yes,No,Yes,No,No,No,Irrelevant to my search,Neutral,NORMAL,0.74,2026-06-12,v1.0
FB003810,BYR000248,PRD002301,Yes,Yes,Yes,No,No,No,Too expensive for my budget,Neutral,NORMAL,0.7,2026-07-31,v1.0
FB003811,BYR000282,PRD001046,Yes,No,Yes,No,No,No,Not my style,Neutral,NORMAL,0.67,2026-05-14,v1.0
FB003812,BYR000600,PRD000381,Yes,No,No,No,Yes,No,Not interested,Negative,NORMAL,0.61,2026-05-09,v1.0
FB003813,BYR000201,PRD001201,Yes,No,Yes,No,No,No,Irrelevant to my search,Neutral,NORMAL,0.64,2026-07-27,v1.0
FB003814,BYR000861,PRD000571,Yes,No,No,No,Yes,Yes,Already purchased elsewhere,Negative,COLD_START,0.55,2026-07-09,v1.0
FB003815,BYR000142,PRD002338,Yes,No,Yes,No,No,No,Irrelevant to my search,Neutral,NORMAL,0.85,2026-05-08,v1.0
FB003816,BYR000633,PRD001524,Yes,No,Yes,No,No,No,Not my style,Neutral,NORMAL,0.61,2026-06-24,v1.0
FB003817,BYR000901,PRD000605,Yes,No,No,No,Yes,No,Duplicate of item I already own,Negative,RARE,0.81,2026-06-07,v1.0
FB003818,BYR000745,PRD002735,Yes,No,Yes,No,No,No,Irrelevant to my search,Neutral,NORMAL,0.88,2026-08-01,v1.0
FB003819,BYR000129,PRD002820,Yes,No,Yes,No,No,No,Not my style,Neutral,NORMAL,0.81,2026-06-03,v1.0
FB003820,BYR000296,PRD002548,Yes,Yes,Yes,No,No,No,Too expensive for my budget,Neutral,EDGE,0.99,2026-06-18,v1.0
FB003821,BYR000156,PRD001389,Yes,No,No,No,Yes,No,Not interested,Negative,NORMAL,0.68,2026-06-23,v1.0
FB003822,BYR000603,PRD000658,Yes,No,Yes,No,No,No,Price too high 😅,Neutral,NORMAL,0.55,2026-07-27,v1.0
FB003823,BYR000958,PRD002250,Yes,No,No,No,Yes,No,Duplicate of item I already own,Negative,NORMAL,0.52,2026-06-12,v1.0
FB003824,BYR000544,PRD002453,Yes,Yes,Yes,No,No,No,Too expensive for my budget,Neutral,NORMAL,0.9,2026-07-09,v1.0
FB003825,BYR000354,PRD001995,Yes,No,No,No,Yes,No,Not interested,Negative,NORMAL,0.89,2026-05-19,v1.0
FB003826,BYR000952,PRD001685,Yes,No,No,No,Yes,No,Already purchased elsewhere,Negative,EDGE,0.67,2026-07-27,v1.0
FB003827,BYR000445,PRD000522,Yes,No,No,No,Yes,No,Duplicate of item I already own,Negative,NORMAL,0.61,2026-07-17,v1.0
FB003828,BYR000408,PRD002856,Yes,No,No,No,Yes,No,Already purchased elsewhere,Negative,NORMAL,0.71,2026-06-04,v1.0
FB003829,BYR000916,PRD001793,Yes,No,No,No,Yes,Yes,Duplicate of item I already own,Negative,NEGATIVE,0.53,2026-07-11,v1.0
FB003830,BYR000385,PRD000947,Yes,No,Yes,No,No,No,Irrelevant to my search,Neutral,NORMAL,0.7,2026-06-18,v1.0
FB003831,BYR000943,PRD002321,Yes,No,Yes,No,No,No,Irrelevant to my search,Neutral,NORMAL,0.81,2026-07-02,v1.0
FB003832,BYR000739,PRD000310,Yes,No,Yes,No,No,No,Not my style,Neutral,NORMAL,0.61,2026-06-29,v1.0
FB003833,BYR000812,PRD000641,Yes,No,Yes,No,No,No,Irrelevant to my search,Neutral,NORMAL,0.58,2026-06-03,v1.0
FB003834,BYR000859,PRD001492,Yes,No,No,No,Yes,No,Duplicate of item I already own,Negative,NEGATIVE,0.58,2026-06-07,v1.0
FB003835,BYR000939,PRD000868,Yes,Yes,Yes,Yes,No,No,Clicked and purchased,Positive,BOUNDARY,0.52,2026-07-11,v1.0
FB003836,BYR000306,PRD000076,Yes,No,No,No,Yes,Yes,Not interested,Negative,NORMAL,0.98,2026-07-23,v1.0
FB003837,BYR000953,PRD002928,Yes,No,Yes,No,No,No,Not my style,Neutral,NORMAL,0.56,2026-06-26,v1.0
FB003838,BYR000056,PRD000357,Yes,No,No,No,Yes,Yes,Already purchased elsewhere,Negative,NORMAL,0.81,2026-05-18,v1.0
FB003839,BYR000284,PRD001180,Yes,Yes,Yes,No,No,No,Relevant recommendation,Neutral,NORMAL,0.7,2026-06-04,v1.0
FB003840,BYR000798,PRD002889,Yes,No,Yes,No,No,No,Irrelevant to my search,Neutral,NORMAL,0.66,2026-07-23,v1.0
FB003841,BYR000230,PRD002620,Yes,No,No,No,Yes,No,Already purchased elsewhere,Negative,NORMAL,0.75,2026-05-29,v1.0
FB003842,BYR000879,PRD000851,Yes,No,No,No,Yes,No,Already purchased elsewhere,Negative,NORMAL,0.67,2026-05-25,v1.0
FB003843,BYR000449,PRD000108,Yes,No,Yes,No,No,No,Not my style,Neutral,BOUNDARY,0.87,2026-05-14,v1.0
FB003844,BYR000211,PRD002374,Yes,No,Yes,No,No,No,Irrelevant to my search,Neutral,NORMAL,0.67,2026-06-25,v1.0
FB003845,BYR000434,PRD000696,Yes,No,No,No,Yes,No,Already purchased elsewhere,Negative,NEGATIVE,0.54,2026-07-31,v1.0
FB003846,BYR000537,PRD002751,Yes,Yes,Yes,No,No,No,Too expensive for my budget,Neutral,COLD_START,0.98,2026-08-01,v1.0
FB003847,BYR000167,PRD000277,Yes,No,No,No,Yes,No,Already purchased elsewhere,Negative,NORMAL,0.58,2026-05-25,v1.0
FB003848,BYR000279,PRD001476,Yes,No,Yes,No,No,No,Irrelevant to my search,Neutral,NORMAL,0.67,2026-06-17,v1.0
FB003849,BYR000028,PRD000720,Yes,No,Yes,No,No,No,Not my style,Neutral,NORMAL,0.77,2026-05-16,v1.0
FB003850,BYR000935,PRD001253,Yes,No,No,No,Yes,No,Already purchased elsewhere,Negative,EDGE,0.79,2026-05-19,v1.0
FB003851,BYR000265,PRD000470,Yes,No,No,No,Yes,No,Duplicate of item I already own,Negative,NORMAL,0.67,2026-07-15,v1.0
FB003852,BYR000531,PRD000439,Yes,Yes,Yes,No,No,No,Too expensive for my budget,Neutral,BOUNDARY,0.94,2026-07-11,v1.0
FB003853,BYR000767,PRD001565,Yes,No,Yes,No,No,No,Not my style,Neutral,NORMAL,0.67,2026-07-29,v1.0
FB003854,BYR000300,PRD002715,Yes,No,Yes,No,No,No,Not my style,Neutral,NORMAL,0.62,2026-07-20,v1.0
FB003855,BYR000727,PRD000890,Yes,No,No,No,Yes,No,Not interested,Negative,NORMAL,0.52,2026-07-10,v1.0
FB003856,BYR000451,PRD000525,Yes,No,Yes,No,No,No,Price too high 😅,Neutral,NORMAL,0.52,2026-06-17,v1.0
FB003857,BYR000332,PRD001168,Yes,No,Yes,No,No,No,Not my style,Neutral,NORMAL,0.99,2026-07-15,v1.0
FB003858,BYR000910,PRD000982,Yes,Yes,Yes,No,No,No,"Good match, saved to wishlist",Neutral,NORMAL,0.91,2026-06-29,v1.0
FB003859,BYR000552,PRD002803,Yes,No,No,No,Yes,No,Already purchased elsewhere,Negative,NORMAL,0.81,2026-07-16,v1.0
FB003860,BYR000065,PRD001004,Yes,No,Yes,No,No,No,Price too high 😅,Neutral,NORMAL,0.63,2026-07-24,v1.0
FB003861,BYR000383,PRD000404,Yes,Yes,Yes,No,No,No,Too expensive for my budget,Neutral,NORMAL,0.77,2026-06-09,v1.0
FB003862,BYR000885,PRD000095,Yes,Yes,Yes,No,No,No,Relevant recommendation,Neutral,NORMAL,0.68,2026-05-08,v1.0
FB003863,BYR000925,PRD002667,Yes,Yes,Yes,No,No,No,Relevant recommendation,Neutral,NORMAL,0.68,2026-07-06,v1.0
FB003864,BYR000737,PRD002618,Yes,Yes,Yes,No,No,No,Too expensive for my budget,Neutral,BOUNDARY,0.7,2026-05-20,v1.0
FB003865,BYR000521,PRD002853,Yes,No,No,No,Yes,No,Duplicate of item I already own,Negative,NORMAL,0.99,2026-07-05,v1.0
FB003866,BYR000537,PRD000919,Yes,Yes,Yes,No,No,No,"Good match, saved to wishlist",Neutral,NORMAL,0.61,2026-05-27,v1.0
FB003867,BYR000765,PRD001500,Yes,Yes,Yes,No,No,No,Relevant recommendation,Neutral,NORMAL,0.89,2026-07-20,v1.0
FB003868,BYR000362,PRD000536,Yes,Yes,Yes,No,No,No,"Good match, saved to wishlist",Neutral,NORMAL,0.72,2026-06-03,v1.0
FB003869,BYR000768,PRD001891,Yes,No,No,No,Yes,No,Already purchased elsewhere,Negative,NORMAL,0.68,2026-05-12,v1.0
FB003870,BYR000814,PRD002275,Yes,Yes,Yes,No,No,No,Too expensive for my budget,Neutral,NORMAL,0.98,2026-07-27,v1.0
FB003871,BYR000155,PRD001287,Yes,Yes,Yes,No,No,No,"Good match, saved to wishlist",Neutral,NORMAL,0.82,2026-06-20,v1.0
FB003872,BYR000505,PRD001570,Yes,No,No,No,Yes,No,Duplicate of item I already own,Negative,EDGE,0.58,2026-06-12,v1.0
FB003873,BYR000825,PRD002592,Yes,No,No,No,Yes,Yes,Already purchased elsewhere,Negative,NORMAL,0.72,2026-08-04,v1.0
FB003874,BYR000397,PRD000213,Yes,No,No,No,Yes,No,Not interested,Negative,NORMAL,0.8,2026-07-06,v1.0
FB003875,BYR000031,PRD001700,Yes,Yes,Yes,Yes,No,No,Great match! ⭐⭐⭐⭐⭐,Positive,NORMAL,0.89,2026-05-27,v1.0
FB003876,BYR000735,PRD001568,Yes,Yes,Yes,No,No,No,Too expensive for my budget,Neutral,NORMAL,0.88,2026-05-16,v1.0
FB003877,BYR000447,PRD002855,Yes,No,No,No,Yes,No,Not interested,Negative,EDGE,0.91,2026-05-22,v1.0
FB003878,BYR000973,PRD002128,Yes,No,Yes,No,No,No,Irrelevant to my search,Neutral,NORMAL,0.81,2026-07-10,v1.0
FB003879,BYR000875,PRD000776,Yes,No,Yes,No,No,No,Irrelevant to my search,Neutral,NORMAL,0.92,2026-07-03,v1.0
FB003880,BYR000083,PRD002246,Yes,No,Yes,No,No,No,Price too high 😅,Neutral,COLD_START,0.65,2026-07-22,v1.0
FB003881,BYR000663,PRD000330,Yes,No,No,No,Yes,No,Duplicate of item I already own,Negative,NORMAL,0.61,2026-05-10,v1.0
FB003882,BYR000260,PRD000136,Yes,No,No,No,Yes,No,Already purchased elsewhere,Negative,NORMAL,0.6,2026-08-01,v1.0
FB003883,BYR000813,PRD002930,Yes,No,No,No,Yes,No,Already purchased elsewhere,Negative,NORMAL,0.85,2026-06-15,v1.0
FB003884,BYR000387,PRD000414,Yes,No,No,No,Yes,No,Duplicate of item I already own,Negative,NORMAL,0.93,2026-06-02,v1.0
FB003885,BYR000783,PRD001265,Yes,No,No,No,Yes,No,Not interested,Negative,NORMAL,0.85,2026-05-29,v1.0
FB003886,BYR000196,PRD002073,Yes,No,No,No,Yes,No,Already purchased elsewhere,Negative,NORMAL,0.54,2026-06-03,v1.0
FB003887,BYR000933,PRD002745,Yes,No,No,No,Yes,No,Duplicate of item I already own,Negative,NORMAL,0.7,2026-07-11,v1.0
FB003888,BYR000746,PRD001367,Yes,Yes,Yes,No,No,No,"Good match, saved to wishlist",Neutral,NORMAL,0.5,2026-05-10,v1.0
FB003889,BYR000791,PRD001682,Yes,No,No,No,Yes,Yes,Duplicate of item I already own,Negative,NEGATIVE,0.84,2026-05-28,v1.0
FB003890,BYR000058,PRD000221,Yes,No,No,No,Yes,Yes,Duplicate of item I already own,Negative,NORMAL,0.51,2026-07-25,v1.0
FB003891,BYR000358,PRD002549,Yes,No,Yes,No,No,No,Price too high 😅,Neutral,NORMAL,0.95,2026-06-29,v1.0
FB003892,BYR000471,PRD002005,Yes,Yes,Yes,No,No,No,Too expensive for my budget,Neutral,NORMAL,0.85,2026-06-02,v1.0
FB003893,BYR000326,PRD001587,Yes,Yes,Yes,Yes,No,No,Clicked and purchased,Positive,BOUNDARY,0.98,2026-06-25,v1.0
FB003894,BYR000479,PRD000778,Yes,Yes,Yes,Yes,No,No,"Perfect timing, needed this",Positive,NORMAL,0.73,2026-07-20,v1.0
FB003895,BYR000376,PRD002416,Yes,No,No,No,Yes,Yes,Not interested,Negative,NORMAL,0.74,2026-06-22,v1.0
FB003896,BYR000902,PRD002987,Yes,No,Yes,No,No,No,Irrelevant to my search,Neutral,NORMAL,0.82,2026-05-30,v1.0
FB003897,BYR000544,PRD000729,Yes,No,No,No,Yes,No,Duplicate of item I already own,Negative,NORMAL,0.7,2026-07-29,v1.0
FB003898,BYR000014,PRD002425,Yes,Yes,Yes,Yes,No,No,Great match! ⭐⭐⭐⭐⭐,Positive,NORMAL,0.88,2026-07-24,v1.0
FB003899,BYR000571,PRD001256,Yes,No,No,No,Yes,No,Duplicate of item I already own,Negative,BOUNDARY,0.57,2026-07-10,v1.0
FB003900,BYR000164,PRD000629,Yes,Yes,Yes,No,No,No,Relevant recommendation,Neutral,NORMAL,0.81,2026-07-27,v1.0
FB003901,BYR000824,PRD001101,Yes,No,No,No,Yes,No,Already purchased elsewhere,Negative,NORMAL,0.63,2026-07-05,v1.0
FB003902,BYR000971,PRD001045,Yes,No,No,No,Yes,No,Duplicate of item I already own,Negative,EDGE,0.51,2026-05-27,v1.0
FB003903,BYR000499,PRD001654,Yes,No,Yes,No,No,No,Price too high 😅,Neutral,NORMAL,0.85,2026-08-01,v1.0
FB003904,BYR000316,PRD000175,Yes,No,No,No,Yes,No,Already purchased elsewhere,Negative,NORMAL,0.69,2026-06-01,v1.0
FB003905,BYR000366,PRD000617,Yes,Yes,Yes,No,No,No,Too expensive for my budget,Neutral,NORMAL,0.96,2026-06-20,v1.0
FB003906,BYR000843,PRD001645,Yes,No,No,No,Yes,No,Duplicate of item I already own,Negative,BOUNDARY,0.52,2026-07-27,v1.0
FB003907,BYR000640,PRD000516,Yes,No,Yes,No,No,No,Irrelevant to my search,Neutral,NORMAL,0.67,2026-07-21,v1.0
FB003908,BYR000066,PRD002638,Yes,No,No,No,Yes,No,Already purchased elsewhere,Negative,NORMAL,0.69,2026-08-02,v1.0
FB003909,BYR000862,PRD002561,Yes,No,Yes,No,No,No,Not my style,Neutral,NORMAL,0.72,2026-07-02,v1.0
FB003910,BYR000313,PRD001045,Yes,No,Yes,No,No,No,Price too high 😅,Neutral,NORMAL,0.91,2026-05-18,v1.0
FB003911,BYR000551,PRD001366,Yes,No,No,No,Yes,No,Duplicate of item I already own,Negative,EDGE,0.94,2026-07-16,v1.0
FB003912,BYR000552,PRD000085,Yes,Yes,Yes,No,No,No,"Good match, saved to wishlist",Neutral,NORMAL,0.96,2026-05-09,v1.0
FB003913,BYR000194,PRD000774,Yes,No,No,No,Yes,No,Not interested,Negative,NORMAL,0.95,2026-07-17,v1.0
FB003914,BYR000666,PRD001657,Yes,No,No,No,Yes,Yes,Not interested,Negative,NORMAL,0.61,2026-06-17,v1.0
FB003915,BYR000027,PRD000561,Yes,Yes,Yes,No,No,No,"Good match, saved to wishlist",Neutral,NORMAL,0.94,2026-07-09,v1.0
FB003916,BYR000915,PRD002011,Yes,No,Yes,No,No,No,Irrelevant to my search,Neutral,NORMAL,0.98,2026-05-27,v1.0
FB003917,BYR000371,PRD002797,Yes,No,No,No,Yes,No,Duplicate of item I already own,Negative,NORMAL,1.0,2026-05-09,v1.0
FB003918,BYR000344,PRD000929,Yes,No,No,No,Yes,Yes,Already purchased elsewhere,Negative,NORMAL,0.8,2026-07-11,v1.0
FB003919,BYR000034,PRD002965,Yes,Yes,Yes,No,No,No,Too expensive for my budget,Neutral,NORMAL,0.85,2026-07-20,v1.0
FB003920,BYR000625,PRD000833,Yes,Yes,Yes,Yes,No,No,"Perfect timing, needed this",Positive,NORMAL,0.7,2026-08-06,v1.0
FB003921,BYR000463,PRD002749,Yes,Yes,Yes,No,No,No,Too expensive for my budget,Neutral,NORMAL,0.74,2026-06-07,v1.0
FB003922,BYR000942,PRD000811,Yes,No,No,No,Yes,No,Duplicate of item I already own,Negative,NORMAL,0.85,2026-07-26,v1.0
FB003923,BYR000380,PRD000149,Yes,Yes,Yes,Yes,No,No,Great match! ⭐⭐⭐⭐⭐,Positive,NORMAL,0.79,2026-07-19,v1.0
FB003924,BYR000360,PRD000126,Yes,No,Yes,No,No,No,Irrelevant to my search,Neutral,NORMAL,0.63,2026-06-13,v1.0
FB003925,BYR000961,PRD001913,Yes,No,No,No,Yes,No,Not interested,Negative,NORMAL,0.52,2026-06-17,v1.0
FB003926,BYR000060,PRD000388,Yes,No,Yes,No,No,No,Irrelevant to my search,Neutral,NEGATIVE,0.63,2026-07-14,v1.0
FB003927,BYR000069,PRD001954,Yes,No,No,No,Yes,No,Duplicate of item I already own,Negative,NORMAL,0.54,2026-05-25,v1.0
FB003928,BYR000426,PRD000601,Yes,No,No,No,Yes,No,Duplicate of item I already own,Negative,NORMAL,0.62,2026-05-12,v1.0
FB003929,BYR000445,PRD000249,Yes,No,No,No,Yes,No,Already purchased elsewhere,Negative,NORMAL,0.66,2026-07-09,v1.0
FB003930,BYR000993,PRD001005,Yes,No,Yes,No,No,No,Price too high 😅,Neutral,NORMAL,0.72,2026-05-21,v1.0
FB003931,BYR000015,PRD001567,Yes,No,Yes,No,No,No,Not my style,Neutral,BOUNDARY,0.97,2026-06-28,v1.0
FB003932,BYR000690,PRD002565,Yes,No,No,No,Yes,Yes,Not interested,Negative,NORMAL,0.77,2026-05-29,v1.0
FB003933,BYR000235,PRD001087,Yes,No,No,No,Yes,No,Not interested,Negative,NEGATIVE,0.68,2026-06-18,v1.0
FB003934,BYR000636,PRD001441,Yes,No,No,No,Yes,No,Not interested,Negative,NORMAL,0.93,2026-05-22,v1.0
FB003935,BYR000429,PRD001970,Yes,No,No,No,Yes,No,Already purchased elsewhere,Negative,NORMAL,0.87,2026-07-30,v1.0
FB003936,BYR000060,PRD001384,Yes,No,Yes,No,No,No,Irrelevant to my search,Neutral,NORMAL,0.57,2026-05-26,v1.0
FB003937,BYR000709,PRD002730,Yes,No,No,No,Yes,No,Duplicate of item I already own,Negative,NORMAL,0.53,2026-05-31,v1.0
FB003938,BYR000965,PRD002066,Yes,No,No,No,Yes,No,Already purchased elsewhere,Negative,RARE,0.76,2026-07-10,v1.0
FB003939,BYR000425,PRD000601,Yes,No,Yes,No,No,No,Not my style,Neutral,NORMAL,0.69,2026-07-17,v1.0
FB003940,BYR000608,PRD001223,Yes,No,No,No,Yes,No,Not interested,Negative,NORMAL,0.87,2026-06-02,v1.0
FB003941,BYR000277,PRD002118,Yes,No,Yes,No,No,No,Not my style,Neutral,NORMAL,0.55,2026-07-07,v1.0
FB003942,BYR000540,PRD000501,Yes,No,No,No,Yes,No,Duplicate of item I already own,Negative,NEGATIVE,0.55,2026-05-29,v1.0
FB003943,BYR000160,PRD000293,Yes,No,No,No,Yes,No,Not interested,Negative,NEGATIVE,0.65,2026-08-03,v1.0
FB003944,BYR000514,PRD001021,Yes,Yes,Yes,No,No,No,"Good match, saved to wishlist",Neutral,RARE,0.66,2026-05-22,v1.0
FB003945,BYR000242,PRD000716,Yes,No,No,No,Yes,No,Already purchased elsewhere,Negative,NORMAL,0.91,2026-07-05,v1.0
FB003946,BYR000996,PRD002157,Yes,Yes,Yes,No,No,No,Too expensive for my budget,Neutral,NORMAL,0.93,2026-07-10,v1.0
FB003947,BYR000461,PRD002808,Yes,Yes,Yes,Yes,No,No,Great match! ⭐⭐⭐⭐⭐,Positive,NORMAL,0.69,2026-06-07,v1.0
FB003948,BYR000661,PRD001773,Yes,No,No,No,Yes,No,Not interested,Negative,NORMAL,0.87,2026-06-18,v1.0
FB003949,BYR000418,PRD001750,Yes,Yes,Yes,Yes,No,No,Great match! ⭐⭐⭐⭐⭐,Positive,NORMAL,0.97,2026-07-16,v1.0
FB003950,BYR000494,PRD000875,Yes,Yes,Yes,No,No,No,Too expensive for my budget,Neutral,NORMAL,0.83,2026-06-17,v1.0
FB003951,BYR000043,PRD002388,Yes,No,No,No,Yes,Yes,Duplicate of item I already own,Negative,NORMAL,0.85,2026-08-05,v1.0
FB003952,BYR000093,PRD001729,Yes,No,No,No,Yes,No,Not interested,Negative,NORMAL,0.85,2026-06-24,v1.0
FB003953,BYR000019,PRD002203,Yes,No,No,No,Yes,Yes,Duplicate of item I already own,Negative,NORMAL,0.86,2026-07-12,v1.0
FB003954,BYR000313,PRD000297,Yes,Yes,Yes,No,No,No,Relevant recommendation,Neutral,NORMAL,0.95,2026-06-24,v1.0
FB003955,BYR000296,PRD002622,Yes,Yes,Yes,No,No,No,Too expensive for my budget,Neutral,BOUNDARY,0.66,2026-06-18,v1.0
FB003956,BYR000448,PRD001660,Yes,Yes,Yes,No,No,No,Too expensive for my budget,Neutral,NORMAL,0.85,2026-08-05,v1.0
FB003957,BYR000076,PRD000601,Yes,No,No,No,Yes,Yes,Already purchased elsewhere,Negative,RARE,0.96,2026-07-19,v1.0
FB003958,BYR000714,PRD001419,Yes,No,Yes,No,No,No,Irrelevant to my search,Neutral,NORMAL,0.62,2026-06-22,v1.0
FB003959,BYR000514,PRD001831,Yes,Yes,Yes,No,No,No,Relevant recommendation,Neutral,COLD_START,0.95,2026-07-19,v1.0
FB003960,BYR000781,PRD002317,Yes,No,Yes,No,No,No,Irrelevant to my search,Neutral,RARE,0.79,2026-07-13,v1.0
FB003961,BYR000151,PRD000626,Yes,No,Yes,No,No,No,Price too high 😅,Neutral,NORMAL,0.77,2026-08-06,v1.0
FB003962,BYR000616,PRD002471,Yes,No,No,No,Yes,No,Already purchased elsewhere,Negative,NORMAL,0.55,2026-07-26,v1.0
FB003963,BYR000738,PRD000691,Yes,No,No,No,Yes,No,Not interested,Negative,NORMAL,0.61,2026-08-04,v1.0
FB003964,BYR000200,PRD000143,Yes,Yes,Yes,No,No,No,Too expensive for my budget,Neutral,NORMAL,0.51,2026-06-09,v1.0
FB003965,BYR000539,PRD002427,Yes,Yes,Yes,Yes,No,No,Clicked and purchased,Positive,NEGATIVE,0.65,2026-06-11,v1.0
FB003966,BYR000539,PRD000454,Yes,No,No,No,Yes,Yes,Duplicate of item I already own,Negative,NORMAL,0.83,2026-08-04,v1.0
FB003967,BYR000109,PRD000484,Yes,No,No,No,Yes,No,Not interested,Negative,NEGATIVE,0.81,2026-06-19,v1.0
FB003968,BYR000128,PRD000755,Yes,Yes,Yes,No,No,No,"Good match, saved to wishlist",Neutral,NORMAL,0.85,2026-07-12,v1.0
FB003969,BYR000528,PRD000837,Yes,Yes,Yes,Yes,No,No,Great match! ⭐⭐⭐⭐⭐,Positive,NORMAL,0.62,2026-05-31,v1.0
FB003970,BYR000025,PRD002380,Yes,No,No,No,Yes,No,Already purchased elsewhere,Negative,EDGE,0.8,2026-05-30,v1.0
FB003971,BYR000284,PRD002400,Yes,No,No,No,Yes,No,Duplicate of item I already own,Negative,NORMAL,0.73,2026-06-18,v1.0
FB003972,BYR000531,PRD001142,Yes,No,No,No,Yes,No,Not interested,Negative,NORMAL,0.94,2026-07-17,v1.0
FB003973,BYR000497,PRD002828,Yes,Yes,Yes,No,No,No,Too expensive for my budget,Neutral,NORMAL,0.62,2026-05-25,v1.0
FB003974,BYR000069,PRD002499,Yes,No,Yes,No,No,No,Price too high 😅,Neutral,COLD_START,0.57,2026-06-03,v1.0
FB003975,BYR000514,PRD001021,Yes,No,Yes,No,No,No,Price too high 😅,Neutral,RARE,0.59,2026-07-13,v1.0
FB003976,BYR000696,PRD001402,Yes,No,Yes,No,No,No,Irrelevant to my search,Neutral,NORMAL,0.84,2026-07-03,v1.0
FB003977,BYR000708,PRD002460,Yes,No,No,No,Yes,No,Not interested,Negative,NEGATIVE,0.72,2026-07-31,v1.0
FB003978,BYR000553,PRD001927,Yes,No,No,No,Yes,No,Duplicate of item I already own,Negative,NORMAL,0.58,2026-06-11,v1.0
FB003979,BYR000518,PRD002864,Yes,No,Yes,No,No,No,Irrelevant to my search,Neutral,NORMAL,0.94,2026-07-06,v1.0
FB003980,BYR000781,PRD000219,Yes,No,No,No,Yes,No,Already purchased elsewhere,Negative,BOUNDARY,0.55,2026-06-16,v1.0
FB003981,BYR000359,PRD002447,Yes,No,No,No,Yes,No,Duplicate of item I already own,Negative,COLD_START,0.84,2026-07-28,v1.0
FB003982,BYR000682,PRD001926,Yes,Yes,Yes,No,No,No,Relevant recommendation,Neutral,NORMAL,0.51,2026-05-20,v1.0
FB003983,BYR000242,PRD001702,Yes,No,Yes,No,No,No,Irrelevant to my search,Neutral,NORMAL,0.95,2026-05-20,v1.0
FB003984,BYR000892,PRD001017,Yes,Yes,Yes,No,No,No,"Good match, saved to wishlist",Neutral,NEGATIVE,0.79,2026-06-22,v1.0
FB003985,BYR000755,PRD000268,Yes,Yes,Yes,No,No,No,Too expensive for my budget,Neutral,NORMAL,0.64,2026-05-22,v1.0
FB003986,BYR000026,PRD001987,Yes,No,No,No,Yes,No,Already purchased elsewhere,Negative,NORMAL,0.98,2026-06-11,v1.0
FB003987,BYR000305,PRD000470,Yes,No,Yes,No,No,No,Not my style,Neutral,NORMAL,0.92,2026-06-27,v1.0
FB003988,BYR000279,PRD001476,Yes,No,No,No,Yes,No,Duplicate of item I already own,Negative,NORMAL,0.56,2026-06-28,v1.0
FB003989,BYR000866,PRD002367,Yes,No,No,No,Yes,No,Already purchased elsewhere,Negative,NORMAL,0.86,2026-06-14,v1.0
FB003990,BYR000438,PRD002077,Yes,Yes,Yes,Yes,No,No,Great match! ⭐⭐⭐⭐⭐,Positive,NORMAL,0.64,2026-05-17,v1.0
FB003991,BYR000996,PRD000083,Yes,No,Yes,No,No,No,Price too high 😅,Neutral,NORMAL,0.72,2026-06-29,v1.0
FB003992,BYR000244,PRD002662,Yes,No,No,No,Yes,No,Already purchased elsewhere,Negative,NORMAL,0.71,2026-08-03,v1.0
FB003993,BYR000063,PRD001014,Yes,Yes,Yes,No,No,No,Too expensive for my budget,Neutral,COLD_START,0.94,2026-05-11,v1.0
FB003994,BYR000584,PRD000498,Yes,Yes,Yes,Yes,No,No,Clicked and purchased,Positive,NORMAL,0.55,2026-06-06,v1.0
FB003995,BYR000098,PRD000932,Yes,Yes,Yes,No,No,No,"Good match, saved to wishlist",Neutral,NORMAL,1.0,2026-07-26,v1.0
FB003996,BYR000610,PRD001803,Yes,No,Yes,No,No,No,Not my style,Neutral,NORMAL,0.87,2026-06-30,v1.0
FB003997,BYR000766,PRD001905,Yes,No,Yes,No,No,No,Price too high 😅,Neutral,BOUNDARY,0.73,2026-06-15,v1.0
FB003998,BYR000445,PRD001497,Yes,Yes,Yes,No,No,No,Too expensive for my budget,Neutral,NORMAL,0.64,2026-06-05,v1.0
FB003999,BYR000628,PRD002208,Yes,Yes,Yes,No,No,No,Too expensive for my budget,Neutral,NORMAL,0.76,2026-08-01,v1.0
FB004000,BYR000743,PRD001294,Yes,Yes,Yes,Yes,No,No,"Perfect timing, needed this",Positive,BOUNDARY,0.94,2026-05-26,v1.0
FB004001,BYR000455,PRD001838,Yes,No,Yes,No,No,No,Price too high 😅,Neutral,NORMAL,1.0,2026-07-31,v1.0
FB004002,BYR000830,PRD002904,Yes,No,No,No,Yes,No,Not interested,Negative,NORMAL,0.87,2026-06-04,v1.0
FB004003,BYR000875,PRD001410,Yes,No,No,No,Yes,No,Already purchased elsewhere,Negative,NORMAL,0.69,2026-06-23,v1.0
FB004004,BYR000989,PRD000435,Yes,No,No,No,Yes,No,Not interested,Negative,NEGATIVE,0.79,2026-05-18,v1.0
FB004005,BYR000940,PRD002344,Yes,Yes,Yes,Yes,No,No,Great match! ⭐⭐⭐⭐⭐,Positive,NEGATIVE,0.74,2026-07-03,v1.0
FB004006,BYR000557,PRD002153,Yes,No,No,No,Yes,No,Not interested,Negative,NORMAL,0.84,2026-05-16,v1.0
FB004007,BYR000144,PRD002625,Yes,No,No,No,Yes,No,Already purchased elsewhere,Negative,NORMAL,0.63,2026-06-07,v1.0
FB004008,BYR000005,PRD002296,Yes,No,No,No,Yes,No,Not interested,Negative,EDGE,0.6,2026-07-21,v1.0
FB004009,BYR000306,PRD001187,Yes,No,Yes,No,No,No,Not my style,Neutral,NEGATIVE,0.84,2026-08-04,v1.0
FB004010,BYR000832,PRD002816,Yes,No,No,No,Yes,Yes,Not interested,Negative,NORMAL,0.65,2026-05-24,v1.0
FB004011,BYR000198,PRD001972,Yes,Yes,Yes,No,No,No,Relevant recommendation,Neutral,NORMAL,0.69,2026-06-14,v1.0
FB004012,BYR000285,PRD001056,Yes,Yes,Yes,Yes,No,No,Clicked and purchased,Positive,NORMAL,0.74,2026-06-24,v1.0
FB004013,BYR000575,PRD000054,Yes,No,No,No,Yes,No,Duplicate of item I already own,Negative,NORMAL,0.82,2026-06-09,v1.0
FB004014,BYR000460,PRD002957,Yes,No,No,No,Yes,No,Not interested,Negative,EDGE,0.83,2026-06-26,v1.0
FB004015,BYR000646,PRD001960,Yes,No,Yes,No,No,No,Irrelevant to my search,Neutral,NORMAL,0.84,2026-07-07,v1.0
FB004016,BYR000674,PRD000351,Yes,Yes,Yes,No,No,No,"Good match, saved to wishlist",Neutral,NORMAL,0.73,2026-06-11,v1.0
FB004017,BYR000324,PRD001414,Yes,No,Yes,No,No,No,Irrelevant to my search,Neutral,EDGE,0.99,2026-06-15,v1.0
FB004018,BYR000542,PRD000866,Yes,No,No,No,Yes,No,Duplicate of item I already own,Negative,NORMAL,0.61,2026-07-01,v1.0
FB004019,BYR000513,PRD002747,Yes,No,No,No,Yes,No,Not interested,Negative,NORMAL,0.54,2026-08-05,v1.0
FB004020,BYR000401,PRD002385,Yes,No,No,No,Yes,No,Duplicate of item I already own,Negative,NORMAL,0.98,2026-06-15,v1.0
FB004021,BYR000381,PRD000090,Yes,No,Yes,No,No,No,Price too high 😅,Neutral,NORMAL,0.98,2026-06-18,v1.0
FB004022,BYR000588,PRD002329,Yes,No,Yes,No,No,No,Price too high 😅,Neutral,NORMAL,0.73,2026-06-14,v1.0
FB004023,BYR000773,PRD000396,Yes,Yes,Yes,Yes,No,No,"Perfect timing, needed this",Positive,NORMAL,0.53,2026-07-21,v1.0
FB004024,BYR000578,PRD001007,Yes,No,No,No,Yes,No,Duplicate of item I already own,Negative,NORMAL,0.5,2026-07-09,v1.0
FB004025,BYR000265,PRD000817,Yes,No,No,No,Yes,No,Not interested,Negative,EDGE,0.93,2026-08-04,v1.0
FB004026,BYR000261,PRD002777,Yes,No,No,No,Yes,No,Not interested,Negative,BOUNDARY,0.55,2026-07-04,v1.0
FB004027,BYR000890,PRD000485,Yes,No,Yes,No,No,No,Price too high 😅,Neutral,BOUNDARY,0.74,2026-06-26,v1.0
FB004028,BYR000257,PRD001748,Yes,No,No,No,Yes,Yes,Already purchased elsewhere,Negative,NORMAL,0.81,2026-06-15,v1.0
FB004029,BYR000317,PRD002958,Yes,No,Yes,No,No,No,Irrelevant to my search,Neutral,NORMAL,0.88,2026-07-07,v1.0
FB004030,BYR000187,PRD002421,Yes,Yes,Yes,Yes,No,No,Great match! ⭐⭐⭐⭐⭐,Positive,EDGE,0.78,2026-07-25,v1.0
FB004031,BYR000601,PRD000213,Yes,Yes,Yes,Yes,No,No,Clicked and purchased,Positive,NORMAL,0.87,2026-06-16,v1.0
FB004032,BYR000902,PRD001283,Yes,No,No,No,Yes,Yes,Duplicate of item I already own,Negative,EDGE,0.85,2026-07-05,v1.0
FB004033,BYR000875,PRD001410,Yes,No,No,No,Yes,No,Not interested,Negative,NORMAL,0.7,2026-06-16,v1.0
FB004034,BYR000383,PRD002080,Yes,No,No,No,Yes,Yes,Duplicate of item I already own,Negative,NEGATIVE,0.76,2026-07-13,v1.0
FB004035,BYR000411,PRD001493,Yes,Yes,Yes,No,No,No,Relevant recommendation,Neutral,NORMAL,0.8,2026-07-23,v1.0
FB004036,BYR000092,PRD001736,Yes,No,No,No,Yes,No,Duplicate of item I already own,Negative,NORMAL,0.81,2026-06-30,v1.0
FB004037,BYR000913,PRD000536,Yes,No,No,No,Yes,No,Already purchased elsewhere,Negative,NORMAL,0.93,2026-07-26,v1.0
FB004038,BYR000856,PRD000701,Yes,No,Yes,No,No,No,Price too high 😅,Neutral,NORMAL,0.97,2026-06-21,v1.0
FB004039,BYR000255,PRD000356,Yes,Yes,Yes,No,No,No,Too expensive for my budget,Neutral,EDGE,0.52,2026-05-25,v1.0
FB004040,BYR000209,PRD001927,Yes,Yes,Yes,No,No,No,Relevant recommendation,Neutral,NORMAL,0.8,2026-06-24,v1.0
FB004041,BYR000153,PRD002890,Yes,No,Yes,No,No,No,Not my style,Neutral,NORMAL,0.97,2026-06-26,v1.0
FB004042,BYR000395,PRD002795,Yes,No,No,No,Yes,Yes,Not interested,Negative,COLD_START,0.55,2026-06-12,v1.0
FB004043,BYR000168,PRD002524,Yes,No,No,No,Yes,No,Not interested,Negative,BOUNDARY,0.59,2026-05-31,v1.0
FB004044,BYR000570,PRD002764,Yes,No,No,No,Yes,No,Already purchased elsewhere,Negative,NORMAL,0.53,2026-06-30,v1.0
FB004045,BYR000438,PRD001034,Yes,No,No,No,Yes,No,Already purchased elsewhere,Negative,NORMAL,0.69,2026-06-26,v1.0
FB004046,BYR000210,PRD001002,Yes,No,Yes,No,No,No,Irrelevant to my search,Neutral,NORMAL,0.72,2026-05-12,v1.0
FB004047,BYR000956,PRD000345,Yes,Yes,Yes,No,No,No,"Good match, saved to wishlist",Neutral,NORMAL,0.62,2026-05-13,v1.0
FB004048,BYR000294,PRD001894,Yes,No,No,No,Yes,No,Already purchased elsewhere,Negative,NEGATIVE,0.63,2026-05-18,v1.0
FB004049,BYR000498,PRD001635,Yes,No,No,No,Yes,No,Not interested,Negative,NORMAL,0.76,2026-08-01,v1.0
FB004050,BYR000399,PRD000294,Yes,Yes,Yes,Yes,No,No,"Perfect timing, needed this",Positive,NORMAL,0.67,2026-05-22,v1.0
FB004051,BYR000304,PRD001140,Yes,No,No,No,Yes,No,Already purchased elsewhere,Negative,COLD_START,0.62,2026-06-17,v1.0
FB004052,BYR000737,PRD000966,Yes,Yes,Yes,No,No,No,"Good match, saved to wishlist",Neutral,NEGATIVE,0.82,2026-06-18,v1.0
FB004053,BYR000385,PRD002887,Yes,No,Yes,No,No,No,Not my style,Neutral,NORMAL,0.82,2026-05-17,v1.0
FB004054,BYR000241,PRD000171,Yes,No,No,No,Yes,No,Not interested,Negative,EDGE,0.61,2026-07-17,v1.0
FB004055,BYR000291,PRD001720,Yes,No,No,No,Yes,No,Not interested,Negative,NORMAL,0.99,2026-05-18,v1.0
FB004056,BYR000901,PRD002468,Yes,No,No,No,Yes,No,Already purchased elsewhere,Negative,NEGATIVE,0.97,2026-05-14,v1.0
FB004057,BYR000783,PRD001623,Yes,No,No,No,Yes,No,Already purchased elsewhere,Negative,NORMAL,0.82,2026-05-30,v1.0
FB004058,BYR000124,PRD001078,Yes,No,No,No,Yes,No,Not interested,Negative,NEGATIVE,0.72,2026-06-22,v1.0
FB004059,BYR000938,PRD000750,Yes,Yes,Yes,No,No,No,"Good match, saved to wishlist",Neutral,NORMAL,0.72,2026-07-24,v1.0
FB004060,BYR000088,PRD002980,Yes,No,Yes,No,No,No,Irrelevant to my search,Neutral,NORMAL,0.63,2026-06-04,v1.0
FB004061,BYR000796,PRD000174,Yes,No,Yes,No,No,No,Irrelevant to my search,Neutral,NORMAL,0.57,2026-07-14,v1.0
FB004062,BYR000061,PRD002002,Yes,No,Yes,No,No,No,Not my style,Neutral,NORMAL,0.77,2026-06-03,v1.0
FB004063,BYR000780,PRD001356,Yes,No,No,No,Yes,No,Already purchased elsewhere,Negative,NORMAL,0.9,2026-06-08,v1.0
FB004064,BYR000891,PRD000552,Yes,No,No,No,Yes,No,Duplicate of item I already own,Negative,NORMAL,0.98,2026-07-26,v1.0
FB004065,BYR000561,PRD001602,Yes,No,Yes,No,No,No,Price too high 😅,Neutral,NORMAL,0.79,2026-07-23,v1.0
FB004066,BYR000697,PRD002166,Yes,No,No,No,Yes,No,Not interested,Negative,NORMAL,0.75,2026-05-10,v1.0
FB004067,BYR000240,PRD002760,Yes,Yes,Yes,No,No,No,Too expensive for my budget,Neutral,NORMAL,0.8,2026-07-24,v1.0
FB004068,BYR000740,PRD002999,Yes,No,Yes,No,No,No,Not my style,Neutral,NORMAL,0.8,2026-06-19,v1.0
FB004069,BYR000467,PRD001543,Yes,No,No,No,Yes,Yes,Not interested,Negative,RARE,0.9,2026-05-19,v1.0
FB004070,BYR000338,PRD001349,Yes,No,Yes,No,No,No,Irrelevant to my search,Neutral,NORMAL,0.54,2026-07-27,v1.0
FB004071,BYR000736,PRD002725,Yes,No,Yes,No,No,No,Not my style,Neutral,NORMAL,0.85,2026-06-26,v1.0
FB004072,BYR000598,PRD002230,Yes,No,Yes,No,No,No,Price too high 😅,Neutral,NORMAL,0.7,2026-07-23,v1.0
FB004073,BYR000583,PRD002422,Yes,No,No,No,Yes,No,Already purchased elsewhere,Negative,COLD_START,0.61,2026-05-11,v1.0
FB004074,BYR000690,PRD002179,Yes,No,No,No,Yes,No,Duplicate of item I already own,Negative,NORMAL,0.84,2026-05-24,v1.0
FB004075,BYR000644,PRD001555,Yes,No,No,No,Yes,No,Duplicate of item I already own,Negative,NORMAL,0.74,2026-07-29,v1.0
FB004076,BYR000192,PRD001008,Yes,No,Yes,No,No,No,Irrelevant to my search,Neutral,NORMAL,0.91,2026-07-04,v1.0
FB004077,BYR000326,PRD001798,Yes,No,No,No,Yes,No,Not interested,Negative,BOUNDARY,0.53,2026-06-29,v1.0
FB004078,BYR000747,PRD002405,Yes,No,Yes,No,No,No,Not my style,Neutral,NEGATIVE,0.92,2026-06-14,v1.0
FB004079,BYR000294,PRD002626,Yes,No,No,No,Yes,No,Already purchased elsewhere,Negative,NORMAL,0.76,2026-05-23,v1.0
FB004080,BYR000360,PRD002379,Yes,Yes,Yes,No,No,No,Relevant recommendation,Neutral,NORMAL,0.78,2026-05-14,v1.0
FB004081,BYR000336,PRD001543,Yes,No,No,No,Yes,No,Not interested,Negative,NORMAL,0.51,2026-06-01,v1.0
FB004082,BYR000302,PRD002945,Yes,No,No,No,Yes,Yes,Already purchased elsewhere,Negative,NORMAL,0.84,2026-05-27,v1.0
FB004083,BYR000226,PRD002695,Yes,No,No,No,Yes,No,Already purchased elsewhere,Negative,NORMAL,0.57,2026-05-08,v1.0
FB004084,BYR000005,PRD002296,Yes,No,No,No,Yes,No,Duplicate of item I already own,Negative,EDGE,0.75,2026-07-02,v1.0
FB004085,BYR000230,PRD001474,Yes,No,Yes,No,No,No,Irrelevant to my search,Neutral,NEGATIVE,0.89,2026-06-04,v1.0
FB004086,BYR000924,PRD001169,Yes,Yes,Yes,No,No,No,"Good match, saved to wishlist",Neutral,NORMAL,0.79,2026-07-28,v1.0
FB004087,BYR000514,PRD002977,Yes,No,No,No,Yes,No,Duplicate of item I already own,Negative,NORMAL,0.82,2026-06-09,v1.0
FB004088,BYR000017,PRD001192,Yes,No,No,No,Yes,No,Already purchased elsewhere,Negative,NORMAL,0.54,2026-08-01,v1.0
FB004089,BYR000363,PRD000680,Yes,No,Yes,No,No,No,Irrelevant to my search,Neutral,NORMAL,0.86,2026-07-23,v1.0
FB004090,BYR000819,PRD001224,Yes,Yes,Yes,No,No,No,"Good match, saved to wishlist",Neutral,NORMAL,0.95,2026-05-17,v1.0
FB004091,BYR000145,PRD002175,Yes,No,No,No,Yes,No,Duplicate of item I already own,Negative,NORMAL,0.76,2026-05-30,v1.0
FB004092,BYR000831,PRD002189,Yes,No,No,No,Yes,No,Duplicate of item I already own,Negative,COLD_START,0.77,2026-07-01,v1.0
FB004093,BYR000788,PRD000285,Yes,No,No,No,Yes,No,Not interested,Negative,NORMAL,0.6,2026-07-02,v1.0
FB004094,BYR000671,PRD000272,Yes,Yes,Yes,No,No,No,Too expensive for my budget,Neutral,NORMAL,0.55,2026-06-16,v1.0
FB004095,BYR000027,PRD002481,Yes,No,No,No,Yes,No,Not interested,Negative,NORMAL,0.55,2026-07-08,v1.0
FB004096,BYR000416,PRD002023,Yes,No,No,No,Yes,No,Already purchased elsewhere,Negative,NORMAL,0.85,2026-07-06,v1.0
FB004097,BYR000941,PRD000628,Yes,No,Yes,No,No,No,Irrelevant to my search,Neutral,NORMAL,0.84,2026-05-13,v1.0
FB004098,BYR000854,PRD002910,Yes,Yes,Yes,No,No,No,Relevant recommendation,Neutral,NEGATIVE,0.77,2026-07-06,v1.0
FB004099,BYR000578,PRD000609,Yes,No,Yes,No,No,No,Price too high 😅,Neutral,BOUNDARY,0.54,2026-05-22,v1.0
FB004100,BYR000329,PRD002222,Yes,No,No,No,Yes,No,Duplicate of item I already own,Negative,NORMAL,0.59,2026-06-10,v1.0
FB004101,BYR000088,PRD002424,Yes,No,No,No,Yes,No,Already purchased elsewhere,Negative,BOUNDARY,0.62,2026-05-10,v1.0
FB004102,BYR000658,PRD001574,Yes,Yes,Yes,No,No,No,Relevant recommendation,Neutral,NEGATIVE,0.93,2026-07-26,v1.0
FB004103,BYR000304,PRD001729,Yes,Yes,Yes,No,No,No,Too expensive for my budget,Neutral,COLD_START,0.66,2026-05-17,v1.0
FB004104,BYR000947,PRD000926,Yes,No,Yes,No,No,No,Irrelevant to my search,Neutral,NEGATIVE,0.69,2026-06-09,v1.0
FB004105,BYR000724,PRD000635,Yes,No,No,No,Yes,Yes,Duplicate of item I already own,Negative,NEGATIVE,0.69,2026-07-18,v1.0
FB004106,BYR000956,PRD001083,Yes,No,No,No,Yes,No,Already purchased elsewhere,Negative,NEGATIVE,0.91,2026-05-08,v1.0
FB004107,BYR000528,PRD001062,Yes,No,No,No,Yes,Yes,Already purchased elsewhere,Negative,BOUNDARY,0.75,2026-07-21,v1.0
FB004108,BYR000709,PRD000853,Yes,No,Yes,No,No,No,Price too high 😅,Neutral,NORMAL,0.83,2026-05-15,v1.0
FB004109,BYR000881,PRD000041,Yes,Yes,Yes,Yes,No,No,Great match! ⭐⭐⭐⭐⭐,Positive,NEGATIVE,0.65,2026-07-31,v1.0
FB004110,BYR000096,PRD001436,Yes,No,No,No,Yes,No,Not interested,Negative,NORMAL,0.65,2026-05-29,v1.0
FB004111,BYR000152,PRD001545,Yes,No,No,No,Yes,No,Already purchased elsewhere,Negative,NORMAL,0.8,2026-07-24,v1.0
FB004112,BYR000386,PRD001209,Yes,Yes,Yes,Yes,No,No,Clicked and purchased,Positive,NORMAL,0.65,2026-05-10,v1.0
FB004113,BYR000102,PRD001924,Yes,Yes,Yes,No,No,No,Too expensive for my budget,Neutral,NORMAL,0.79,2026-07-30,v1.0
FB004114,BYR000315,PRD001504,Yes,No,Yes,No,No,No,Price too high 😅,Neutral,NORMAL,0.68,2026-07-18,v1.0
FB004115,BYR001000,PRD002107,Yes,Yes,Yes,No,No,No,"Good match, saved to wishlist",Neutral,BOUNDARY,0.55,2026-06-22,v1.0
FB004116,BYR000798,PRD001485,Yes,Yes,Yes,No,No,No,Relevant recommendation,Neutral,NORMAL,0.91,2026-06-03,v1.0
FB004117,BYR000987,PRD000447,Yes,No,No,No,Yes,No,Not interested,Negative,NORMAL,0.93,2026-06-11,v1.0
FB004118,BYR000307,PRD000099,Yes,Yes,Yes,No,No,No,Relevant recommendation,Neutral,NORMAL,0.88,2026-06-17,v1.0
FB004119,BYR000860,PRD002371,Yes,Yes,Yes,No,No,No,Relevant recommendation,Neutral,NORMAL,0.79,2026-06-17,v1.0
FB004120,BYR000834,PRD000935,Yes,No,No,No,Yes,No,Not interested,Negative,BOUNDARY,0.76,2026-06-27,v1.0
FB004121,BYR000761,PRD000034,Yes,Yes,Yes,No,No,No,Too expensive for my budget,Neutral,NORMAL,0.68,2026-06-19,v1.0
FB004122,BYR000905,PRD002705,Yes,No,No,No,Yes,Yes,Duplicate of item I already own,Negative,NORMAL,0.51,2026-08-03,v1.0
FB004123,BYR000054,PRD001361,Yes,No,No,No,Yes,Yes,Already purchased elsewhere,Negative,COLD_START,0.51,2026-05-15,v1.0
FB004124,BYR000938,PRD001898,Yes,Yes,Yes,No,No,No,Too expensive for my budget,Neutral,NORMAL,0.8,2026-07-07,v1.0
FB004125,BYR000748,PRD001278,Yes,No,No,No,Yes,No,Duplicate of item I already own,Negative,NORMAL,0.84,2026-05-27,v1.0
FB004126,BYR000358,PRD000397,Yes,No,Yes,No,No,No,Irrelevant to my search,Neutral,NORMAL,0.78,2026-07-22,v1.0
FB004127,BYR000953,PRD000836,Yes,No,No,No,Yes,No,Already purchased elsewhere,Negative,NORMAL,0.56,2026-05-16,v1.0
FB004128,BYR000493,PRD002828,Yes,Yes,Yes,No,No,No,Too expensive for my budget,Neutral,RARE,0.89,2026-05-19,v1.0
FB004129,BYR000761,PRD002305,Yes,No,No,No,Yes,No,Already purchased elsewhere,Negative,NORMAL,0.88,2026-07-13,v1.0
FB004130,BYR000999,PRD002603,Yes,Yes,Yes,No,No,No,Relevant recommendation,Neutral,NORMAL,0.71,2026-05-19,v1.0
FB004131,BYR000105,PRD002158,Yes,No,No,No,Yes,No,Already purchased elsewhere,Negative,NORMAL,0.52,2026-05-16,v1.0
FB004132,BYR000518,PRD000810,Yes,No,No,No,Yes,No,Not interested,Negative,NORMAL,0.78,2026-05-22,v1.0
FB004133,BYR000702,PRD000187,Yes,No,No,No,Yes,No,Not interested,Negative,NORMAL,0.67,2026-06-04,v1.0
FB004134,BYR000189,PRD000568,Yes,No,Yes,No,No,No,Price too high 😅,Neutral,EDGE,0.6,2026-08-04,v1.0
FB004135,BYR000173,PRD000384,Yes,No,Yes,No,No,No,Price too high 😅,Neutral,EDGE,0.7,2026-06-05,v1.0
FB004136,BYR000542,PRD000410,Yes,No,Yes,No,No,No,Irrelevant to my search,Neutral,NORMAL,0.77,2026-05-21,v1.0
FB004137,BYR000329,PRD000714,Yes,No,Yes,No,No,No,Price too high 😅,Neutral,NORMAL,0.88,2026-07-09,v1.0
FB004138,BYR000204,PRD001274,Yes,No,No,No,Yes,No,Not interested,Negative,NORMAL,0.85,2026-08-01,v1.0
FB004139,BYR000279,PRD002433,Yes,No,Yes,No,No,No,Price too high 😅,Neutral,NORMAL,0.73,2026-06-14,v1.0
FB004140,BYR000191,PRD000645,Yes,No,No,No,Yes,No,Duplicate of item I already own,Negative,NORMAL,0.72,2026-07-15,v1.0
FB004141,BYR000748,PRD000660,Yes,No,Yes,No,No,No,Irrelevant to my search,Neutral,NORMAL,0.99,2026-05-16,v1.0
FB004142,BYR000428,PRD001224,Yes,Yes,Yes,No,No,No,Too expensive for my budget,Neutral,NEGATIVE,0.96,2026-05-29,v1.0
FB004143,BYR000998,PRD001764,Yes,No,Yes,No,No,No,Price too high 😅,Neutral,EDGE,0.6,2026-05-19,v1.0
FB004144,BYR000421,PRD001333,Yes,Yes,Yes,Yes,No,No,Clicked and purchased,Positive,NORMAL,0.81,2026-07-24,v1.0
FB004145,BYR000209,PRD000327,Yes,No,Yes,No,No,No,Price too high 😅,Neutral,RARE,0.97,2026-06-06,v1.0
FB004146,BYR000700,PRD002961,Yes,No,Yes,No,No,No,Irrelevant to my search,Neutral,NORMAL,0.61,2026-07-03,v1.0
FB004147,BYR000061,PRD000611,Yes,No,No,No,Yes,Yes,Already purchased elsewhere,Negative,NORMAL,0.53,2026-07-16,v1.0
FB004148,BYR000893,PRD000357,Yes,Yes,Yes,No,No,No,"Good match, saved to wishlist",Neutral,BOUNDARY,0.97,2026-05-27,v1.0
FB004149,BYR000438,PRD000709,Yes,No,No,No,Yes,No,Duplicate of item I already own,Negative,NORMAL,0.75,2026-07-29,v1.0
FB004150,BYR000311,PRD002812,Yes,No,No,No,Yes,No,Duplicate of item I already own,Negative,NORMAL,0.95,2026-07-05,v1.0
FB004151,BYR000097,PRD002311,Yes,No,Yes,No,No,No,Price too high 😅,Neutral,EDGE,0.91,2026-07-05,v1.0
FB004152,BYR000556,PRD000014,Yes,No,No,No,Yes,No,Already purchased elsewhere,Negative,NEGATIVE,0.68,2026-07-07,v1.0
FB004153,BYR000408,PRD002555,Yes,No,No,No,Yes,No,Already purchased elsewhere,Negative,NEGATIVE,0.52,2026-08-03,v1.0
FB004154,BYR000329,PRD001354,Yes,No,Yes,No,No,No,Not my style,Neutral,NORMAL,0.68,2026-06-15,v1.0
FB004155,BYR000176,PRD002285,Yes,Yes,Yes,No,No,No,"Good match, saved to wishlist",Neutral,NORMAL,0.93,2026-07-09,v1.0
FB004156,BYR000556,PRD002823,Yes,No,Yes,No,No,No,Not my style,Neutral,BOUNDARY,0.98,2026-07-03,v1.0
FB004157,BYR000518,PRD002816,Yes,No,Yes,No,No,No,Price too high 😅,Neutral,COLD_START,0.53,2026-07-28,v1.0
FB004158,BYR000158,PRD001497,Yes,No,Yes,No,No,No,Price too high 😅,Neutral,NORMAL,0.58,2026-06-28,v1.0
FB004159,BYR000278,PRD001031,Yes,Yes,Yes,No,No,No,"Good match, saved to wishlist",Neutral,NORMAL,0.71,2026-06-15,v1.0
FB004160,BYR000799,PRD002778,Yes,Yes,Yes,No,No,No,Relevant recommendation,Neutral,BOUNDARY,0.93,2026-07-07,v1.0
FB004161,BYR000579,PRD001163,Yes,No,No,No,Yes,No,Duplicate of item I already own,Negative,NORMAL,0.87,2026-05-11,v1.0
FB004162,BYR000527,PRD002723,Yes,No,Yes,No,No,No,Irrelevant to my search,Neutral,NORMAL,0.5,2026-07-04,v1.0
FB004163,BYR000141,PRD002011,Yes,Yes,Yes,Yes,No,No,"Perfect timing, needed this",Positive,EDGE,0.97,2026-06-12,v1.0
FB004164,BYR000426,PRD001487,Yes,No,No,No,Yes,No,Not interested,Negative,NORMAL,0.55,2026-05-23,v1.0
FB004165,BYR000619,PRD000624,Yes,Yes,Yes,Yes,No,No,"Perfect timing, needed this",Positive,NORMAL,0.86,2026-08-02,v1.0
FB004166,BYR000916,PRD001848,Yes,No,No,No,Yes,No,Duplicate of item I already own,Negative,NORMAL,0.51,2026-06-10,v1.0
FB004167,BYR000307,PRD001210,Yes,Yes,Yes,No,No,No,Relevant recommendation,Neutral,NORMAL,0.97,2026-05-18,v1.0
FB004168,BYR000494,PRD000875,Yes,No,No,No,Yes,No,Not interested,Negative,NORMAL,0.87,2026-06-24,v1.0
FB004169,BYR000321,PRD002842,Yes,No,No,No,Yes,No,Already purchased elsewhere,Negative,NORMAL,0.87,2026-06-14,v1.0
FB004170,BYR000010,PRD001232,Yes,No,Yes,No,No,No,Irrelevant to my search,Neutral,NORMAL,0.61,2026-06-10,v1.0
FB004171,BYR000476,PRD001186,Yes,No,No,No,Yes,Yes,Duplicate of item I already own,Negative,NORMAL,0.89,2026-07-08,v1.0
FB004172,BYR000160,PRD000966,Yes,No,Yes,No,No,No,Not my style,Neutral,NEGATIVE,0.59,2026-05-26,v1.0
FB004173,BYR000442,PRD002534,Yes,No,No,No,Yes,No,Not interested,Negative,NORMAL,0.82,2026-05-16,v1.0
FB004174,BYR000213,PRD002704,Yes,Yes,Yes,No,No,No,Too expensive for my budget,Neutral,NORMAL,0.73,2026-06-05,v1.0
FB004175,BYR000387,PRD000784,Yes,No,Yes,No,No,No,Not my style,Neutral,NORMAL,0.57,2026-08-05,v1.0
FB004176,BYR000252,PRD000915,Yes,No,No,No,Yes,No,Not interested,Negative,EDGE,0.76,2026-07-06,v1.0
FB004177,BYR000774,PRD002824,Yes,No,No,No,Yes,No,Duplicate of item I already own,Negative,NORMAL,0.6,2026-07-21,v1.0
FB004178,BYR000053,PRD000775,Yes,No,No,No,Yes,No,Not interested,Negative,NORMAL,0.59,2026-07-30,v1.0
FB004179,BYR000082,PRD001405,Yes,No,Yes,No,No,No,Irrelevant to my search,Neutral,EDGE,0.78,2026-07-18,v1.0
FB004180,BYR000038,PRD000781,Yes,No,Yes,No,No,No,Irrelevant to my search,Neutral,NORMAL,0.58,2026-05-22,v1.0
FB004181,BYR000370,PRD000740,Yes,No,Yes,No,No,No,Irrelevant to my search,Neutral,NORMAL,0.96,2026-07-03,v1.0
FB004182,BYR000414,PRD001315,Yes,Yes,Yes,Yes,No,No,Clicked and purchased,Positive,NORMAL,0.94,2026-06-13,v1.0
FB004183,BYR000133,PRD001104,Yes,No,Yes,No,No,No,Not my style,Neutral,NORMAL,0.85,2026-07-14,v1.0
FB004184,BYR000989,PRD001402,Yes,No,Yes,No,No,No,Not my style,Neutral,EDGE,0.72,2026-06-23,v1.0
FB004185,BYR000109,PRD002513,Yes,Yes,Yes,No,No,No,Too expensive for my budget,Neutral,NORMAL,0.67,2026-05-17,v1.0
FB004186,BYR000747,PRD002121,Yes,No,Yes,No,No,No,Price too high 😅,Neutral,NORMAL,0.8,2026-07-12,v1.0
FB004187,BYR000850,PRD001884,Yes,Yes,Yes,No,No,No,Too expensive for my budget,Neutral,NORMAL,0.67,2026-06-18,v1.0
FB004188,BYR000409,PRD000237,Yes,No,No,No,Yes,No,Already purchased elsewhere,Negative,NORMAL,0.73,2026-06-26,v1.0
FB004189,BYR000306,PRD000315,Yes,Yes,Yes,Yes,No,No,Great match! ⭐⭐⭐⭐⭐,Positive,NORMAL,0.6,2026-07-11,v1.0
FB004190,BYR000915,PRD001760,Yes,No,No,No,Yes,No,Not interested,Negative,NORMAL,0.53,2026-05-20,v1.0
FB004191,BYR000636,PRD000766,Yes,No,Yes,No,No,No,Price too high 😅,Neutral,NORMAL,0.81,2026-05-13,v1.0
FB004192,BYR000746,PRD001515,Yes,Yes,Yes,No,No,No,Too expensive for my budget,Neutral,NORMAL,0.93,2026-07-12,v1.0
FB004193,BYR000011,PRD002347,Yes,No,Yes,No,No,No,Price too high 😅,Neutral,BOUNDARY,0.56,2026-05-13,v1.0
FB004194,BYR000084,PRD000206,Yes,No,No,No,Yes,No,Not interested,Negative,NORMAL,0.86,2026-06-10,v1.0
FB004195,BYR000218,PRD000266,Yes,No,No,No,Yes,No,Not interested,Negative,NORMAL,0.73,2026-07-15,v1.0
FB004196,BYR000313,PRD000194,Yes,Yes,Yes,No,No,No,"Good match, saved to wishlist",Neutral,NORMAL,0.79,2026-08-02,v1.0
FB004197,BYR000350,PRD002544,Yes,No,No,No,Yes,No,Duplicate of item I already own,Negative,NORMAL,0.95,2026-06-29,v1.0
FB004198,BYR000120,PRD002083,Yes,Yes,Yes,No,No,No,Too expensive for my budget,Neutral,EDGE,0.6,2026-06-16,v1.0
FB004199,BYR000789,PRD000073,Yes,No,No,No,Yes,No,Duplicate of item I already own,Negative,NORMAL,0.69,2026-07-05,v1.0
FB004200,BYR000838,PRD002394,Yes,No,No,No,Yes,No,Not interested,Negative,NORMAL,0.63,2026-05-30,v1.0
FB004201,BYR000043,PRD002024,Yes,No,No,No,Yes,No,Already purchased elsewhere,Negative,NORMAL,0.55,2026-07-29,v1.0
FB004202,BYR000315,PRD001095,Yes,Yes,Yes,No,No,No,Too expensive for my budget,Neutral,BOUNDARY,0.65,2026-06-14,v1.0
FB004203,BYR000540,PRD000933,Yes,No,Yes,No,No,No,Price too high 😅,Neutral,BOUNDARY,0.52,2026-06-30,v1.0
FB004204,BYR000098,PRD000678,Yes,Yes,Yes,Yes,No,No,Clicked and purchased,Positive,NORMAL,0.82,2026-07-05,v1.0
FB004205,BYR000987,PRD000447,Yes,Yes,Yes,No,No,No,"Good match, saved to wishlist",Neutral,NORMAL,0.73,2026-05-12,v1.0
FB004206,BYR000160,PRD000731,Yes,No,No,No,Yes,No,Already purchased elsewhere,Negative,BOUNDARY,0.68,2026-07-24,v1.0
FB004207,BYR000939,PRD002491,Yes,No,No,No,Yes,Yes,Duplicate of item I already own,Negative,NEGATIVE,0.64,2026-05-16,v1.0
FB004208,BYR000530,PRD001893,Yes,No,No,No,Yes,No,Duplicate of item I already own,Negative,NORMAL,0.87,2026-07-14,v1.0
FB004209,BYR000559,PRD000920,Yes,No,No,No,Yes,No,Not interested,Negative,NORMAL,0.77,2026-05-28,v1.0
FB004210,BYR000893,PRD001958,Yes,No,Yes,No,No,No,Irrelevant to my search,Neutral,NORMAL,0.69,2026-05-09,v1.0
FB004211,BYR000459,PRD001292,Yes,No,No,No,Yes,No,Not interested,Negative,NORMAL,0.56,2026-08-02,v1.0
FB004212,BYR000108,PRD002960,Yes,No,No,No,Yes,No,Duplicate of item I already own,Negative,NORMAL,0.73,2026-06-18,v1.0
FB004213,BYR000011,PRD000348,Yes,Yes,Yes,No,No,No,Too expensive for my budget,Neutral,NORMAL,0.58,2026-05-23,v1.0
FB004214,BYR000818,PRD001226,Yes,No,No,No,Yes,No,Already purchased elsewhere,Negative,NORMAL,0.84,2026-06-02,v1.0
FB004215,BYR000276,PRD002042,Yes,No,No,No,Yes,No,Already purchased elsewhere,Negative,NORMAL,0.66,2026-07-23,v1.0
FB004216,BYR000230,PRD002480,Yes,Yes,Yes,Yes,No,No,Great match! ⭐⭐⭐⭐⭐,Positive,NORMAL,0.67,2026-05-25,v1.0
FB004217,BYR000287,PRD002798,Yes,No,Yes,No,No,No,Price too high 😅,Neutral,NORMAL,0.61,2026-05-31,v1.0
FB004218,BYR000864,PRD000211,Yes,Yes,Yes,Yes,No,No,Great match! ⭐⭐⭐⭐⭐,Positive,BOUNDARY,0.73,2026-08-01,v1.0
FB004219,BYR000286,PRD001871,Yes,No,No,No,Yes,No,Already purchased elsewhere,Negative,NORMAL,0.57,2026-06-19,v1.0
FB004220,BYR000466,PRD000800,Yes,No,Yes,No,No,No,Price too high 😅,Neutral,NEGATIVE,0.78,2026-06-30,v1.0
FB004221,BYR000618,PRD002307,Yes,Yes,Yes,No,No,No,"Good match, saved to wishlist",Neutral,NORMAL,0.77,2026-06-06,v1.0
FB004222,BYR000267,PRD000563,Yes,No,No,No,Yes,No,Not interested,Negative,NORMAL,0.71,2026-07-31,v1.0
FB004223,BYR000146,PRD000998,Yes,No,No,No,Yes,No,Not interested,Negative,NORMAL,0.68,2026-08-03,v1.0
FB004224,BYR000667,PRD002343,Yes,No,No,No,Yes,No,Duplicate of item I already own,Negative,NORMAL,0.66,2026-06-30,v1.0
FB004225,BYR000570,PRD000264,Yes,Yes,Yes,No,No,No,Too expensive for my budget,Neutral,NORMAL,0.59,2026-06-08,v1.0
FB004226,BYR000947,PRD000926,Yes,No,No,No,Yes,Yes,Not interested,Negative,NEGATIVE,0.71,2026-05-08,v1.0
FB004227,BYR000113,PRD000767,Yes,No,Yes,No,No,No,Price too high 😅,Neutral,NORMAL,0.73,2026-05-14,v1.0
FB004228,BYR000593,PRD002960,Yes,Yes,Yes,No,No,No,Too expensive for my budget,Neutral,NORMAL,0.68,2026-06-08,v1.0
FB004229,BYR000091,PRD002271,Yes,No,No,No,Yes,No,Duplicate of item I already own,Negative,NORMAL,0.53,2026-06-28,v1.0
FB004230,BYR000550,PRD000598,Yes,No,No,No,Yes,No,Not interested,Negative,RARE,0.79,2026-07-10,v1.0
FB004231,BYR000369,PRD002154,Yes,No,No,No,Yes,No,Not interested,Negative,NORMAL,0.65,2026-07-14,v1.0
FB004232,BYR000187,PRD000983,Yes,No,No,No,Yes,No,Duplicate of item I already own,Negative,NORMAL,0.64,2026-06-18,v1.0
FB004233,BYR000192,PRD000204,Yes,No,Yes,No,No,No,Price too high 😅,Neutral,NORMAL,0.62,2026-06-19,v1.0
FB004234,BYR000968,PRD002789,Yes,No,No,No,Yes,No,Duplicate of item I already own,Negative,NORMAL,0.88,2026-06-18,v1.0
FB004235,BYR000750,PRD001804,Yes,No,No,No,Yes,No,Not interested,Negative,NEGATIVE,0.99,2026-07-05,v1.0
FB004236,BYR000400,PRD001129,Yes,No,No,No,Yes,No,Duplicate of item I already own,Negative,NORMAL,0.89,2026-07-27,v1.0
FB004237,BYR000540,PRD000658,Yes,No,Yes,No,No,No,Not my style,Neutral,EDGE,0.69,2026-06-20,v1.0
FB004238,BYR000352,PRD001977,Yes,No,No,No,Yes,No,Duplicate of item I already own,Negative,NORMAL,0.93,2026-06-07,v1.0
FB004239,BYR000912,PRD001424,Yes,No,Yes,No,No,No,Price too high 😅,Neutral,NORMAL,0.55,2026-07-09,v1.0
FB004240,BYR000819,PRD001711,Yes,No,Yes,No,No,No,Not my style,Neutral,NORMAL,0.72,2026-07-23,v1.0
FB004241,BYR000003,PRD002333,Yes,No,Yes,No,No,No,Irrelevant to my search,Neutral,NORMAL,0.83,2026-05-31,v1.0
FB004242,BYR000645,PRD000814,Yes,No,No,No,Yes,No,Already purchased elsewhere,Negative,NORMAL,0.58,2026-05-19,v1.0
FB004243,BYR000691,PRD000108,Yes,Yes,Yes,No,No,No,Relevant recommendation,Neutral,NORMAL,0.56,2026-05-10,v1.0
FB004244,BYR000256,PRD000505,Yes,Yes,Yes,No,No,No,"Good match, saved to wishlist",Neutral,NORMAL,0.71,2026-06-01,v1.0
FB004245,BYR000994,PRD000038,Yes,Yes,Yes,No,No,No,"Good match, saved to wishlist",Neutral,NORMAL,0.86,2026-07-14,v1.0
FB004246,BYR000361,PRD001327,Yes,No,Yes,No,No,No,Price too high 😅,Neutral,EDGE,0.66,2026-07-10,v1.0
FB004247,BYR000443,PRD002209,Yes,No,Yes,No,No,No,Price too high 😅,Neutral,NORMAL,0.67,2026-05-31,v1.0
FB004248,BYR000929,PRD002283,Yes,No,No,No,Yes,No,Already purchased elsewhere,Negative,NORMAL,0.68,2026-07-30,v1.0
FB004249,BYR000922,PRD000846,Yes,No,No,No,Yes,No,Not interested,Negative,NORMAL,0.79,2026-08-04,v1.0
FB004250,BYR000588,PRD002058,Yes,No,No,No,Yes,No,Duplicate of item I already own,Negative,NORMAL,0.76,2026-05-22,v1.0
FB004251,BYR000357,PRD000163,Yes,No,Yes,No,No,No,Irrelevant to my search,Neutral,NORMAL,0.79,2026-06-20,v1.0
FB004252,BYR000314,PRD001906,Yes,No,Yes,No,No,No,Irrelevant to my search,Neutral,RARE,0.98,2026-05-16,v1.0
FB004253,BYR000383,PRD002219,Yes,Yes,Yes,No,No,No,"Good match, saved to wishlist",Neutral,BOUNDARY,0.98,2026-08-03,v1.0
FB004254,BYR000748,PRD002469,Yes,No,No,No,Yes,Yes,Not interested,Negative,NORMAL,0.94,2026-07-24,v1.0
FB004255,BYR000476,PRD001257,Yes,No,No,No,Yes,No,Not interested,Negative,BOUNDARY,0.93,2026-07-25,v1.0
FB004256,BYR000819,PRD002309,Yes,No,No,No,Yes,No,Already purchased elsewhere,Negative,NORMAL,0.91,2026-06-21,v1.0
FB004257,BYR000687,PRD002809,Yes,No,No,No,Yes,No,Duplicate of item I already own,Negative,BOUNDARY,0.99,2026-07-14,v1.0
FB004258,BYR000786,PRD002029,Yes,No,Yes,No,No,No,Irrelevant to my search,Neutral,NORMAL,0.74,2026-06-22,v1.0
FB004259,BYR000357,PRD000368,Yes,No,No,No,Yes,No,Not interested,Negative,NORMAL,0.65,2026-07-31,v1.0
FB004260,BYR000367,PRD002621,Yes,No,Yes,No,No,No,Price too high 😅,Neutral,NORMAL,0.59,2026-06-15,v1.0
FB004261,BYR000305,PRD000120,Yes,No,Yes,No,No,No,Irrelevant to my search,Neutral,COLD_START,0.77,2026-08-05,v1.0
FB004262,BYR000336,PRD001556,Yes,No,No,No,Yes,No,Already purchased elsewhere,Negative,NORMAL,0.98,2026-05-30,v1.0
FB004263,BYR000791,PRD001077,Yes,No,Yes,No,No,No,Not my style,Neutral,NORMAL,0.53,2026-07-18,v1.0
FB004264,BYR000923,PRD000645,Yes,No,No,No,Yes,No,Duplicate of item I already own,Negative,NORMAL,0.59,2026-05-26,v1.0
FB004265,BYR000267,PRD002364,Yes,No,Yes,No,No,No,Irrelevant to my search,Neutral,COLD_START,0.55,2026-05-16,v1.0
FB004266,BYR000381,PRD002432,Yes,No,No,No,Yes,No,Already purchased elsewhere,Negative,NORMAL,0.98,2026-06-02,v1.0
FB004267,BYR000697,PRD002164,Yes,No,No,No,Yes,No,Not interested,Negative,NORMAL,0.98,2026-07-19,v1.0
FB004268,BYR000945,PRD000919,Yes,No,No,No,Yes,No,Already purchased elsewhere,Negative,NORMAL,0.79,2026-06-07,v1.0
FB004269,BYR000090,PRD000989,Yes,No,Yes,No,No,No,Not my style,Neutral,NORMAL,0.86,2026-07-05,v1.0
FB004270,BYR000183,PRD000286,Yes,Yes,Yes,No,No,No,"Good match, saved to wishlist",Neutral,NORMAL,0.83,2026-07-12,v1.0
FB004271,BYR000028,PRD001174,Yes,Yes,Yes,No,No,No,"Good match, saved to wishlist",Neutral,NORMAL,0.77,2026-07-29,v1.0
FB004272,BYR000762,PRD002672,Yes,Yes,Yes,No,No,No,Too expensive for my budget,Neutral,NORMAL,0.77,2026-05-19,v1.0
FB004273,BYR000465,PRD001653,Yes,No,No,No,Yes,No,Duplicate of item I already own,Negative,NORMAL,0.92,2026-06-01,v1.0
FB004274,BYR000034,PRD001901,Yes,No,No,No,Yes,Yes,Duplicate of item I already own,Negative,NORMAL,0.71,2026-05-28,v1.0
FB004275,BYR000124,PRD001806,Yes,No,Yes,No,No,No,Irrelevant to my search,Neutral,NORMAL,0.62,2026-07-12,v1.0
FB004276,BYR000486,PRD002902,Yes,No,Yes,No,No,No,Not my style,Neutral,NORMAL,0.85,2026-07-17,v1.0
FB004277,BYR000104,PRD001471,Yes,No,No,No,Yes,No,Already purchased elsewhere,Negative,EDGE,0.52,2026-07-12,v1.0
FB004278,BYR000786,PRD002029,Yes,No,No,No,Yes,No,Duplicate of item I already own,Negative,NORMAL,0.61,2026-07-01,v1.0
FB004279,BYR000463,PRD002652,Yes,No,No,No,Yes,No,Duplicate of item I already own,Negative,BOUNDARY,0.79,2026-06-30,v1.0
FB004280,BYR000118,PRD001675,Yes,No,Yes,No,No,No,Not my style,Neutral,NORMAL,0.99,2026-05-10,v1.0
FB004281,BYR000173,PRD002469,Yes,No,Yes,No,No,No,Irrelevant to my search,Neutral,NORMAL,0.79,2026-06-06,v1.0
FB004282,BYR000475,PRD001826,Yes,Yes,Yes,No,No,No,Too expensive for my budget,Neutral,EDGE,0.96,2026-05-19,v1.0
FB004283,BYR000227,PRD001231,Yes,No,No,No,Yes,No,Already purchased elsewhere,Negative,COLD_START,0.91,2026-07-10,v1.0
FB004284,BYR000711,PRD001286,Yes,No,No,No,Yes,No,Duplicate of item I already own,Negative,NORMAL,0.79,2026-05-13,v1.0
FB004285,BYR000185,PRD001396,Yes,No,Yes,No,No,No,Not my style,Neutral,EDGE,0.95,2026-06-26,v1.0
FB004286,BYR000008,PRD002397,Yes,No,Yes,No,No,No,Not my style,Neutral,NORMAL,0.78,2026-06-13,v1.0
FB004287,BYR000806,PRD000162,Yes,No,Yes,No,No,No,Irrelevant to my search,Neutral,NORMAL,0.87,2026-07-29,v1.0
FB004288,BYR000250,PRD002265,Yes,No,No,No,Yes,No,Already purchased elsewhere,Negative,NORMAL,0.58,2026-07-08,v1.0
FB004289,BYR000270,PRD000295,Yes,No,No,No,Yes,No,Not interested,Negative,NORMAL,0.97,2026-06-15,v1.0
FB004290,BYR000893,PRD000365,Yes,Yes,Yes,Yes,No,No,"Perfect timing, needed this",Positive,NORMAL,0.92,2026-05-08,v1.0
FB004291,BYR000155,PRD000372,Yes,No,Yes,No,No,No,Price too high 😅,Neutral,NEGATIVE,0.74,2026-05-27,v1.0
FB004292,BYR000401,PRD000590,Yes,Yes,Yes,No,No,No,Too expensive for my budget,Neutral,NORMAL,0.5,2026-06-07,v1.0
FB004293,BYR000926,PRD000553,Yes,No,No,No,Yes,No,Duplicate of item I already own,Negative,NEGATIVE,0.62,2026-06-11,v1.0
FB004294,BYR000015,PRD001262,Yes,Yes,Yes,Yes,No,No,Clicked and purchased,Positive,NORMAL,0.93,2026-07-10,v1.0
FB004295,BYR000909,PRD002180,Yes,No,No,No,Yes,No,Already purchased elsewhere,Negative,NORMAL,0.61,2026-05-09,v1.0
FB004296,BYR000654,PRD002595,Yes,No,Yes,No,No,No,Not my style,Neutral,COLD_START,0.75,2026-07-04,v1.0
FB004297,BYR000546,PRD002197,Yes,No,No,No,Yes,No,Duplicate of item I already own,Negative,NORMAL,0.58,2026-05-28,v1.0
FB004298,BYR000069,PRD000210,Yes,Yes,Yes,Yes,No,No,"Perfect timing, needed this",Positive,NORMAL,0.83,2026-05-14,v1.0
FB004299,BYR000216,PRD001849,Yes,No,Yes,No,No,No,Not my style,Neutral,NORMAL,0.89,2026-07-15,v1.0
FB004300,BYR000263,PRD001003,Yes,Yes,Yes,No,No,No,"Good match, saved to wishlist",Neutral,NORMAL,0.76,2026-07-15,v1.0
FB004301,BYR000941,PRD000909,Yes,No,No,No,Yes,No,Not interested,Negative,EDGE,0.84,2026-08-01,v1.0
FB004302,BYR000471,PRD001026,Yes,No,No,No,Yes,No,Not interested,Negative,NORMAL,0.99,2026-05-28,v1.0
FB004303,BYR000597,PRD002089,Yes,No,No,No,Yes,Yes,Not interested,Negative,NORMAL,0.72,2026-07-19,v1.0
FB004304,BYR000040,PRD002491,Yes,No,No,No,Yes,No,Duplicate of item I already own,Negative,NEGATIVE,0.53,2026-06-19,v1.0
FB004305,BYR000319,PRD001849,Yes,No,No,No,Yes,No,Duplicate of item I already own,Negative,BOUNDARY,0.64,2026-07-07,v1.0
FB004306,BYR000350,PRD001245,Yes,No,No,No,Yes,No,Duplicate of item I already own,Negative,NORMAL,0.66,2026-06-26,v1.0
FB004307,BYR000156,PRD002406,Yes,No,No,No,Yes,No,Already purchased elsewhere,Negative,NORMAL,0.66,2026-06-06,v1.0
FB004308,BYR000306,PRD000324,Yes,Yes,Yes,No,No,No,Too expensive for my budget,Neutral,NORMAL,0.56,2026-06-02,v1.0
FB004309,BYR000147,PRD000387,Yes,No,Yes,No,No,No,Not my style,Neutral,NORMAL,0.72,2026-08-06,v1.0
FB004310,BYR000354,PRD001634,Yes,No,No,No,Yes,No,Duplicate of item I already own,Negative,NORMAL,0.92,2026-06-13,v1.0
FB004311,BYR000824,PRD000535,Yes,No,No,No,Yes,No,Duplicate of item I already own,Negative,NEGATIVE,0.63,2026-08-02,v1.0
FB004312,BYR000193,PRD000534,Yes,Yes,Yes,No,No,No,Relevant recommendation,Neutral,NORMAL,0.88,2026-05-18,v1.0
FB004313,BYR000794,PRD001555,Yes,No,Yes,No,No,No,Irrelevant to my search,Neutral,BOUNDARY,0.73,2026-07-26,v1.0
FB004314,BYR000162,PRD002943,Yes,No,No,No,Yes,No,Not interested,Negative,NORMAL,0.73,2026-07-28,v1.0
FB004315,BYR000995,PRD000842,Yes,Yes,Yes,No,No,No,Too expensive for my budget,Neutral,NORMAL,0.94,2026-06-04,v1.0
FB004316,BYR000283,PRD002671,Yes,Yes,Yes,No,No,No,"Good match, saved to wishlist",Neutral,NORMAL,0.62,2026-06-25,v1.0
FB004317,BYR000151,PRD001059,Yes,No,No,No,Yes,No,Duplicate of item I already own,Negative,EDGE,0.92,2026-05-27,v1.0
FB004318,BYR000132,PRD001578,Yes,No,No,No,Yes,No,Not interested,Negative,NEGATIVE,0.62,2026-07-26,v1.0
FB004319,BYR000061,PRD002687,Yes,No,No,No,Yes,No,Already purchased elsewhere,Negative,NEGATIVE,0.69,2026-06-01,v1.0
FB004320,BYR000601,PRD002229,Yes,No,Yes,No,No,No,Irrelevant to my search,Neutral,NORMAL,0.53,2026-05-17,v1.0
FB004321,BYR000497,PRD001451,Yes,No,No,No,Yes,No,Already purchased elsewhere,Negative,NORMAL,0.85,2026-07-25,v1.0
FB004322,BYR000530,PRD000458,Yes,No,No,No,Yes,No,Not interested,Negative,NORMAL,0.91,2026-05-19,v1.0
FB004323,BYR000688,PRD000820,Yes,No,Yes,No,No,No,Irrelevant to my search,Neutral,NORMAL,0.57,2026-07-10,v1.0
FB004324,BYR000758,PRD002863,Yes,No,No,No,Yes,No,Duplicate of item I already own,Negative,NORMAL,0.95,2026-07-31,v1.0
FB004325,BYR000186,PRD002067,Yes,Yes,Yes,No,No,No,Relevant recommendation,Neutral,NORMAL,0.58,2026-08-06,v1.0
FB004326,BYR000486,PRD000005,Yes,Yes,Yes,No,No,No,"Good match, saved to wishlist",Neutral,NORMAL,0.88,2026-05-18,v1.0
FB004327,BYR000077,PRD000757,Yes,Yes,Yes,No,No,No,Relevant recommendation,Neutral,NORMAL,0.97,2026-07-07,v1.0
FB004328,BYR000853,PRD001376,Yes,No,No,No,Yes,No,Not interested,Negative,NORMAL,0.79,2026-06-23,v1.0
FB004329,BYR000290,PRD002988,Yes,No,Yes,No,No,No,Price too high 😅,Neutral,NORMAL,0.88,2026-07-24,v1.0
FB004330,BYR000169,PRD000157,Yes,Yes,Yes,No,No,No,Too expensive for my budget,Neutral,NORMAL,0.54,2026-07-06,v1.0
FB004331,BYR000034,PRD000484,Yes,Yes,Yes,No,No,No,Too expensive for my budget,Neutral,NORMAL,0.67,2026-06-26,v1.0
FB004332,BYR000359,PRD001359,Yes,No,No,No,Yes,No,Duplicate of item I already own,Negative,NORMAL,0.74,2026-07-21,v1.0
FB004333,BYR000583,PRD000570,Yes,Yes,Yes,No,No,No,Too expensive for my budget,Neutral,NORMAL,0.89,2026-05-23,v1.0
FB004334,BYR000301,PRD002999,Yes,Yes,Yes,Yes,No,No,Great match! ⭐⭐⭐⭐⭐,Positive,NORMAL,0.79,2026-07-19,v1.0
FB004335,BYR000250,PRD002576,Yes,No,No,No,Yes,No,Duplicate of item I already own,Negative,NORMAL,0.9,2026-06-30,v1.0
FB004336,BYR000830,PRD000945,Yes,No,Yes,No,No,No,Price too high 😅,Neutral,NORMAL,0.71,2026-07-05,v1.0
FB004337,BYR000386,PRD000119,Yes,No,Yes,No,No,No,Not my style,Neutral,NORMAL,0.78,2026-07-12,v1.0
FB004338,BYR000265,PRD000029,Yes,No,No,No,Yes,No,Not interested,Negative,NORMAL,0.57,2026-05-29,v1.0
FB004339,BYR000569,PRD002565,Yes,Yes,Yes,No,No,No,"Good match, saved to wishlist",Neutral,NORMAL,0.73,2026-07-02,v1.0
FB004340,BYR000144,PRD002930,Yes,No,No,No,Yes,No,Not interested,Negative,NORMAL,0.88,2026-07-06,v1.0
FB004341,BYR000841,PRD002986,Yes,Yes,Yes,No,No,No,"Good match, saved to wishlist",Neutral,NORMAL,0.79,2026-07-10,v1.0
FB004342,BYR000137,PRD002148,Yes,Yes,Yes,No,No,No,"Good match, saved to wishlist",Neutral,NORMAL,0.8,2026-06-10,v1.0
FB004343,BYR000879,PRD001006,Yes,No,No,No,Yes,No,Already purchased elsewhere,Negative,NORMAL,0.82,2026-06-23,v1.0
FB004344,BYR000439,PRD000978,Yes,Yes,Yes,No,No,No,"Good match, saved to wishlist",Neutral,NORMAL,0.79,2026-06-23,v1.0
FB004345,BYR000993,PRD002602,Yes,No,No,No,Yes,Yes,Duplicate of item I already own,Negative,NORMAL,0.59,2026-08-04,v1.0
FB004346,BYR000472,PRD002475,Yes,No,No,No,Yes,No,Already purchased elsewhere,Negative,NORMAL,0.84,2026-05-12,v1.0
FB004347,BYR000964,PRD001089,Yes,Yes,Yes,Yes,No,No,Great match! ⭐⭐⭐⭐⭐,Positive,NORMAL,0.62,2026-07-18,v1.0
FB004348,BYR000486,PRD002768,Yes,No,No,No,Yes,Yes,Duplicate of item I already own,Negative,NEGATIVE,0.53,2026-05-16,v1.0
FB004349,BYR000223,PRD000299,Yes,No,Yes,No,No,No,Irrelevant to my search,Neutral,NORMAL,0.91,2026-06-14,v1.0
FB004350,BYR000407,PRD002473,Yes,No,No,No,Yes,No,Not interested,Negative,NORMAL,0.89,2026-07-05,v1.0
FB004351,BYR000095,PRD000018,Yes,Yes,Yes,Yes,No,No,"Perfect timing, needed this",Positive,COLD_START,0.7,2026-06-30,v1.0
FB004352,BYR000192,PRD000443,Yes,No,No,No,Yes,No,Not interested,Negative,NORMAL,0.86,2026-07-12,v1.0
FB004353,BYR000745,PRD002558,Yes,No,No,No,Yes,No,Not interested,Negative,NORMAL,0.69,2026-06-17,v1.0
FB004354,BYR000895,PRD000563,Yes,Yes,Yes,No,No,No,Relevant recommendation,Neutral,NORMAL,0.72,2026-07-18,v1.0
FB004355,BYR000735,PRD002606,Yes,No,No,No,Yes,No,Not interested,Negative,NORMAL,0.6,2026-08-01,v1.0
FB004356,BYR000260,PRD002632,Yes,No,Yes,No,No,No,Price too high 😅,Neutral,BOUNDARY,0.81,2026-07-21,v1.0
FB004357,BYR000966,PRD002380,Yes,No,No,No,Yes,No,Not interested,Negative,NORMAL,0.58,2026-05-09,v1.0
FB004358,BYR000389,PRD001325,Yes,No,No,No,Yes,No,Not interested,Negative,NORMAL,0.92,2026-06-01,v1.0
FB004359,BYR000163,PRD000791,Yes,No,No,No,Yes,Yes,Duplicate of item I already own,Negative,BOUNDARY,0.87,2026-07-29,v1.0
FB004360,BYR000586,PRD001782,Yes,No,Yes,No,No,No,Irrelevant to my search,Neutral,NORMAL,0.68,2026-07-14,v1.0
FB004361,BYR000802,PRD002929,Yes,Yes,Yes,No,No,No,Relevant recommendation,Neutral,NORMAL,0.56,2026-06-20,v1.0
FB004362,BYR000670,PRD001043,Yes,No,No,No,Yes,No,Already purchased elsewhere,Negative,NORMAL,0.87,2026-07-28,v1.0
FB004363,BYR000203,PRD000147,Yes,No,No,No,Yes,No,Duplicate of item I already own,Negative,NORMAL,0.65,2026-07-15,v1.0
FB004364,BYR000483,PRD001076,Yes,No,Yes,No,No,No,Not my style,Neutral,NORMAL,0.55,2026-08-01,v1.0
FB004365,BYR000767,PRD002375,Yes,No,No,No,Yes,No,Not interested,Negative,NORMAL,0.71,2026-07-11,v1.0
FB004366,BYR000714,PRD002034,Yes,No,No,No,Yes,No,Duplicate of item I already own,Negative,RARE,0.71,2026-07-07,v1.0
FB004367,BYR000321,PRD001094,Yes,No,Yes,No,No,No,Price too high 😅,Neutral,NORMAL,0.81,2026-06-17,v1.0
FB004368,BYR000929,PRD000586,Yes,Yes,Yes,No,No,No,"Good match, saved to wishlist",Neutral,NORMAL,0.84,2026-06-12,v1.0
FB004369,BYR000513,PRD002826,Yes,No,Yes,No,No,No,Price too high 😅,Neutral,NORMAL,0.51,2026-07-22,v1.0
FB004370,BYR000462,PRD000636,Yes,No,No,No,Yes,No,Not interested,Negative,NORMAL,0.65,2026-05-08,v1.0
FB004371,BYR000222,PRD001563,Yes,Yes,Yes,No,No,No,Relevant recommendation,Neutral,EDGE,0.99,2026-07-11,v1.0
FB004372,BYR000912,PRD001034,Yes,No,No,No,Yes,Yes,Not interested,Negative,NORMAL,0.54,2026-07-23,v1.0
FB004373,BYR000213,PRD002704,Yes,Yes,Yes,Yes,No,No,Clicked and purchased,Positive,NORMAL,0.6,2026-06-29,v1.0
FB004374,BYR000345,PRD001955,Yes,No,No,No,Yes,Yes,Not interested,Negative,NORMAL,0.81,2026-05-19,v1.0
FB004375,BYR000919,PRD001827,Yes,Yes,Yes,No,No,No,Relevant recommendation,Neutral,NORMAL,0.62,2026-06-13,v1.0
FB004376,BYR000688,PRD000452,Yes,Yes,Yes,No,No,No,Relevant recommendation,Neutral,NORMAL,0.73,2026-06-11,v1.0
FB004377,BYR000707,PRD001216,Yes,No,No,No,Yes,No,Already purchased elsewhere,Negative,NORMAL,0.55,2026-08-04,v1.0
FB004378,BYR000157,PRD002848,Yes,No,Yes,No,No,No,Price too high 😅,Neutral,NORMAL,0.84,2026-08-04,v1.0
FB004379,BYR000429,PRD000584,Yes,No,No,No,Yes,No,Already purchased elsewhere,Negative,NORMAL,0.69,2026-06-19,v1.0
FB004380,BYR000675,PRD000970,Yes,No,No,No,Yes,No,Not interested,Negative,NORMAL,0.6,2026-06-18,v1.0
FB004381,BYR000827,PRD002978,Yes,No,Yes,No,No,No,Price too high 😅,Neutral,NORMAL,0.7,2026-05-24,v1.0
FB004382,BYR000555,PRD001620,Yes,Yes,Yes,Yes,No,No,Clicked and purchased,Positive,NORMAL,0.57,2026-05-12,v1.0
FB004383,BYR000996,PRD000493,Yes,No,No,No,Yes,No,Already purchased elsewhere,Negative,EDGE,0.74,2026-07-26,v1.0
FB004384,BYR000418,PRD001750,Yes,No,No,No,Yes,No,Already purchased elsewhere,Negative,NORMAL,0.64,2026-06-22,v1.0
FB004385,BYR000591,PRD002158,Yes,No,Yes,No,No,No,Not my style,Neutral,NORMAL,0.85,2026-06-11,v1.0
FB004386,BYR000786,PRD000395,Yes,No,No,No,Yes,No,Duplicate of item I already own,Negative,NORMAL,0.92,2026-05-19,v1.0
FB004387,BYR000084,PRD000037,Yes,No,Yes,No,No,No,Not my style,Neutral,NORMAL,0.5,2026-06-24,v1.0
FB004388,BYR000910,PRD001309,Yes,No,Yes,No,No,No,Not my style,Neutral,NORMAL,0.77,2026-07-04,v1.0
FB004389,BYR000418,PRD001744,Yes,No,No,No,Yes,No,Already purchased elsewhere,Negative,NORMAL,0.64,2026-06-22,v1.0
FB004390,BYR000362,PRD000855,Yes,No,Yes,No,No,No,Not my style,Neutral,NORMAL,0.95,2026-06-07,v1.0
FB004391,BYR000919,PRD000443,Yes,No,No,No,Yes,No,Already purchased elsewhere,Negative,NORMAL,0.85,2026-08-05,v1.0
FB004392,BYR000347,PRD001628,Yes,No,No,No,Yes,No,Not interested,Negative,BOUNDARY,0.97,2026-07-17,v1.0
FB004393,BYR000102,PRD000883,Yes,No,No,No,Yes,No,Duplicate of item I already own,Negative,NORMAL,0.56,2026-07-31,v1.0
FB004394,BYR000264,PRD002203,Yes,No,No,No,Yes,No,Not interested,Negative,NORMAL,0.64,2026-06-06,v1.0
FB004395,BYR000152,PRD001272,Yes,No,No,No,Yes,No,Duplicate of item I already own,Negative,NORMAL,0.9,2026-06-27,v1.0
FB004396,BYR000953,PRD000836,Yes,No,No,No,Yes,No,Not interested,Negative,NORMAL,0.78,2026-06-29,v1.0
FB004397,BYR000026,PRD001106,Yes,No,Yes,No,No,No,Price too high 😅,Neutral,NORMAL,0.84,2026-07-25,v1.0
FB004398,BYR000560,PRD001239,Yes,No,No,No,Yes,No,Not interested,Negative,NORMAL,0.7,2026-06-27,v1.0
FB004399,BYR000820,PRD000692,Yes,No,No,No,Yes,Yes,Duplicate of item I already own,Negative,NORMAL,1.0,2026-06-12,v1.0
FB004400,BYR000055,PRD002906,Yes,No,Yes,No,No,No,Price too high 😅,Neutral,NORMAL,0.7,2026-05-25,v1.0
FB004401,BYR000943,PRD002601,Yes,Yes,Yes,Yes,No,No,Clicked and purchased,Positive,NORMAL,0.6,2026-05-29,v1.0
FB004402,BYR000757,PRD000269,Yes,No,No,No,Yes,No,Duplicate of item I already own,Negative,EDGE,0.77,2026-06-14,v1.0
FB004403,BYR000455,PRD002603,Yes,No,Yes,No,No,No,Not my style,Neutral,NORMAL,0.57,2026-05-14,v1.0
FB004404,BYR000782,PRD001873,Yes,No,No,No,Yes,No,Already purchased elsewhere,Negative,NORMAL,0.92,2026-05-26,v1.0
FB004405,BYR000573,PRD000797,Yes,No,No,No,Yes,No,Not interested,Negative,NORMAL,0.52,2026-08-05,v1.0
FB004406,BYR000427,PRD002615,Yes,No,No,No,Yes,No,Duplicate of item I already own,Negative,NORMAL,0.88,2026-05-20,v1.0
FB004407,BYR000098,PRD000258,Yes,No,No,No,Yes,No,Duplicate of item I already own,Negative,NORMAL,0.7,2026-05-27,v1.0
FB004408,BYR000752,PRD000546,Yes,No,Yes,No,No,No,Irrelevant to my search,Neutral,COLD_START,0.98,2026-05-20,v1.0
FB004409,BYR000768,PRD002544,Yes,No,No,No,Yes,No,Duplicate of item I already own,Negative,NORMAL,0.9,2026-08-04,v1.0
FB004410,BYR000360,PRD002659,Yes,No,No,No,Yes,No,Already purchased elsewhere,Negative,NORMAL,0.76,2026-07-20,v1.0
FB004411,BYR000864,PRD002327,Yes,Yes,Yes,No,No,No,"Good match, saved to wishlist",Neutral,BOUNDARY,0.66,2026-08-03,v1.0
FB004412,BYR000975,PRD000457,Yes,Yes,Yes,No,No,No,Too expensive for my budget,Neutral,NORMAL,0.52,2026-05-21,v1.0
FB004413,BYR000977,PRD000551,Yes,Yes,Yes,Yes,No,No,Clicked and purchased,Positive,NORMAL,0.56,2026-07-17,v1.0
FB004414,BYR000274,PRD002380,Yes,No,Yes,No,No,No,Irrelevant to my search,Neutral,NORMAL,0.53,2026-07-21,v1.0
FB004415,BYR000556,PRD001747,Yes,No,Yes,No,No,No,Not my style,Neutral,NORMAL,0.54,2026-05-09,v1.0
FB004416,BYR000773,PRD000381,Yes,Yes,Yes,No,No,No,Too expensive for my budget,Neutral,NORMAL,0.78,2026-07-03,v1.0
FB004417,BYR000563,PRD001531,Yes,No,No,No,Yes,No,Already purchased elsewhere,Negative,NORMAL,0.85,2026-08-01,v1.0
FB004418,BYR000490,PRD000594,Yes,No,No,No,Yes,No,Duplicate of item I already own,Negative,NORMAL,0.78,2026-06-28,v1.0
FB004419,BYR000714,PRD001460,Yes,Yes,Yes,No,No,No,"Good match, saved to wishlist",Neutral,NORMAL,0.73,2026-06-09,v1.0
FB004420,BYR000441,PRD002458,Yes,No,Yes,No,No,No,Not my style,Neutral,EDGE,0.92,2026-05-25,v1.0
FB004421,BYR000140,PRD000967,Yes,Yes,Yes,No,No,No,Too expensive for my budget,Neutral,NORMAL,0.62,2026-07-20,v1.0
FB004422,BYR000939,PRD000879,Yes,Yes,Yes,No,No,No,Relevant recommendation,Neutral,NORMAL,0.77,2026-06-23,v1.0
FB004423,BYR000637,PRD002169,Yes,Yes,Yes,Yes,No,No,Great match! ⭐⭐⭐⭐⭐,Positive,NORMAL,0.59,2026-06-22,v1.0
FB004424,BYR000130,PRD002230,Yes,Yes,Yes,No,No,No,"Good match, saved to wishlist",Neutral,NORMAL,0.91,2026-06-27,v1.0
FB004425,BYR000282,PRD002529,Yes,Yes,Yes,No,No,No,Too expensive for my budget,Neutral,NORMAL,0.53,2026-07-12,v1.0
FB004426,BYR000561,PRD001602,Yes,No,Yes,No,No,No,Irrelevant to my search,Neutral,NORMAL,0.54,2026-06-22,v1.0
FB004427,BYR000658,PRD001861,Yes,No,No,No,Yes,No,Duplicate of item I already own,Negative,NORMAL,0.69,2026-06-13,v1.0
FB004428,BYR000029,PRD001345,Yes,No,Yes,No,No,No,Price too high 😅,Neutral,COLD_START,0.85,2026-07-29,v1.0
FB004429,BYR000444,PRD001523,Yes,No,Yes,No,No,No,Irrelevant to my search,Neutral,NORMAL,0.66,2026-06-09,v1.0
FB004430,BYR000393,PRD002788,Yes,No,Yes,No,No,No,Price too high 😅,Neutral,NORMAL,0.79,2026-07-25,v1.0
FB004431,BYR000574,PRD000148,Yes,No,No,No,Yes,No,Duplicate of item I already own,Negative,NEGATIVE,0.88,2026-08-05,v1.0
FB004432,BYR000974,PRD001620,Yes,No,No,No,Yes,No,Duplicate of item I already own,Negative,RARE,0.89,2026-07-27,v1.0
FB004433,BYR000152,PRD001045,Yes,No,No,No,Yes,No,Not interested,Negative,NORMAL,0.54,2026-06-10,v1.0
FB004434,BYR000197,PRD001136,Yes,No,Yes,No,No,No,Price too high 😅,Neutral,NORMAL,0.66,2026-06-02,v1.0
FB004435,BYR000637,PRD001301,Yes,No,No,No,Yes,No,Already purchased elsewhere,Negative,NORMAL,0.52,2026-06-07,v1.0
FB004436,BYR000715,PRD001541,Yes,Yes,Yes,Yes,No,No,Clicked and purchased,Positive,NORMAL,0.72,2026-07-03,v1.0
FB004437,BYR000307,PRD002381,Yes,No,No,No,Yes,No,Duplicate of item I already own,Negative,NORMAL,0.65,2026-06-06,v1.0
FB004438,BYR000150,PRD002892,Yes,No,No,No,Yes,No,Duplicate of item I already own,Negative,NORMAL,0.75,2026-06-12,v1.0
FB004439,BYR000487,PRD001637,Yes,No,No,No,Yes,No,Already purchased elsewhere,Negative,NORMAL,0.88,2026-08-03,v1.0
FB004440,BYR000237,PRD002141,Yes,Yes,Yes,No,No,No,"Good match, saved to wishlist",Neutral,NEGATIVE,0.71,2026-06-20,v1.0
FB004441,BYR000741,PRD002708,Yes,No,No,No,Yes,No,Already purchased elsewhere,Negative,RARE,0.69,2026-06-08,v1.0
FB004442,BYR000562,PRD000467,Yes,No,Yes,No,No,No,Not my style,Neutral,NORMAL,0.83,2026-05-22,v1.0
FB004443,BYR000704,PRD000457,Yes,No,No,No,Yes,No,Already purchased elsewhere,Negative,NORMAL,0.93,2026-07-10,v1.0
FB004444,BYR000567,PRD000889,Yes,No,Yes,No,No,No,Price too high 😅,Neutral,NORMAL,0.51,2026-05-10,v1.0
FB004445,BYR000353,PRD001535,Yes,Yes,Yes,No,No,No,Relevant recommendation,Neutral,NORMAL,0.57,2026-07-03,v1.0
FB004446,BYR000270,PRD001991,Yes,No,No,No,Yes,No,Not interested,Negative,NORMAL,0.55,2026-05-22,v1.0
FB004447,BYR000459,PRD001166,Yes,No,No,No,Yes,No,Duplicate of item I already own,Negative,NORMAL,0.75,2026-06-13,v1.0
FB004448,BYR000664,PRD002077,Yes,Yes,Yes,No,No,No,Relevant recommendation,Neutral,NORMAL,0.66,2026-05-15,v1.0
FB004449,BYR000197,PRD002418,Yes,No,No,No,Yes,No,Not interested,Negative,NEGATIVE,0.61,2026-05-24,v1.0
FB004450,BYR000058,PRD000139,Yes,No,No,No,Yes,No,Not interested,Negative,BOUNDARY,0.95,2026-05-26,v1.0
FB004451,BYR000497,PRD002878,Yes,No,No,No,Yes,No,Not interested,Negative,NORMAL,0.63,2026-07-18,v1.0
FB004452,BYR000681,PRD000241,Yes,No,Yes,No,No,No,Irrelevant to my search,Neutral,NORMAL,0.7,2026-05-20,v1.0
FB004453,BYR000599,PRD002825,Yes,No,No,No,Yes,No,Already purchased elsewhere,Negative,NORMAL,0.73,2026-06-19,v1.0
FB004454,BYR000372,PRD001199,Yes,No,Yes,No,No,No,Not my style,Neutral,NORMAL,0.99,2026-05-31,v1.0
FB004455,BYR000482,PRD000727,Yes,No,Yes,No,No,No,Not my style,Neutral,NORMAL,0.68,2026-06-30,v1.0
FB004456,BYR000364,PRD001144,Yes,No,No,No,Yes,Yes,Already purchased elsewhere,Negative,NORMAL,0.72,2026-05-09,v1.0
FB004457,BYR000309,PRD000642,Yes,Yes,Yes,No,No,No,Relevant recommendation,Neutral,NORMAL,0.97,2026-06-30,v1.0
FB004458,BYR000006,PRD000739,Yes,Yes,Yes,No,No,No,"Good match, saved to wishlist",Neutral,NORMAL,0.73,2026-05-09,v1.0
FB004459,BYR000833,PRD001616,Yes,No,No,No,Yes,No,Duplicate of item I already own,Negative,NORMAL,0.79,2026-05-09,v1.0
FB004460,BYR000824,PRD000525,Yes,Yes,Yes,No,No,No,"Good match, saved to wishlist",Neutral,BOUNDARY,0.91,2026-07-02,v1.0
FB004461,BYR000938,PRD000925,Yes,No,No,No,Yes,No,Already purchased elsewhere,Negative,NORMAL,0.86,2026-05-26,v1.0
FB004462,BYR000620,PRD002402,Yes,No,No,No,Yes,No,Duplicate of item I already own,Negative,NORMAL,0.89,2026-06-03,v1.0
FB004463,BYR000027,PRD002705,Yes,No,Yes,No,No,No,Price too high 😅,Neutral,NORMAL,0.91,2026-06-21,v1.0
FB004464,BYR000087,PRD002429,Yes,No,Yes,No,No,No,Not my style,Neutral,NEGATIVE,0.92,2026-07-11,v1.0
FB004465,BYR000879,PRD001120,Yes,Yes,Yes,No,No,No,"Good match, saved to wishlist",Neutral,NORMAL,0.87,2026-06-20,v1.0
FB004466,BYR000421,PRD000459,Yes,No,No,No,Yes,No,Already purchased elsewhere,Negative,NORMAL,0.57,2026-06-19,v1.0
FB004467,BYR000517,PRD002076,Yes,No,Yes,No,No,No,Irrelevant to my search,Neutral,NORMAL,0.77,2026-06-07,v1.0
FB004468,BYR000650,PRD002994,Yes,No,No,No,Yes,No,Not interested,Negative,NORMAL,0.5,2026-07-03,v1.0
FB004469,BYR000855,PRD000037,Yes,No,Yes,No,No,No,Irrelevant to my search,Neutral,NORMAL,0.56,2026-07-04,v1.0
FB004470,BYR000301,PRD002510,Yes,Yes,Yes,No,No,No,Too expensive for my budget,Neutral,RARE,0.69,2026-06-25,v1.0
FB004471,BYR000056,PRD000254,Yes,No,Yes,No,No,No,Price too high 😅,Neutral,NORMAL,0.78,2026-07-31,v1.0
FB004472,BYR000111,PRD000472,Yes,No,Yes,No,No,No,Price too high 😅,Neutral,NORMAL,0.78,2026-08-04,v1.0
FB004473,BYR000683,PRD000748,Yes,Yes,Yes,No,No,No,Relevant recommendation,Neutral,NORMAL,0.86,2026-06-15,v1.0
FB004474,BYR000498,PRD002207,Yes,Yes,Yes,No,No,No,"Good match, saved to wishlist",Neutral,NORMAL,0.83,2026-05-18,v1.0
FB004475,BYR000896,PRD000103,Yes,No,No,No,Yes,No,Not interested,Negative,COLD_START,0.91,2026-07-19,v1.0
FB004476,BYR000932,PRD001029,Yes,No,No,No,Yes,No,Already purchased elsewhere,Negative,BOUNDARY,0.63,2026-05-13,v1.0
FB004477,BYR000562,PRD000713,Yes,No,No,No,Yes,No,Not interested,Negative,EDGE,0.61,2026-06-27,v1.0
FB004478,BYR000237,PRD000165,Yes,No,No,No,Yes,No,Duplicate of item I already own,Negative,NORMAL,0.8,2026-06-02,v1.0
FB004479,BYR000246,PRD001205,Yes,No,No,No,Yes,No,Duplicate of item I already own,Negative,NORMAL,0.59,2026-05-28,v1.0
FB004480,BYR000841,PRD001571,Yes,No,Yes,No,No,No,Irrelevant to my search,Neutral,NORMAL,0.87,2026-06-25,v1.0
FB004481,BYR000855,PRD001616,Yes,Yes,Yes,Yes,No,No,"Perfect timing, needed this",Positive,NORMAL,0.78,2026-06-08,v1.0
FB004482,BYR000478,PRD002294,Yes,No,Yes,No,No,No,Price too high 😅,Neutral,NORMAL,0.84,2026-06-12,v1.0
FB004483,BYR000933,PRD000099,Yes,No,No,No,Yes,No,Already purchased elsewhere,Negative,NORMAL,0.8,2026-07-01,v1.0
FB004484,BYR000597,PRD000245,Yes,No,No,No,Yes,No,Duplicate of item I already own,Negative,EDGE,0.94,2026-08-02,v1.0
FB004485,BYR000309,PRD001069,Yes,Yes,Yes,No,No,No,Relevant recommendation,Neutral,NORMAL,0.55,2026-07-24,v1.0
FB004486,BYR000721,PRD001823,Yes,Yes,Yes,No,No,No,"Good match, saved to wishlist",Neutral,BOUNDARY,0.93,2026-07-16,v1.0
FB004487,BYR000655,PRD002920,Yes,No,No,No,Yes,No,Not interested,Negative,BOUNDARY,0.5,2026-06-06,v1.0
FB004488,BYR000452,PRD002541,Yes,Yes,Yes,No,No,No,Relevant recommendation,Neutral,NORMAL,0.68,2026-05-12,v1.0
FB004489,BYR000596,PRD002774,Yes,No,No,No,Yes,No,Already purchased elsewhere,Negative,EDGE,0.58,2026-06-13,v1.0
FB004490,BYR000671,PRD000636,Yes,No,Yes,No,No,No,Price too high 😅,Neutral,NORMAL,0.6,2026-07-04,v1.0
FB004491,BYR000404,PRD002410,Yes,No,Yes,No,No,No,Irrelevant to my search,Neutral,NORMAL,0.77,2026-06-23,v1.0
FB004492,BYR000596,PRD001119,Yes,No,No,No,Yes,Yes,Not interested,Negative,NORMAL,0.84,2026-06-19,v1.0
FB004493,BYR000080,PRD000710,Yes,No,Yes,No,No,No,Not my style,Neutral,EDGE,0.68,2026-06-17,v1.0
FB004494,BYR000548,PRD002503,Yes,No,No,No,Yes,No,Duplicate of item I already own,Negative,NORMAL,0.81,2026-05-22,v1.0
FB004495,BYR000611,PRD001968,Yes,Yes,Yes,No,No,No,"Good match, saved to wishlist",Neutral,NORMAL,0.58,2026-06-27,v1.0
FB004496,BYR000422,PRD001006,Yes,Yes,Yes,No,No,No,"Good match, saved to wishlist",Neutral,NORMAL,0.81,2026-07-13,v1.0
FB004497,BYR000002,PRD001836,Yes,No,Yes,No,No,No,Irrelevant to my search,Neutral,NORMAL,0.91,2026-06-30,v1.0
FB004498,BYR000010,PRD001175,Yes,Yes,Yes,No,No,No,"Good match, saved to wishlist",Neutral,COLD_START,0.93,2026-06-30,v1.0
FB004499,BYR000495,PRD002631,Yes,No,Yes,No,No,No,Price too high 😅,Neutral,RARE,0.91,2026-06-23,v1.0
FB004500,BYR000911,PRD001090,Yes,No,Yes,No,No,No,Price too high 😅,Neutral,BOUNDARY,0.77,2026-07-02,v1.0
FB004501,BYR000085,PRD002239,Yes,No,Yes,No,No,No,Not my style,Neutral,NORMAL,0.92,2026-07-09,v1.0
FB004502,BYR000029,PRD001963,Yes,No,Yes,No,No,No,Irrelevant to my search,Neutral,NORMAL,0.71,2026-06-17,v1.0
FB004503,BYR000160,PRD000966,Yes,No,No,No,Yes,No,Not interested,Negative,NEGATIVE,0.94,2026-05-17,v1.0
FB004504,BYR000720,PRD000288,Yes,No,Yes,No,No,No,Not my style,Neutral,NORMAL,0.89,2026-06-03,v1.0
FB004505,BYR000861,PRD000436,Yes,Yes,Yes,No,No,No,Too expensive for my budget,Neutral,NORMAL,0.85,2026-06-17,v1.0
FB004506,BYR000515,PRD001663,Yes,No,No,No,Yes,No,Not interested,Negative,NORMAL,0.8,2026-07-02,v1.0
FB004507,BYR000338,PRD002988,Yes,Yes,Yes,No,No,No,Relevant recommendation,Neutral,NORMAL,0.65,2026-07-25,v1.0
FB004508,BYR000742,PRD001435,Yes,No,No,No,Yes,No,Already purchased elsewhere,Negative,NORMAL,0.91,2026-07-26,v1.0
FB004509,BYR000625,PRD002475,Yes,Yes,Yes,No,No,No,"Good match, saved to wishlist",Neutral,NORMAL,1.0,2026-07-04,v1.0
FB004510,BYR000825,PRD002592,Yes,Yes,Yes,No,No,No,"Good match, saved to wishlist",Neutral,NORMAL,0.92,2026-06-18,v1.0
FB004511,BYR000486,PRD000101,Yes,No,Yes,No,No,No,Not my style,Neutral,NORMAL,0.52,2026-07-18,v1.0
FB004512,BYR000320,PRD002064,Yes,No,No,No,Yes,No,Duplicate of item I already own,Negative,NORMAL,0.6,2026-06-03,v1.0
FB004513,BYR000375,PRD000683,Yes,No,Yes,No,No,No,Irrelevant to my search,Neutral,NORMAL,0.95,2026-06-28,v1.0
FB004514,BYR000089,PRD000841,Yes,No,Yes,No,No,No,Price too high 😅,Neutral,NORMAL,0.86,2026-07-31,v1.0
FB004515,BYR000133,PRD002642,Yes,No,No,No,Yes,Yes,Not interested,Negative,NORMAL,0.98,2026-07-03,v1.0
FB004516,BYR000531,PRD002952,Yes,No,Yes,No,No,No,Price too high 😅,Neutral,NORMAL,0.52,2026-07-18,v1.0
FB004517,BYR000386,PRD000388,Yes,No,Yes,No,No,No,Not my style,Neutral,NEGATIVE,0.86,2026-05-11,v1.0
FB004518,BYR000151,PRD001309,Yes,Yes,Yes,Yes,No,No,"Perfect timing, needed this",Positive,NORMAL,0.77,2026-05-27,v1.0
FB004519,BYR000354,PRD002830,Yes,Yes,Yes,No,No,No,"Good match, saved to wishlist",Neutral,NORMAL,0.71,2026-08-01,v1.0
FB004520,BYR000122,PRD001539,Yes,No,Yes,No,No,No,Not my style,Neutral,NORMAL,0.75,2026-06-16,v1.0
FB004521,BYR000207,PRD002889,Yes,No,Yes,No,No,No,Price too high 😅,Neutral,NORMAL,0.97,2026-07-08,v1.0
FB004522,BYR000531,PRD001013,Yes,No,No,No,Yes,No,Duplicate of item I already own,Negative,NORMAL,0.62,2026-05-08,v1.0
FB004523,BYR000890,PRD002488,Yes,No,No,No,Yes,No,Duplicate of item I already own,Negative,NORMAL,0.66,2026-06-14,v1.0
FB004524,BYR000369,PRD002987,Yes,No,No,No,Yes,No,Duplicate of item I already own,Negative,NORMAL,0.7,2026-06-09,v1.0
FB004525,BYR000082,PRD000801,Yes,Yes,Yes,No,No,No,Relevant recommendation,Neutral,EDGE,0.94,2026-05-28,v1.0
FB004526,BYR000435,PRD001636,Yes,Yes,Yes,No,No,No,Too expensive for my budget,Neutral,NORMAL,0.6,2026-07-29,v1.0
FB004527,BYR000548,PRD000589,Yes,No,No,No,Yes,No,Not interested,Negative,NORMAL,0.71,2026-08-04,v1.0
FB004528,BYR000730,PRD000688,Yes,No,No,No,Yes,No,Duplicate of item I already own,Negative,EDGE,0.78,2026-08-05,v1.0
FB004529,BYR000228,PRD002714,Yes,No,No,No,Yes,No,Already purchased elsewhere,Negative,NORMAL,0.79,2026-08-03,v1.0
FB004530,BYR000406,PRD001030,Yes,Yes,Yes,Yes,No,No,Clicked and purchased,Positive,RARE,0.65,2026-05-12,v1.0
FB004531,BYR000761,PRD000986,Yes,No,No,No,Yes,No,Not interested,Negative,NEGATIVE,0.69,2026-06-10,v1.0
FB004532,BYR000569,PRD002438,Yes,Yes,Yes,No,No,No,"Good match, saved to wishlist",Neutral,NORMAL,0.88,2026-06-11,v1.0
FB004533,BYR000477,PRD002227,Yes,No,No,No,Yes,No,Already purchased elsewhere,Negative,NORMAL,0.82,2026-07-03,v1.0
FB004534,BYR000846,PRD002893,Yes,No,Yes,No,No,No,Irrelevant to my search,Neutral,NORMAL,0.63,2026-08-05,v1.0
FB004535,BYR000463,PRD002013,Yes,Yes,Yes,No,No,No,"Good match, saved to wishlist",Neutral,NORMAL,0.97,2026-05-19,v1.0
FB004536,BYR000722,PRD001213,Yes,No,Yes,No,No,No,Irrelevant to my search,Neutral,NORMAL,0.66,2026-08-04,v1.0
FB004537,BYR000111,PRD002125,Yes,No,No,No,Yes,No,Already purchased elsewhere,Negative,NORMAL,0.64,2026-06-04,v1.0
FB004538,BYR000990,PRD001187,Yes,No,No,No,Yes,No,Duplicate of item I already own,Negative,NEGATIVE,0.58,2026-07-25,v1.0
FB004539,BYR000873,PRD002530,Yes,No,Yes,No,No,No,Not my style,Neutral,NEGATIVE,0.95,2026-05-24,v1.0
FB004540,BYR000013,PRD001648,Yes,No,No,No,Yes,No,Not interested,Negative,NORMAL,0.81,2026-07-07,v1.0
FB004541,BYR000178,PRD000084,Yes,No,Yes,No,No,No,Irrelevant to my search,Neutral,BOUNDARY,0.93,2026-05-22,v1.0
FB004542,BYR000634,PRD002160,Yes,No,No,No,Yes,Yes,Not interested,Negative,NORMAL,0.8,2026-05-21,v1.0
FB004543,BYR000404,PRD000386,Yes,No,No,No,Yes,No,Not interested,Negative,NEGATIVE,0.75,2026-07-23,v1.0
FB004544,BYR000192,PRD001839,Yes,Yes,Yes,No,No,No,"Good match, saved to wishlist",Neutral,NORMAL,0.6,2026-05-26,v1.0
FB004545,BYR000620,PRD001956,Yes,Yes,Yes,No,No,No,"Good match, saved to wishlist",Neutral,EDGE,0.96,2026-06-25,v1.0
FB004546,BYR000430,PRD001251,Yes,Yes,Yes,No,No,No,"Good match, saved to wishlist",Neutral,NORMAL,0.76,2026-06-06,v1.0
FB004547,BYR000304,PRD001904,Yes,No,No,No,Yes,Yes,Already purchased elsewhere,Negative,NORMAL,0.73,2026-07-28,v1.0
FB004548,BYR000760,PRD001846,Yes,No,No,No,Yes,No,Already purchased elsewhere,Negative,NORMAL,0.9,2026-06-07,v1.0
FB004549,BYR000452,PRD002640,Yes,No,No,No,Yes,No,Duplicate of item I already own,Negative,NORMAL,0.81,2026-05-25,v1.0
FB004550,BYR000622,PRD002281,Yes,No,No,No,Yes,No,Already purchased elsewhere,Negative,NORMAL,0.84,2026-06-18,v1.0
FB004551,BYR000935,PRD002257,Yes,Yes,Yes,No,No,No,Too expensive for my budget,Neutral,NORMAL,0.85,2026-06-09,v1.0
FB004552,BYR000594,PRD000746,Yes,Yes,Yes,No,No,No,Too expensive for my budget,Neutral,NORMAL,0.69,2026-07-02,v1.0
FB004553,BYR000929,PRD002020,Yes,Yes,Yes,No,No,No,Too expensive for my budget,Neutral,NORMAL,0.52,2026-06-14,v1.0
FB004554,BYR000369,PRD000183,Yes,Yes,Yes,No,No,No,"Good match, saved to wishlist",Neutral,NORMAL,0.99,2026-06-27,v1.0
FB004555,BYR000517,PRD002804,Yes,No,Yes,No,No,No,Price too high 😅,Neutral,NEGATIVE,0.55,2026-05-08,v1.0
FB004556,BYR000860,PRD000742,Yes,Yes,Yes,Yes,No,No,Clicked and purchased,Positive,NORMAL,0.53,2026-07-28,v1.0
FB004557,BYR000466,PRD000219,Yes,No,No,No,Yes,No,Duplicate of item I already own,Negative,NORMAL,0.71,2026-06-28,v1.0
FB004558,BYR000829,PRD000344,Yes,No,No,No,Yes,No,Duplicate of item I already own,Negative,NORMAL,0.98,2026-05-27,v1.0
FB004559,BYR000583,PRD000962,Yes,No,Yes,No,No,No,Price too high 😅,Neutral,NORMAL,0.83,2026-06-19,v1.0
FB004560,BYR000420,PRD001249,Yes,No,No,No,Yes,No,Not interested,Negative,NORMAL,0.98,2026-07-27,v1.0
FB004561,BYR000738,PRD000207,Yes,No,No,No,Yes,Yes,Already purchased elsewhere,Negative,NORMAL,0.96,2026-07-17,v1.0
FB004562,BYR000534,PRD002392,Yes,No,No,No,Yes,No,Duplicate of item I already own,Negative,NORMAL,0.86,2026-06-11,v1.0
FB004563,BYR000992,PRD002094,Yes,No,No,No,Yes,No,Already purchased elsewhere,Negative,COLD_START,0.95,2026-06-18,v1.0
FB004564,BYR000451,PRD000071,Yes,No,No,No,Yes,No,Already purchased elsewhere,Negative,BOUNDARY,0.91,2026-05-26,v1.0
FB004565,BYR000413,PRD002276,Yes,Yes,Yes,No,No,No,Relevant recommendation,Neutral,NORMAL,0.78,2026-06-06,v1.0
FB004566,BYR000727,PRD002820,Yes,No,No,No,Yes,No,Already purchased elsewhere,Negative,NORMAL,0.81,2026-07-15,v1.0
FB004567,BYR000110,PRD001082,Yes,No,No,No,Yes,No,Already purchased elsewhere,Negative,NORMAL,0.58,2026-07-06,v1.0
FB004568,BYR000197,PRD001627,Yes,No,No,No,Yes,No,Not interested,Negative,NORMAL,0.98,2026-07-01,v1.0
FB004569,BYR000513,PRD002747,Yes,No,No,No,Yes,No,Duplicate of item I already own,Negative,NORMAL,0.86,2026-06-22,v1.0
FB004570,BYR000148,PRD001462,Yes,No,Yes,No,No,No,Not my style,Neutral,NEGATIVE,0.74,2026-07-01,v1.0
FB004571,BYR000705,PRD000546,Yes,No,Yes,No,No,No,Price too high 😅,Neutral,NORMAL,0.62,2026-05-19,v1.0
FB004572,BYR000483,PRD001375,Yes,Yes,Yes,No,No,No,Too expensive for my budget,Neutral,NORMAL,0.99,2026-05-23,v1.0
FB004573,BYR000544,PRD002603,Yes,Yes,Yes,No,No,No,"Good match, saved to wishlist",Neutral,NORMAL,0.66,2026-06-27,v1.0
FB004574,BYR000091,PRD002283,Yes,Yes,Yes,Yes,No,No,Great match! ⭐⭐⭐⭐⭐,Positive,NORMAL,0.54,2026-05-16,v1.0
FB004575,BYR000304,PRD002333,Yes,Yes,Yes,No,No,No,Too expensive for my budget,Neutral,NORMAL,0.94,2026-07-18,v1.0
FB004576,BYR000836,PRD000110,Yes,No,No,No,Yes,No,Not interested,Negative,NORMAL,0.52,2026-06-14,v1.0
FB004577,BYR000279,PRD000035,Yes,No,No,No,Yes,Yes,Already purchased elsewhere,Negative,NORMAL,0.92,2026-07-13,v1.0
FB004578,BYR000335,PRD000066,Yes,No,No,No,Yes,No,Duplicate of item I already own,Negative,NORMAL,0.79,2026-05-12,v1.0
FB004579,BYR000916,PRD002001,Yes,No,No,No,Yes,No,Duplicate of item I already own,Negative,BOUNDARY,0.91,2026-06-25,v1.0
FB004580,BYR000072,PRD001539,Yes,No,Yes,No,No,No,Not my style,Neutral,NORMAL,0.56,2026-07-08,v1.0
FB004581,BYR000300,PRD002591,Yes,No,No,No,Yes,No,Duplicate of item I already own,Negative,EDGE,0.79,2026-06-11,v1.0
FB004582,BYR000231,PRD001207,Yes,No,No,No,Yes,No,Not interested,Negative,NORMAL,0.75,2026-07-10,v1.0
FB004583,BYR000853,PRD001404,Yes,No,No,No,Yes,No,Duplicate of item I already own,Negative,NORMAL,0.68,2026-06-04,v1.0
FB004584,BYR000405,PRD000411,Yes,Yes,Yes,No,No,No,"Good match, saved to wishlist",Neutral,NORMAL,0.81,2026-05-22,v1.0
FB004585,BYR000556,PRD001658,Yes,No,Yes,No,No,No,Price too high 😅,Neutral,RARE,0.98,2026-06-20,v1.0
FB004586,BYR000823,PRD001861,Yes,Yes,Yes,Yes,No,No,Great match! ⭐⭐⭐⭐⭐,Positive,EDGE,0.98,2026-07-31,v1.0
FB004587,BYR000428,PRD001206,Yes,No,No,No,Yes,No,Duplicate of item I already own,Negative,NORMAL,0.99,2026-06-25,v1.0
FB004588,BYR000972,PRD000600,Yes,No,Yes,No,No,No,Price too high 😅,Neutral,NORMAL,0.64,2026-07-16,v1.0
FB004589,BYR000729,PRD000068,Yes,No,No,No,Yes,No,Already purchased elsewhere,Negative,NORMAL,0.55,2026-08-03,v1.0
FB004590,BYR000222,PRD000047,Yes,No,No,No,Yes,No,Already purchased elsewhere,Negative,NORMAL,0.89,2026-07-19,v1.0
FB004591,BYR000004,PRD001093,Yes,Yes,Yes,No,No,No,Too expensive for my budget,Neutral,NORMAL,0.61,2026-06-12,v1.0
FB004592,BYR000311,PRD000474,Yes,Yes,Yes,Yes,No,No,Great match! ⭐⭐⭐⭐⭐,Positive,NORMAL,0.54,2026-05-14,v1.0
FB004593,BYR000319,PRD001317,Yes,No,No,No,Yes,Yes,Duplicate of item I already own,Negative,NORMAL,0.64,2026-07-15,v1.0
FB004594,BYR000073,PRD002454,Yes,No,No,No,Yes,No,Not interested,Negative,NORMAL,0.78,2026-06-11,v1.0
FB004595,BYR000117,PRD000739,Yes,No,Yes,No,No,No,Price too high 😅,Neutral,NORMAL,0.62,2026-07-12,v1.0
FB004596,BYR000872,PRD001501,Yes,Yes,Yes,No,No,No,Relevant recommendation,Neutral,NORMAL,0.85,2026-06-05,v1.0
FB004597,BYR000179,PRD001338,Yes,Yes,Yes,No,No,No,Relevant recommendation,Neutral,NORMAL,0.9,2026-07-03,v1.0
FB004598,BYR000094,PRD002636,Yes,No,No,No,Yes,No,Not interested,Negative,NORMAL,0.81,2026-05-08,v1.0
FB004599,BYR000613,PRD001830,Yes,No,No,No,Yes,No,Duplicate of item I already own,Negative,RARE,0.57,2026-06-03,v1.0
FB004600,BYR000534,PRD001496,Yes,No,No,No,Yes,No,Already purchased elsewhere,Negative,NORMAL,0.77,2026-06-14,v1.0
FB004601,BYR000353,PRD001594,Yes,Yes,Yes,No,No,No,"Good match, saved to wishlist",Neutral,NEGATIVE,0.92,2026-06-06,v1.0
FB004602,BYR000586,PRD000365,Yes,No,No,No,Yes,No,Already purchased elsewhere,Negative,NORMAL,0.95,2026-07-30,v1.0
FB004603,BYR000593,PRD001898,Yes,Yes,Yes,Yes,No,No,Great match! ⭐⭐⭐⭐⭐,Positive,NORMAL,0.85,2026-06-30,v1.0
FB004604,BYR000852,PRD002008,Yes,Yes,Yes,No,No,No,Relevant recommendation,Neutral,NORMAL,0.85,2026-06-11,v1.0
FB004605,BYR000643,PRD000378,Yes,No,No,No,Yes,No,Duplicate of item I already own,Negative,EDGE,0.77,2026-07-06,v1.0
FB004606,BYR000691,PRD001300,Yes,Yes,Yes,No,No,No,"Good match, saved to wishlist",Neutral,EDGE,0.87,2026-06-06,v1.0
FB004607,BYR000687,PRD002809,Yes,No,Yes,No,No,No,Not my style,Neutral,BOUNDARY,0.82,2026-06-24,v1.0
FB004608,BYR000146,PRD000342,Yes,Yes,Yes,No,No,No,Too expensive for my budget,Neutral,NORMAL,0.82,2026-08-05,v1.0
FB004609,BYR000049,PRD002227,Yes,No,No,No,Yes,No,Not interested,Negative,NORMAL,0.81,2026-07-17,v1.0
FB004610,BYR000065,PRD002870,Yes,No,No,No,Yes,No,Already purchased elsewhere,Negative,NORMAL,0.56,2026-06-23,v1.0
FB004611,BYR000040,PRD000342,Yes,Yes,Yes,Yes,No,No,Clicked and purchased,Positive,NORMAL,0.82,2026-06-04,v1.0
FB004612,BYR000742,PRD001435,Yes,No,No,No,Yes,No,Already purchased elsewhere,Negative,NORMAL,0.87,2026-05-29,v1.0
FB004613,BYR000766,PRD002016,Yes,No,Yes,No,No,No,Price too high 😅,Neutral,NORMAL,0.51,2026-05-08,v1.0
FB004614,BYR000108,PRD000142,Yes,No,No,No,Yes,No,Already purchased elsewhere,Negative,NORMAL,0.64,2026-06-20,v1.0
FB004615,BYR000183,PRD001383,Yes,No,No,No,Yes,No,Already purchased elsewhere,Negative,NORMAL,0.68,2026-05-16,v1.0
FB004616,BYR000990,PRD002510,Yes,No,Yes,No,No,No,Price too high 😅,Neutral,NORMAL,0.76,2026-05-19,v1.0
FB004617,BYR000584,PRD000992,Yes,No,No,No,Yes,No,Not interested,Negative,NORMAL,0.64,2026-06-15,v1.0
FB004618,BYR000284,PRD002182,Yes,No,Yes,No,No,No,Not my style,Neutral,NORMAL,0.57,2026-05-16,v1.0
FB004619,BYR000228,PRD000973,Yes,No,No,No,Yes,No,Not interested,Negative,NORMAL,0.97,2026-05-13,v1.0
FB004620,BYR000488,PRD002908,Yes,No,Yes,No,No,No,Irrelevant to my search,Neutral,BOUNDARY,0.71,2026-06-09,v1.0
FB004621,BYR000868,PRD001377,Yes,Yes,Yes,No,No,No,Too expensive for my budget,Neutral,NEGATIVE,0.85,2026-08-04,v1.0
FB004622,BYR000722,PRD001213,Yes,No,No,No,Yes,No,Already purchased elsewhere,Negative,NORMAL,0.52,2026-05-28,v1.0
FB004623,BYR000362,PRD002232,Yes,No,No,No,Yes,No,Already purchased elsewhere,Negative,NORMAL,0.93,2026-05-21,v1.0
FB004624,BYR000214,PRD001108,Yes,Yes,Yes,Yes,No,No,Great match! ⭐⭐⭐⭐⭐,Positive,NORMAL,0.51,2026-05-19,v1.0
FB004625,BYR000116,PRD002291,Yes,No,No,No,Yes,Yes,Already purchased elsewhere,Negative,RARE,0.8,2026-05-15,v1.0
FB004626,BYR000735,PRD001513,Yes,No,No,No,Yes,No,Not interested,Negative,NORMAL,0.6,2026-06-11,v1.0
FB004627,BYR000642,PRD002086,Yes,No,No,No,Yes,Yes,Duplicate of item I already own,Negative,NORMAL,0.77,2026-05-13,v1.0
FB004628,BYR000315,PRD002103,Yes,Yes,Yes,No,No,No,Too expensive for my budget,Neutral,NORMAL,0.74,2026-07-09,v1.0
FB004629,BYR000459,PRD001336,Yes,No,Yes,No,No,No,Irrelevant to my search,Neutral,NORMAL,0.76,2026-07-25,v1.0
FB004630,BYR000658,PRD000747,Yes,Yes,Yes,No,No,No,Relevant recommendation,Neutral,RARE,0.69,2026-05-26,v1.0
FB004631,BYR000686,PRD001720,Yes,No,No,No,Yes,No,Already purchased elsewhere,Negative,NORMAL,0.85,2026-07-30,v1.0
FB004632,BYR000844,PRD000541,Yes,No,No,No,Yes,No,Not interested,Negative,NORMAL,0.68,2026-06-17,v1.0
FB004633,BYR000065,PRD002452,Yes,No,Yes,No,No,No,Not my style,Neutral,NORMAL,0.7,2026-07-13,v1.0
FB004634,BYR000931,PRD000835,Yes,Yes,Yes,No,No,No,Relevant recommendation,Neutral,NORMAL,0.55,2026-06-20,v1.0
FB004635,BYR000087,PRD001118,Yes,Yes,Yes,Yes,No,No,Great match! ⭐⭐⭐⭐⭐,Positive,NORMAL,0.96,2026-05-11,v1.0
FB004636,BYR000261,PRD001604,Yes,No,No,No,Yes,No,Duplicate of item I already own,Negative,NORMAL,0.96,2026-05-31,v1.0
FB004637,BYR000469,PRD001685,Yes,No,Yes,No,No,No,Irrelevant to my search,Neutral,NORMAL,0.69,2026-05-13,v1.0
FB004638,BYR000658,PRD001674,Yes,No,No,No,Yes,No,Duplicate of item I already own,Negative,NORMAL,0.88,2026-06-13,v1.0
FB004639,BYR000108,PRD000142,Yes,No,No,No,Yes,No,Already purchased elsewhere,Negative,NORMAL,0.57,2026-06-04,v1.0
FB004640,BYR000169,PRD000102,Yes,Yes,Yes,No,No,No,"Good match, saved to wishlist",Neutral,EDGE,0.65,2026-05-13,v1.0
FB004641,BYR000612,PRD002912,Yes,No,No,No,Yes,No,Already purchased elsewhere,Negative,NORMAL,0.93,2026-06-14,v1.0
FB004642,BYR000667,PRD001208,Yes,No,No,No,Yes,No,Not interested,Negative,NORMAL,0.84,2026-06-28,v1.0
FB004643,BYR000448,PRD001244,Yes,Yes,Yes,No,No,No,Too expensive for my budget,Neutral,NORMAL,0.94,2026-05-12,v1.0
FB004644,BYR000309,PRD000366,Yes,No,Yes,No,No,No,Price too high 😅,Neutral,RARE,0.71,2026-05-20,v1.0
FB004645,BYR000156,PRD000900,Yes,No,Yes,No,No,No,Irrelevant to my search,Neutral,NORMAL,0.99,2026-07-05,v1.0
FB004646,BYR000667,PRD002646,Yes,Yes,Yes,No,No,No,Relevant recommendation,Neutral,NORMAL,0.77,2026-07-19,v1.0
FB004647,BYR000726,PRD002097,Yes,No,No,No,Yes,No,Duplicate of item I already own,Negative,NORMAL,0.83,2026-06-30,v1.0
FB004648,BYR000084,PRD000150,Yes,Yes,Yes,No,No,No,"Good match, saved to wishlist",Neutral,NORMAL,0.83,2026-07-31,v1.0
FB004649,BYR000681,PRD000635,Yes,Yes,Yes,No,No,No,"Good match, saved to wishlist",Neutral,NEGATIVE,0.8,2026-06-23,v1.0
FB004650,BYR000820,PRD000692,Yes,Yes,Yes,Yes,No,No,Great match! ⭐⭐⭐⭐⭐,Positive,NORMAL,0.92,2026-06-01,v1.0
FB004651,BYR000690,PRD000674,Yes,No,Yes,No,No,No,Price too high 😅,Neutral,NORMAL,0.52,2026-06-23,v1.0
FB004652,BYR000353,PRD000807,Yes,No,No,No,Yes,Yes,Duplicate of item I already own,Negative,NORMAL,0.68,2026-05-14,v1.0
FB004653,BYR000230,PRD001474,Yes,No,Yes,No,No,No,Price too high 😅,Neutral,NEGATIVE,0.68,2026-08-06,v1.0
FB004654,BYR000497,PRD001705,Yes,No,Yes,No,No,No,Not my style,Neutral,RARE,0.79,2026-05-15,v1.0
FB004655,BYR000094,PRD001721,Yes,No,No,No,Yes,No,Already purchased elsewhere,Negative,NORMAL,0.64,2026-06-28,v1.0
FB004656,BYR000260,PRD000539,Yes,No,No,No,Yes,No,Duplicate of item I already own,Negative,NORMAL,0.77,2026-05-18,v1.0
FB004657,BYR000814,PRD002083,Yes,No,No,No,Yes,No,Already purchased elsewhere,Negative,NORMAL,0.73,2026-06-06,v1.0
FB004658,BYR000152,PRD001054,Yes,No,No,No,Yes,No,Not interested,Negative,NORMAL,0.85,2026-05-15,v1.0
FB004659,BYR000192,PRD001448,Yes,No,No,No,Yes,Yes,Already purchased elsewhere,Negative,NORMAL,0.74,2026-05-11,v1.0
FB004660,BYR000938,PRD000896,Yes,Yes,Yes,No,No,No,Relevant recommendation,Neutral,NORMAL,0.93,2026-05-11,v1.0
FB004661,BYR000920,PRD002476,Yes,No,Yes,No,No,No,Price too high 😅,Neutral,NORMAL,0.52,2026-06-24,v1.0
FB004662,BYR000843,PRD002173,Yes,Yes,Yes,No,No,No,"Good match, saved to wishlist",Neutral,NORMAL,0.9,2026-05-15,v1.0
FB004663,BYR000163,PRD001034,Yes,Yes,Yes,No,No,No,"Good match, saved to wishlist",Neutral,NORMAL,0.9,2026-07-03,v1.0
FB004664,BYR000406,PRD002163,Yes,No,Yes,No,No,No,Price too high 😅,Neutral,NORMAL,0.79,2026-07-19,v1.0
FB004665,BYR000378,PRD001229,Yes,No,Yes,No,No,No,Irrelevant to my search,Neutral,NEGATIVE,0.87,2026-05-14,v1.0
FB004666,BYR000269,PRD002397,Yes,No,No,No,Yes,No,Already purchased elsewhere,Negative,NORMAL,0.68,2026-06-11,v1.0
FB004667,BYR000774,PRD002466,Yes,No,No,No,Yes,No,Duplicate of item I already own,Negative,NORMAL,0.92,2026-07-16,v1.0
FB004668,BYR000678,PRD002878,Yes,No,No,No,Yes,No,Duplicate of item I already own,Negative,EDGE,0.92,2026-06-01,v1.0
FB004669,BYR000072,PRD002980,Yes,Yes,Yes,No,No,No,Relevant recommendation,Neutral,NORMAL,0.75,2026-06-27,v1.0
FB004670,BYR000814,PRD001773,Yes,Yes,Yes,No,No,No,Too expensive for my budget,Neutral,NORMAL,0.6,2026-05-10,v1.0
FB004671,BYR000402,PRD002424,Yes,No,No,No,Yes,No,Already purchased elsewhere,Negative,COLD_START,0.59,2026-07-22,v1.0
FB004672,BYR000644,PRD001731,Yes,No,No,No,Yes,Yes,Already purchased elsewhere,Negative,NEGATIVE,0.88,2026-06-29,v1.0
FB004673,BYR000266,PRD002721,Yes,No,No,No,Yes,No,Duplicate of item I already own,Negative,NORMAL,0.6,2026-07-15,v1.0
FB004674,BYR000127,PRD002452,Yes,No,Yes,No,No,No,Price too high 😅,Neutral,NORMAL,0.95,2026-07-30,v1.0
FB004675,BYR000175,PRD002771,Yes,Yes,Yes,No,No,No,Too expensive for my budget,Neutral,NORMAL,0.74,2026-06-13,v1.0
FB004676,BYR000672,PRD000441,Yes,No,No,No,Yes,No,Already purchased elsewhere,Negative,NORMAL,0.92,2026-07-20,v1.0
FB004677,BYR000238,PRD000239,Yes,No,No,No,Yes,No,Not interested,Negative,NORMAL,0.93,2026-07-04,v1.0
FB004678,BYR000924,PRD002795,Yes,No,Yes,No,No,No,Irrelevant to my search,Neutral,NORMAL,0.59,2026-07-23,v1.0
FB004679,BYR000264,PRD000762,Yes,No,Yes,No,No,No,Not my style,Neutral,NORMAL,0.59,2026-06-22,v1.0
FB004680,BYR000163,PRD002091,Yes,No,No,No,Yes,No,Already purchased elsewhere,Negative,NEGATIVE,0.87,2026-06-24,v1.0
FB004681,BYR000301,PRD000955,Yes,No,No,No,Yes,No,Duplicate of item I already own,Negative,NORMAL,0.59,2026-06-14,v1.0
FB004682,BYR000070,PRD001878,Yes,No,No,No,Yes,No,Duplicate of item I already own,Negative,NEGATIVE,0.56,2026-06-06,v1.0
FB004683,BYR000088,PRD002849,Yes,No,No,No,Yes,No,Not interested,Negative,RARE,0.6,2026-07-21,v1.0
FB004684,BYR000422,PRD002404,Yes,Yes,Yes,Yes,No,No,Great match! ⭐⭐⭐⭐⭐,Positive,NORMAL,0.93,2026-06-08,v1.0
FB004685,BYR000916,PRD002915,Yes,No,No,No,Yes,No,Not interested,Negative,NORMAL,0.65,2026-07-14,v1.0
FB004686,BYR000921,PRD001614,Yes,No,No,No,Yes,No,Already purchased elsewhere,Negative,COLD_START,0.93,2026-07-18,v1.0
FB004687,BYR000040,PRD001555,Yes,No,Yes,No,No,No,Not my style,Neutral,NORMAL,0.93,2026-07-05,v1.0
FB004688,BYR000595,PRD002736,Yes,No,Yes,No,No,No,Price too high 😅,Neutral,BOUNDARY,0.9,2026-07-04,v1.0
FB004689,BYR000711,PRD001482,Yes,No,No,No,Yes,No,Not interested,Negative,NORMAL,0.97,2026-05-21,v1.0
FB004690,BYR000717,PRD000167,Yes,No,No,No,Yes,No,Not interested,Negative,NORMAL,0.77,2026-07-08,v1.0
FB004691,BYR000377,PRD000124,Yes,No,No,No,Yes,No,Already purchased elsewhere,Negative,NORMAL,0.73,2026-05-29,v1.0
FB004692,BYR000228,PRD000756,Yes,Yes,Yes,No,No,No,Too expensive for my budget,Neutral,COLD_START,1.0,2026-08-03,v1.0
FB004693,BYR000261,PRD001802,Yes,No,No,No,Yes,No,Duplicate of item I already own,Negative,NORMAL,0.97,2026-07-30,v1.0
FB004694,BYR000987,PRD000838,Yes,No,No,No,Yes,No,Already purchased elsewhere,Negative,NEGATIVE,0.65,2026-06-15,v1.0
FB004695,BYR000068,PRD000619,Yes,No,Yes,No,No,No,Price too high 😅,Neutral,NORMAL,0.99,2026-07-09,v1.0
FB004696,BYR000946,PRD002402,Yes,No,Yes,No,No,No,Not my style,Neutral,NORMAL,0.59,2026-05-18,v1.0
FB004697,BYR000399,PRD002569,Yes,No,Yes,No,No,No,Not my style,Neutral,BOUNDARY,0.95,2026-07-28,v1.0
FB004698,BYR000804,PRD002711,Yes,No,No,No,Yes,No,Not interested,Negative,NORMAL,0.82,2026-06-27,v1.0
FB004699,BYR000700,PRD002729,Yes,No,No,No,Yes,No,Duplicate of item I already own,Negative,EDGE,0.55,2026-05-20,v1.0
FB004700,BYR000057,PRD001097,Yes,No,No,No,Yes,No,Not interested,Negative,NORMAL,0.7,2026-06-01,v1.0
FB004701,BYR000953,PRD000571,Yes,No,Yes,No,No,No,Irrelevant to my search,Neutral,NORMAL,0.69,2026-07-24,v1.0
FB004702,BYR000531,PRD002892,Yes,Yes,Yes,No,No,No,Too expensive for my budget,Neutral,NORMAL,0.91,2026-06-28,v1.0
FB004703,BYR000562,PRD001306,Yes,No,Yes,No,No,No,Not my style,Neutral,NORMAL,0.67,2026-06-23,v1.0
FB004704,BYR000826,PRD000331,Yes,Yes,Yes,No,No,No,"Good match, saved to wishlist",Neutral,BOUNDARY,0.57,2026-06-16,v1.0
FB004705,BYR000859,PRD002327,Yes,No,No,No,Yes,No,Duplicate of item I already own,Negative,NORMAL,0.52,2026-06-15,v1.0
FB004706,BYR000200,PRD000629,Yes,Yes,Yes,No,No,No,Relevant recommendation,Neutral,EDGE,0.88,2026-05-14,v1.0
FB004707,BYR000046,PRD000349,Yes,No,Yes,No,No,No,Not my style,Neutral,NORMAL,0.51,2026-06-19,v1.0
FB004708,BYR000884,PRD002857,Yes,Yes,Yes,No,No,No,"Good match, saved to wishlist",Neutral,BOUNDARY,0.77,2026-06-11,v1.0
FB004709,BYR000279,PRD000589,Yes,No,No,No,Yes,No,Not interested,Negative,EDGE,0.53,2026-05-08,v1.0
FB004710,BYR000113,PRD002510,Yes,No,Yes,No,No,No,Not my style,Neutral,NORMAL,0.92,2026-08-03,v1.0
FB004711,BYR000971,PRD001696,Yes,Yes,Yes,No,No,No,Too expensive for my budget,Neutral,NORMAL,0.9,2026-06-21,v1.0
FB004712,BYR000364,PRD000184,Yes,Yes,Yes,No,No,No,"Good match, saved to wishlist",Neutral,NORMAL,0.7,2026-07-18,v1.0
FB004713,BYR000576,PRD001206,Yes,No,Yes,No,No,No,Price too high 😅,Neutral,NORMAL,0.94,2026-05-17,v1.0
FB004714,BYR000852,PRD001424,Yes,No,Yes,No,No,No,Irrelevant to my search,Neutral,NORMAL,0.68,2026-05-24,v1.0
FB004715,BYR000934,PRD001181,Yes,No,No,No,Yes,No,Already purchased elsewhere,Negative,NORMAL,0.89,2026-07-21,v1.0
FB004716,BYR000727,PRD000206,Yes,No,No,No,Yes,Yes,Already purchased elsewhere,Negative,NORMAL,0.61,2026-06-01,v1.0
FB004717,BYR000909,PRD002180,Yes,No,No,No,Yes,No,Duplicate of item I already own,Negative,NORMAL,0.89,2026-06-18,v1.0
FB004718,BYR000703,PRD000581,Yes,Yes,Yes,No,No,No,"Good match, saved to wishlist",Neutral,NORMAL,0.61,2026-07-13,v1.0
FB004719,BYR000492,PRD000142,Yes,No,No,No,Yes,No,Already purchased elsewhere,Negative,COLD_START,0.75,2026-07-07,v1.0
FB004720,BYR000611,PRD002878,Yes,No,Yes,No,No,No,Not my style,Neutral,NORMAL,0.57,2026-08-02,v1.0
FB004721,BYR000106,PRD001162,Yes,No,No,No,Yes,No,Already purchased elsewhere,Negative,NORMAL,0.78,2026-07-28,v1.0
FB004722,BYR000351,PRD002471,Yes,No,No,No,Yes,No,Duplicate of item I already own,Negative,NORMAL,0.86,2026-08-06,v1.0
FB004723,BYR000055,PRD001697,Yes,No,No,No,Yes,No,Not interested,Negative,NORMAL,0.89,2026-05-08,v1.0
FB004724,BYR000960,PRD000252,Yes,Yes,Yes,No,No,No,Relevant recommendation,Neutral,NORMAL,0.61,2026-06-15,v1.0
FB004725,BYR000130,PRD002703,Yes,Yes,Yes,No,No,No,Relevant recommendation,Neutral,NORMAL,0.74,2026-07-07,v1.0
FB004726,BYR000365,PRD001053,Yes,Yes,Yes,No,No,No,Relevant recommendation,Neutral,NORMAL,0.74,2026-05-26,v1.0
FB004727,BYR000128,PRD002915,Yes,No,Yes,No,No,No,Price too high 😅,Neutral,EDGE,0.52,2026-05-25,v1.0
FB004728,BYR000094,PRD001379,Yes,No,Yes,No,No,No,Not my style,Neutral,NORMAL,0.57,2026-07-03,v1.0
FB004729,BYR000521,PRD002084,Yes,No,No,No,Yes,No,Already purchased elsewhere,Negative,NORMAL,0.81,2026-07-25,v1.0
FB004730,BYR000309,PRD000587,Yes,No,No,No,Yes,No,Duplicate of item I already own,Negative,BOUNDARY,0.76,2026-05-13,v1.0
FB004731,BYR000916,PRD002723,Yes,Yes,Yes,Yes,No,No,Great match! ⭐⭐⭐⭐⭐,Positive,EDGE,0.95,2026-05-27,v1.0
FB004732,BYR000713,PRD002626,Yes,No,No,No,Yes,No,Duplicate of item I already own,Negative,NORMAL,0.66,2026-06-17,v1.0
FB004733,BYR000205,PRD000860,Yes,No,Yes,No,No,No,Irrelevant to my search,Neutral,NORMAL,0.61,2026-06-13,v1.0
FB004734,BYR000330,PRD001629,Yes,No,No,No,Yes,No,Not interested,Negative,NORMAL,0.86,2026-05-08,v1.0
FB004735,BYR000132,PRD002286,Yes,No,No,No,Yes,No,Already purchased elsewhere,Negative,NORMAL,0.94,2026-06-10,v1.0
FB004736,BYR000552,PRD002803,Yes,Yes,Yes,No,No,No,Relevant recommendation,Neutral,NORMAL,0.82,2026-06-29,v1.0
FB004737,BYR000157,PRD000459,Yes,No,No,No,Yes,No,Duplicate of item I already own,Negative,EDGE,0.58,2026-05-18,v1.0
FB004738,BYR000900,PRD001618,Yes,Yes,Yes,No,No,No,Relevant recommendation,Neutral,NORMAL,0.9,2026-05-24,v1.0
FB004739,BYR000079,PRD001534,Yes,No,Yes,No,No,No,Not my style,Neutral,NORMAL,0.58,2026-05-16,v1.0
FB004740,BYR000633,PRD000774,Yes,No,Yes,No,No,No,Not my style,Neutral,NORMAL,0.61,2026-07-03,v1.0
FB004741,BYR000717,PRD000627,Yes,No,Yes,No,No,No,Price too high 😅,Neutral,NORMAL,0.93,2026-05-10,v1.0
FB004742,BYR000807,PRD000779,Yes,No,Yes,No,No,No,Irrelevant to my search,Neutral,NORMAL,0.68,2026-07-18,v1.0
FB004743,BYR000334,PRD002669,Yes,Yes,Yes,No,No,No,"Good match, saved to wishlist",Neutral,NORMAL,0.73,2026-05-09,v1.0
FB004744,BYR000553,PRD001779,Yes,No,Yes,No,No,No,Irrelevant to my search,Neutral,COLD_START,0.54,2026-07-30,v1.0
FB004745,BYR000577,PRD001050,Yes,No,No,No,Yes,No,Not interested,Negative,NORMAL,0.94,2026-07-13,v1.0
FB004746,BYR000294,PRD000026,Yes,No,No,No,Yes,Yes,Duplicate of item I already own,Negative,BOUNDARY,0.99,2026-08-01,v1.0
FB004747,BYR000684,PRD002952,Yes,No,No,No,Yes,No,Already purchased elsewhere,Negative,RARE,0.77,2026-05-31,v1.0
FB004748,BYR000187,PRD001854,Yes,No,Yes,No,No,No,Irrelevant to my search,Neutral,NORMAL,0.69,2026-06-19,v1.0
FB004749,BYR000213,PRD001537,Yes,No,Yes,No,No,No,Irrelevant to my search,Neutral,NORMAL,0.83,2026-07-08,v1.0
FB004750,BYR000374,PRD001482,Yes,Yes,Yes,Yes,No,No,Great match! ⭐⭐⭐⭐⭐,Positive,NORMAL,0.95,2026-06-03,v1.0
FB004751,BYR000998,PRD000023,Yes,No,Yes,No,No,No,Price too high 😅,Neutral,NORMAL,0.75,2026-05-11,v1.0
FB004752,BYR000238,PRD001599,Yes,No,Yes,No,No,No,Irrelevant to my search,Neutral,NORMAL,0.99,2026-05-15,v1.0
FB004753,BYR000485,PRD002993,Yes,No,No,No,Yes,No,Duplicate of item I already own,Negative,NORMAL,0.92,2026-05-30,v1.0
FB004754,BYR000326,PRD001147,Yes,No,Yes,No,No,No,Price too high 😅,Neutral,NORMAL,0.63,2026-06-15,v1.0
FB004755,BYR000500,PRD000096,Yes,No,No,No,Yes,No,Not interested,Negative,NORMAL,0.54,2026-06-07,v1.0
FB004756,BYR000363,PRD002887,Yes,No,No,No,Yes,Yes,Not interested,Negative,NORMAL,0.52,2026-06-11,v1.0
FB004757,BYR000090,PRD001821,Yes,No,No,No,Yes,Yes,Already purchased elsewhere,Negative,NORMAL,0.64,2026-05-17,v1.0
FB004758,BYR000067,PRD000209,Yes,No,Yes,No,No,No,Price too high 😅,Neutral,BOUNDARY,0.98,2026-07-09,v1.0
FB004759,BYR000266,PRD002243,Yes,Yes,Yes,No,No,No,Too expensive for my budget,Neutral,NORMAL,0.71,2026-05-18,v1.0
FB004760,BYR000985,PRD000407,Yes,No,No,No,Yes,No,Not interested,Negative,NORMAL,0.57,2026-06-16,v1.0
FB004761,BYR000294,PRD000026,Yes,No,No,No,Yes,No,Not interested,Negative,BOUNDARY,0.62,2026-07-12,v1.0
FB004762,BYR000207,PRD002513,Yes,No,Yes,No,No,No,Price too high 😅,Neutral,NORMAL,0.63,2026-05-18,v1.0
FB004763,BYR000442,PRD002768,Yes,No,No,No,Yes,No,Duplicate of item I already own,Negative,NORMAL,0.67,2026-06-24,v1.0
FB004764,BYR000965,PRD001259,Yes,No,Yes,No,No,No,Not my style,Neutral,NORMAL,0.92,2026-07-03,v1.0
FB004765,BYR000191,PRD000645,Yes,No,No,No,Yes,No,Already purchased elsewhere,Negative,NORMAL,0.63,2026-07-15,v1.0
FB004766,BYR000646,PRD002015,Yes,No,No,No,Yes,Yes,Not interested,Negative,NORMAL,0.82,2026-06-01,v1.0
FB004767,BYR000653,PRD001005,Yes,No,No,No,Yes,No,Not interested,Negative,NORMAL,0.82,2026-07-06,v1.0
FB004768,BYR000104,PRD000191,Yes,Yes,Yes,No,No,No,Too expensive for my budget,Neutral,NORMAL,0.98,2026-06-27,v1.0
FB004769,BYR000995,PRD000031,Yes,No,No,No,Yes,No,Not interested,Negative,NORMAL,0.69,2026-05-22,v1.0
FB004770,BYR000926,PRD001151,Yes,No,No,No,Yes,No,Already purchased elsewhere,Negative,NORMAL,0.86,2026-07-04,v1.0
FB004771,BYR000548,PRD002475,Yes,Yes,Yes,No,No,No,"Good match, saved to wishlist",Neutral,NORMAL,0.61,2026-05-30,v1.0
FB004772,BYR000995,PRD001235,Yes,No,Yes,No,No,No,Not my style,Neutral,NORMAL,0.6,2026-06-26,v1.0
FB004773,BYR000027,PRD000245,Yes,No,Yes,No,No,No,Price too high 😅,Neutral,NORMAL,0.72,2026-07-23,v1.0
FB004774,BYR000912,PRD000120,Yes,Yes,Yes,No,No,No,Too expensive for my budget,Neutral,NORMAL,0.58,2026-05-31,v1.0
FB004775,BYR000901,PRD002517,Yes,No,No,No,Yes,No,Duplicate of item I already own,Negative,NORMAL,0.69,2026-06-11,v1.0
FB004776,BYR000116,PRD000481,Yes,Yes,Yes,No,No,No,"Good match, saved to wishlist",Neutral,NORMAL,0.92,2026-06-28,v1.0
FB004777,BYR000183,PRD000443,Yes,No,Yes,No,No,No,Irrelevant to my search,Neutral,NORMAL,0.73,2026-06-02,v1.0
FB004778,BYR000962,PRD000924,Yes,No,No,No,Yes,No,Not interested,Negative,NORMAL,0.88,2026-08-01,v1.0
FB004779,BYR000808,PRD002244,Yes,No,No,No,Yes,No,Already purchased elsewhere,Negative,NORMAL,0.71,2026-07-04,v1.0
FB004780,BYR000834,PRD000935,Yes,No,Yes,No,No,No,Not my style,Neutral,BOUNDARY,0.76,2026-06-08,v1.0
FB004781,BYR000963,PRD000880,Yes,No,Yes,No,No,No,Not my style,Neutral,NORMAL,1.0,2026-07-24,v1.0
FB004782,BYR000277,PRD002118,Yes,Yes,Yes,No,No,No,Too expensive for my budget,Neutral,NORMAL,0.89,2026-06-13,v1.0
FB004783,BYR000782,PRD001962,Yes,Yes,Yes,No,No,No,Relevant recommendation,Neutral,NORMAL,0.73,2026-07-01,v1.0
FB004784,BYR000152,PRD000787,Yes,No,No,No,Yes,No,Already purchased elsewhere,Negative,NORMAL,0.66,2026-07-04,v1.0
FB004785,BYR000371,PRD000376,Yes,No,No,No,Yes,No,Not interested,Negative,NORMAL,0.78,2026-06-27,v1.0
FB004786,BYR000943,PRD001705,Yes,Yes,Yes,No,No,No,Relevant recommendation,Neutral,NORMAL,0.87,2026-05-08,v1.0
FB004787,BYR000151,PRD001818,Yes,No,No,No,Yes,No,Duplicate of item I already own,Negative,NORMAL,0.69,2026-07-23,v1.0
FB004788,BYR000290,PRD002988,Yes,No,No,No,Yes,No,Already purchased elsewhere,Negative,NORMAL,0.95,2026-06-26,v1.0
FB004789,BYR000054,PRD000174,Yes,No,No,No,Yes,No,Duplicate of item I already own,Negative,NORMAL,0.6,2026-05-28,v1.0
FB004790,BYR000925,PRD002067,Yes,No,Yes,No,No,No,Not my style,Neutral,EDGE,0.71,2026-06-20,v1.0
FB004791,BYR000641,PRD001078,Yes,No,Yes,No,No,No,Not my style,Neutral,NEGATIVE,0.89,2026-06-17,v1.0
FB004792,BYR000679,PRD001514,Yes,Yes,Yes,No,No,No,Too expensive for my budget,Neutral,RARE,0.57,2026-06-06,v1.0
FB004793,BYR000277,PRD002118,Yes,No,No,No,Yes,No,Already purchased elsewhere,Negative,NORMAL,0.94,2026-08-03,v1.0
FB004794,BYR000397,PRD002079,Yes,No,No,No,Yes,No,Not interested,Negative,NORMAL,0.72,2026-05-12,v1.0
FB004795,BYR000209,PRD002517,Yes,No,No,No,Yes,No,Duplicate of item I already own,Negative,NORMAL,0.61,2026-07-09,v1.0
FB004796,BYR000309,PRD000366,Yes,No,Yes,No,No,No,Not my style,Neutral,RARE,0.64,2026-07-02,v1.0
FB004797,BYR000969,PRD000405,Yes,No,No,No,Yes,No,Not interested,Negative,NORMAL,0.67,2026-07-11,v1.0
FB004798,BYR000416,PRD002638,Yes,No,No,No,Yes,No,Already purchased elsewhere,Negative,NORMAL,0.84,2026-05-23,v1.0
FB004799,BYR000372,PRD003000,Yes,No,Yes,No,No,No,Irrelevant to my search,Neutral,BOUNDARY,0.97,2026-07-30,v1.0
FB004800,BYR001000,PRD001191,Yes,No,Yes,No,No,No,Price too high 😅,Neutral,EDGE,0.93,2026-06-25,v1.0
FB004801,BYR000461,PRD002737,Yes,No,No,No,Yes,No,Duplicate of item I already own,Negative,NEGATIVE,0.66,2026-05-28,v1.0
FB004802,BYR000629,PRD002532,Yes,No,No,No,Yes,No,Duplicate of item I already own,Negative,NORMAL,0.62,2026-05-18,v1.0
FB004803,BYR000716,PRD000171,Yes,No,No,No,Yes,No,Not interested,Negative,COLD_START,0.99,2026-07-30,v1.0
FB004804,BYR000678,PRD002110,Yes,No,Yes,No,No,No,Irrelevant to my search,Neutral,NORMAL,0.98,2026-07-08,v1.0
FB004805,BYR000670,PRD002245,Yes,Yes,Yes,Yes,No,No,Great match! ⭐⭐⭐⭐⭐,Positive,NORMAL,0.76,2026-05-23,v1.0
FB004806,BYR000904,PRD002904,Yes,No,No,No,Yes,No,Duplicate of item I already own,Negative,NORMAL,0.6,2026-06-01,v1.0
FB004807,BYR000392,PRD002558,Yes,No,Yes,No,No,No,Irrelevant to my search,Neutral,NORMAL,0.76,2026-06-04,v1.0
FB004808,BYR000311,PRD000033,Yes,No,No,No,Yes,No,Already purchased elsewhere,Negative,COLD_START,0.65,2026-07-09,v1.0
FB004809,BYR000147,PRD002938,Yes,Yes,Yes,No,No,No,Relevant recommendation,Neutral,NORMAL,0.63,2026-07-24,v1.0
FB004810,BYR000558,PRD000851,Yes,No,No,No,Yes,No,Already purchased elsewhere,Negative,NORMAL,0.75,2026-07-08,v1.0
FB004811,BYR000886,PRD002057,Yes,No,No,No,Yes,No,Duplicate of item I already own,Negative,NORMAL,0.61,2026-07-12,v1.0
FB004812,BYR000138,PRD001500,Yes,No,Yes,No,No,No,Price too high 😅,Neutral,NEGATIVE,0.97,2026-07-27,v1.0
FB004813,BYR000269,PRD002428,Yes,No,No,No,Yes,No,Already purchased elsewhere,Negative,EDGE,0.66,2026-07-21,v1.0
FB004814,BYR000617,PRD001344,Yes,Yes,Yes,No,No,No,"Good match, saved to wishlist",Neutral,NORMAL,0.6,2026-05-30,v1.0
FB004815,BYR000282,PRD001294,Yes,Yes,Yes,No,No,No,Too expensive for my budget,Neutral,NORMAL,0.51,2026-07-01,v1.0
FB004816,BYR000825,PRD000331,Yes,No,Yes,No,No,No,Irrelevant to my search,Neutral,EDGE,0.82,2026-07-17,v1.0
FB004817,BYR000718,PRD002474,Yes,No,Yes,No,No,No,Price too high 😅,Neutral,EDGE,0.83,2026-06-02,v1.0
FB004818,BYR000854,PRD001290,Yes,Yes,Yes,No,No,No,Relevant recommendation,Neutral,NORMAL,0.64,2026-05-23,v1.0
FB004819,BYR000128,PRD002915,Yes,No,No,No,Yes,No,Duplicate of item I already own,Negative,EDGE,0.76,2026-07-06,v1.0
FB004820,BYR000061,PRD000494,Yes,No,No,No,Yes,No,Already purchased elsewhere,Negative,NORMAL,0.77,2026-05-19,v1.0
FB004821,BYR000177,PRD000596,Yes,No,Yes,No,No,No,Not my style,Neutral,EDGE,0.56,2026-08-05,v1.0
FB004822,BYR000535,PRD000426,Yes,No,Yes,No,No,No,Price too high 😅,Neutral,NORMAL,0.59,2026-05-11,v1.0
FB004823,BYR000889,PRD001141,Yes,Yes,Yes,No,No,No,"Good match, saved to wishlist",Neutral,NORMAL,0.78,2026-07-27,v1.0
FB004824,BYR000542,PRD001314,Yes,Yes,Yes,No,No,No,"Good match, saved to wishlist",Neutral,NORMAL,0.89,2026-06-09,v1.0
FB004825,BYR000230,PRD001910,Yes,No,No,No,Yes,No,Duplicate of item I already own,Negative,NEGATIVE,0.75,2026-07-17,v1.0
FB004826,BYR000331,PRD001408,Yes,No,No,No,Yes,No,Not interested,Negative,NORMAL,0.73,2026-07-08,v1.0
FB004827,BYR000503,PRD002322,Yes,No,Yes,No,No,No,Irrelevant to my search,Neutral,NEGATIVE,0.64,2026-07-06,v1.0
FB004828,BYR000195,PRD000574,Yes,No,Yes,No,No,No,Not my style,Neutral,NORMAL,0.95,2026-07-26,v1.0
FB004829,BYR000035,PRD002813,Yes,No,No,No,Yes,No,Already purchased elsewhere,Negative,NORMAL,0.69,2026-05-15,v1.0
FB004830,BYR000612,PRD002016,Yes,No,Yes,No,No,No,Irrelevant to my search,Neutral,BOUNDARY,0.89,2026-05-28,v1.0
FB004831,BYR000299,PRD001636,Yes,No,No,No,Yes,No,Already purchased elsewhere,Negative,NORMAL,0.57,2026-07-08,v1.0
FB004832,BYR000102,PRD000860,Yes,No,Yes,No,No,No,Irrelevant to my search,Neutral,BOUNDARY,0.85,2026-06-09,v1.0
FB004833,BYR000824,PRD000207,Yes,Yes,Yes,Yes,No,No,Clicked and purchased,Positive,NORMAL,0.55,2026-07-22,v1.0
FB004834,BYR000706,PRD002809,Yes,No,Yes,No,No,No,Irrelevant to my search,Neutral,EDGE,0.92,2026-06-30,v1.0
FB004835,BYR000080,PRD000101,Yes,Yes,Yes,Yes,No,No,"Perfect timing, needed this",Positive,RARE,0.55,2026-06-02,v1.0
FB004836,BYR000994,PRD002647,Yes,No,Yes,No,No,No,Irrelevant to my search,Neutral,NORMAL,0.74,2026-06-11,v1.0
FB004837,BYR000300,PRD000385,Yes,No,No,No,Yes,No,Already purchased elsewhere,Negative,NORMAL,0.96,2026-07-22,v1.0
FB004838,BYR000555,PRD002540,Yes,Yes,Yes,No,No,No,Too expensive for my budget,Neutral,NORMAL,0.93,2026-07-03,v1.0
FB004839,BYR000211,PRD002374,Yes,No,No,No,Yes,No,Already purchased elsewhere,Negative,NORMAL,0.83,2026-07-07,v1.0
FB004840,BYR000290,PRD001131,Yes,Yes,Yes,Yes,No,No,Great match! ⭐⭐⭐⭐⭐,Positive,COLD_START,0.8,2026-06-22,v1.0
FB004841,BYR000062,PRD001442,Yes,Yes,Yes,Yes,No,No,Clicked and purchased,Positive,EDGE,0.59,2026-05-31,v1.0
FB004842,BYR000285,PRD000942,Yes,No,No,No,Yes,No,Not interested,Negative,NEGATIVE,0.79,2026-06-05,v1.0
FB004843,BYR000808,PRD001701,Yes,No,Yes,No,No,No,Price too high 😅,Neutral,NORMAL,0.66,2026-06-07,v1.0
FB004844,BYR000186,PRD002946,Yes,No,Yes,No,No,No,Irrelevant to my search,Neutral,NORMAL,0.62,2026-05-08,v1.0
FB004845,BYR000080,PRD002562,Yes,Yes,Yes,Yes,No,No,Great match! ⭐⭐⭐⭐⭐,Positive,NORMAL,0.69,2026-07-12,v1.0
FB004846,BYR000926,PRD001648,Yes,No,No,No,Yes,No,Duplicate of item I already own,Negative,NEGATIVE,0.96,2026-06-12,v1.0
FB004847,BYR000755,PRD002803,Yes,No,No,No,Yes,No,Already purchased elsewhere,Negative,NORMAL,0.51,2026-05-20,v1.0
FB004848,BYR000445,PRD002874,Yes,Yes,Yes,Yes,No,No,Great match! ⭐⭐⭐⭐⭐,Positive,NORMAL,0.74,2026-07-14,v1.0
FB004849,BYR000096,PRD001608,Yes,No,No,No,Yes,No,Already purchased elsewhere,Negative,NEGATIVE,0.95,2026-08-03,v1.0
FB004850,BYR000700,PRD000342,Yes,No,No,No,Yes,No,Not interested,Negative,EDGE,0.66,2026-07-05,v1.0
FB004851,BYR000856,PRD000131,Yes,No,Yes,No,No,No,Not my style,Neutral,EDGE,0.9,2026-05-25,v1.0
FB004852,BYR000717,PRD002525,Yes,No,No,No,Yes,Yes,Not interested,Negative,NEGATIVE,0.97,2026-05-15,v1.0
FB004853,BYR000328,PRD002439,Yes,No,No,No,Yes,No,Not interested,Negative,NORMAL,0.82,2026-06-19,v1.0
FB004854,BYR000947,PRD002104,Yes,No,Yes,No,No,No,Irrelevant to my search,Neutral,NORMAL,0.62,2026-07-20,v1.0
FB004855,BYR000012,PRD001162,Yes,Yes,Yes,No,No,No,"Good match, saved to wishlist",Neutral,NORMAL,0.73,2026-06-27,v1.0
FB004856,BYR000506,PRD000742,Yes,No,Yes,No,No,No,Price too high 😅,Neutral,NORMAL,0.57,2026-07-30,v1.0
FB004857,BYR000073,PRD001281,Yes,No,Yes,No,No,No,Irrelevant to my search,Neutral,NORMAL,0.95,2026-05-18,v1.0
FB004858,BYR000170,PRD000141,Yes,No,No,No,Yes,No,Already purchased elsewhere,Negative,NORMAL,0.56,2026-06-08,v1.0
FB004859,BYR000562,PRD002599,Yes,No,Yes,No,No,No,Not my style,Neutral,NORMAL,0.8,2026-06-08,v1.0
FB004860,BYR000389,PRD000509,Yes,No,No,No,Yes,No,Duplicate of item I already own,Negative,NORMAL,0.53,2026-05-14,v1.0
FB004861,BYR000760,PRD002823,Yes,No,No,No,Yes,No,Duplicate of item I already own,Negative,NORMAL,0.93,2026-05-21,v1.0
FB004862,BYR000171,PRD000412,Yes,No,Yes,No,No,No,Not my style,Neutral,NORMAL,0.55,2026-05-21,v1.0
FB004863,BYR000969,PRD001014,Yes,No,No,No,Yes,No,Duplicate of item I already own,Negative,EDGE,0.84,2026-05-30,v1.0
FB004864,BYR000733,PRD001158,Yes,Yes,Yes,No,No,No,Relevant recommendation,Neutral,NORMAL,0.71,2026-08-01,v1.0
FB004865,BYR001000,PRD001036,Yes,No,Yes,No,No,No,Irrelevant to my search,Neutral,NORMAL,0.94,2026-07-14,v1.0
FB004866,BYR000564,PRD002103,Yes,No,No,No,Yes,No,Already purchased elsewhere,Negative,NORMAL,0.55,2026-07-05,v1.0
FB004867,BYR000926,PRD001736,Yes,No,No,No,Yes,No,Already purchased elsewhere,Negative,NORMAL,0.9,2026-06-26,v1.0
FB004868,BYR000752,PRD001537,Yes,No,Yes,No,No,No,Price too high 😅,Neutral,NEGATIVE,0.84,2026-08-03,v1.0
FB004869,BYR000363,PRD000180,Yes,No,No,No,Yes,No,Already purchased elsewhere,Negative,NORMAL,0.69,2026-06-29,v1.0
FB004870,BYR000632,PRD001616,Yes,No,No,No,Yes,No,Duplicate of item I already own,Negative,NORMAL,0.89,2026-06-01,v1.0
FB004871,BYR000098,PRD000932,Yes,No,No,No,Yes,No,Duplicate of item I already own,Negative,NORMAL,0.52,2026-05-15,v1.0
FB004872,BYR000201,PRD001963,Yes,No,No,No,Yes,No,Not interested,Negative,NORMAL,0.66,2026-07-29,v1.0
FB004873,BYR000739,PRD001948,Yes,Yes,Yes,No,No,No,"Good match, saved to wishlist",Neutral,NORMAL,0.9,2026-07-06,v1.0
FB004874,BYR000860,PRD002298,Yes,No,Yes,No,No,No,Not my style,Neutral,NORMAL,0.91,2026-05-27,v1.0
FB004875,BYR000642,PRD002086,Yes,No,Yes,No,No,No,Irrelevant to my search,Neutral,NORMAL,0.57,2026-07-14,v1.0
FB004876,BYR000265,PRD000793,Yes,No,No,No,Yes,No,Already purchased elsewhere,Negative,BOUNDARY,0.86,2026-06-06,v1.0
FB004877,BYR000015,PRD002058,Yes,Yes,Yes,No,No,No,Too expensive for my budget,Neutral,NORMAL,0.82,2026-07-25,v1.0
FB004878,BYR000954,PRD000732,Yes,No,No,No,Yes,No,Not interested,Negative,NEGATIVE,0.78,2026-07-11,v1.0
FB004879,BYR000688,PRD000431,Yes,Yes,Yes,No,No,No,Relevant recommendation,Neutral,BOUNDARY,0.8,2026-06-09,v1.0
FB004880,BYR000128,PRD001935,Yes,Yes,Yes,No,No,No,Relevant recommendation,Neutral,NORMAL,0.63,2026-06-06,v1.0
FB004881,BYR000029,PRD000168,Yes,Yes,Yes,No,No,No,Relevant recommendation,Neutral,BOUNDARY,0.53,2026-08-03,v1.0
FB004882,BYR000762,PRD001137,Yes,Yes,Yes,No,No,No,Too expensive for my budget,Neutral,BOUNDARY,0.65,2026-07-08,v1.0
FB004883,BYR000290,PRD001916,Yes,Yes,Yes,Yes,No,No,"Perfect timing, needed this",Positive,RARE,0.87,2026-05-29,v1.0
FB004884,BYR000630,PRD001070,Yes,No,No,No,Yes,No,Duplicate of item I already own,Negative,NORMAL,0.76,2026-05-09,v1.0
FB004885,BYR000956,PRD000267,Yes,No,No,No,Yes,No,Duplicate of item I already own,Negative,COLD_START,0.98,2026-07-25,v1.0
FB004886,BYR000234,PRD001318,Yes,No,Yes,No,No,No,Price too high 😅,Neutral,RARE,0.86,2026-07-23,v1.0
FB004887,BYR000045,PRD002866,Yes,Yes,Yes,No,No,No,Too expensive for my budget,Neutral,BOUNDARY,0.9,2026-07-07,v1.0
FB004888,BYR000528,PRD001037,Yes,No,Yes,No,No,No,Irrelevant to my search,Neutral,COLD_START,0.61,2026-07-25,v1.0
FB004889,BYR000360,PRD000448,Yes,Yes,Yes,No,No,No,Relevant recommendation,Neutral,NORMAL,0.64,2026-05-27,v1.0
FB004890,BYR000318,PRD000840,Yes,Yes,Yes,Yes,No,No,Clicked and purchased,Positive,NORMAL,0.52,2026-08-02,v1.0
FB004891,BYR000807,PRD000941,Yes,No,No,No,Yes,No,Already purchased elsewhere,Negative,NORMAL,0.53,2026-06-08,v1.0
FB004892,BYR000933,PRD001479,Yes,Yes,Yes,No,No,No,Too expensive for my budget,Neutral,NORMAL,0.78,2026-05-31,v1.0
FB004893,BYR000734,PRD000897,Yes,No,No,No,Yes,No,Not interested,Negative,NORMAL,0.7,2026-06-19,v1.0
FB004894,BYR000542,PRD001856,Yes,No,No,No,Yes,No,Not interested,Negative,NORMAL,0.75,2026-05-12,v1.0
FB004895,BYR000549,PRD001186,Yes,No,No,No,Yes,No,Not interested,Negative,NORMAL,0.89,2026-07-19,v1.0
FB004896,BYR000038,PRD000781,Yes,No,Yes,No,No,No,Price too high 😅,Neutral,NORMAL,0.5,2026-05-26,v1.0
FB004897,BYR000210,PRD001654,Yes,No,No,No,Yes,No,Already purchased elsewhere,Negative,NORMAL,0.57,2026-08-06,v1.0
FB004898,BYR000876,PRD001504,Yes,Yes,Yes,Yes,No,No,Great match! ⭐⭐⭐⭐⭐,Positive,NORMAL,0.87,2026-05-21,v1.0
FB004899,BYR000202,PRD002404,Yes,No,No,No,Yes,No,Duplicate of item I already own,Negative,NORMAL,0.51,2026-07-10,v1.0
FB004900,BYR000623,PRD001404,Yes,Yes,Yes,Yes,No,No,Great match! ⭐⭐⭐⭐⭐,Positive,NEGATIVE,0.99,2026-05-27,v1.0
FB004901,BYR000238,PRD001004,Yes,Yes,Yes,Yes,No,No,Great match! ⭐⭐⭐⭐⭐,Positive,NORMAL,0.97,2026-08-04,v1.0
FB004902,BYR000460,PRD002750,Yes,No,No,No,Yes,No,Not interested,Negative,NORMAL,0.64,2026-07-17,v1.0
FB004903,BYR000957,PRD000947,Yes,No,No,No,Yes,No,Not interested,Negative,NORMAL,0.99,2026-07-09,v1.0
FB004904,BYR000427,PRD002358,Yes,No,No,No,Yes,No,Duplicate of item I already own,Negative,NORMAL,0.87,2026-07-10,v1.0
FB004905,BYR000010,PRD001175,Yes,Yes,Yes,No,No,No,"Good match, saved to wishlist",Neutral,COLD_START,0.52,2026-05-19,v1.0
FB004906,BYR000483,PRD001375,Yes,No,No,No,Yes,No,Already purchased elsewhere,Negative,NORMAL,0.82,2026-05-14,v1.0
FB004907,BYR000784,PRD000858,Yes,Yes,Yes,No,No,No,Relevant recommendation,Neutral,NORMAL,0.59,2026-08-06,v1.0
FB004908,BYR000671,PRD000272,Yes,Yes,Yes,No,No,No,"Good match, saved to wishlist",Neutral,NORMAL,0.73,2026-07-15,v1.0
FB004909,BYR000664,PRD002804,Yes,No,No,No,Yes,No,Duplicate of item I already own,Negative,NEGATIVE,0.72,2026-07-28,v1.0
FB004910,BYR000118,PRD001985,Yes,Yes,Yes,No,No,No,"Good match, saved to wishlist",Neutral,NORMAL,0.51,2026-07-20,v1.0
FB004911,BYR000824,PRD002433,Yes,Yes,Yes,Yes,No,No,Great match! ⭐⭐⭐⭐⭐,Positive,NORMAL,0.81,2026-05-08,v1.0
FB004912,BYR000265,PRD001835,Yes,Yes,Yes,Yes,No,No,Great match! ⭐⭐⭐⭐⭐,Positive,BOUNDARY,0.69,2026-06-02,v1.0
FB004913,BYR000066,PRD002178,Yes,No,Yes,No,No,No,Price too high 😅,Neutral,NORMAL,0.66,2026-08-06,v1.0
FB004914,BYR000070,PRD001278,Yes,No,No,No,Yes,No,Not interested,Negative,EDGE,0.51,2026-05-16,v1.0
FB004915,BYR000591,PRD002674,Yes,Yes,Yes,No,No,No,"Good match, saved to wishlist",Neutral,COLD_START,0.63,2026-05-23,v1.0
FB004916,BYR000527,PRD002723,Yes,Yes,Yes,No,No,No,Relevant recommendation,Neutral,NORMAL,0.79,2026-05-10,v1.0
FB004917,BYR000948,PRD000430,Yes,No,No,No,Yes,No,Duplicate of item I already own,Negative,EDGE,0.92,2026-06-17,v1.0
FB004918,BYR000997,PRD000761,Yes,No,No,No,Yes,No,Duplicate of item I already own,Negative,NORMAL,0.52,2026-06-29,v1.0
FB004919,BYR000023,PRD000565,Yes,No,No,No,Yes,Yes,Already purchased elsewhere,Negative,COLD_START,0.63,2026-06-12,v1.0
FB004920,BYR000562,PRD000867,Yes,Yes,Yes,No,No,No,Relevant recommendation,Neutral,BOUNDARY,0.85,2026-06-02,v1.0
FB004921,BYR000580,PRD000386,Yes,Yes,Yes,Yes,No,No,Clicked and purchased,Positive,NORMAL,0.54,2026-06-02,v1.0
FB004922,BYR000599,PRD000983,Yes,Yes,Yes,No,No,No,"Good match, saved to wishlist",Neutral,NORMAL,0.92,2026-07-08,v1.0
FB004923,BYR000549,PRD001186,Yes,Yes,Yes,No,No,No,Relevant recommendation,Neutral,NORMAL,0.92,2026-07-13,v1.0
FB004924,BYR000080,PRD002673,Yes,No,Yes,No,No,No,Irrelevant to my search,Neutral,NEGATIVE,0.56,2026-06-13,v1.0
FB004925,BYR000656,PRD000483,Yes,Yes,Yes,No,No,No,Too expensive for my budget,Neutral,BOUNDARY,0.56,2026-06-12,v1.0
FB004926,BYR000632,PRD002192,Yes,No,No,No,Yes,No,Already purchased elsewhere,Negative,NORMAL,0.65,2026-05-27,v1.0
FB004927,BYR000714,PRD000997,Yes,Yes,Yes,Yes,No,No,Great match! ⭐⭐⭐⭐⭐,Positive,NORMAL,0.9,2026-05-23,v1.0
FB004928,BYR000385,PRD001169,Yes,Yes,Yes,Yes,No,No,"Perfect timing, needed this",Positive,NORMAL,0.89,2026-06-21,v1.0
FB004929,BYR000844,PRD001246,Yes,Yes,Yes,No,No,No,"Good match, saved to wishlist",Neutral,NORMAL,0.87,2026-05-14,v1.0
FB004930,BYR000449,PRD001641,Yes,No,No,No,Yes,No,Already purchased elsewhere,Negative,BOUNDARY,0.51,2026-05-24,v1.0
FB004931,BYR000506,PRD002325,Yes,No,No,No,Yes,No,Already purchased elsewhere,Negative,NORMAL,0.9,2026-05-19,v1.0
FB004932,BYR000117,PRD001619,Yes,No,Yes,No,No,No,Price too high 😅,Neutral,NORMAL,0.87,2026-07-10,v1.0
FB004933,BYR000859,PRD001653,Yes,No,Yes,No,No,No,Irrelevant to my search,Neutral,RARE,0.58,2026-07-12,v1.0
FB004934,BYR000097,PRD002311,Yes,No,Yes,No,No,No,Price too high 😅,Neutral,EDGE,0.99,2026-07-02,v1.0
FB004935,BYR000040,PRD000342,Yes,No,Yes,No,No,No,Irrelevant to my search,Neutral,NORMAL,0.86,2026-07-31,v1.0
FB004936,BYR000853,PRD001040,Yes,No,No,No,Yes,No,Duplicate of item I already own,Negative,NORMAL,0.64,2026-05-27,v1.0
FB004937,BYR000444,PRD001271,Yes,No,Yes,No,No,No,Irrelevant to my search,Neutral,NORMAL,0.53,2026-08-06,v1.0
FB004938,BYR000047,PRD000496,Yes,No,No,No,Yes,No,Duplicate of item I already own,Negative,NORMAL,0.58,2026-05-15,v1.0
FB004939,BYR000027,PRD002705,Yes,No,No,No,Yes,No,Duplicate of item I already own,Negative,NORMAL,0.98,2026-07-19,v1.0
FB004940,BYR000005,PRD000611,Yes,No,No,No,Yes,No,Already purchased elsewhere,Negative,NORMAL,0.69,2026-06-20,v1.0
FB004941,BYR000279,PRD001476,Yes,No,No,No,Yes,No,Not interested,Negative,NORMAL,0.92,2026-07-12,v1.0
FB004942,BYR000935,PRD001471,Yes,No,No,No,Yes,No,Duplicate of item I already own,Negative,NORMAL,0.61,2026-05-19,v1.0
FB004943,BYR000943,PRD001705,Yes,No,No,No,Yes,No,Duplicate of item I already own,Negative,NORMAL,0.76,2026-06-06,v1.0
FB004944,BYR000251,PRD000844,Yes,Yes,Yes,Yes,No,No,Clicked and purchased,Positive,NORMAL,0.74,2026-07-31,v1.0
FB004945,BYR000558,PRD002588,Yes,No,No,No,Yes,No,Already purchased elsewhere,Negative,NEGATIVE,0.64,2026-06-10,v1.0
FB004946,BYR000160,PRD000810,Yes,No,Yes,No,No,No,Not my style,Neutral,NORMAL,0.94,2026-05-22,v1.0
FB004947,BYR000855,PRD000601,Yes,Yes,Yes,Yes,No,No,Clicked and purchased,Positive,BOUNDARY,0.57,2026-07-10,v1.0
FB004948,BYR000561,PRD001022,Yes,Yes,Yes,No,No,No,Relevant recommendation,Neutral,NORMAL,0.56,2026-06-21,v1.0
FB004949,BYR000015,PRD001366,Yes,No,No,No,Yes,Yes,Not interested,Negative,NORMAL,0.81,2026-05-08,v1.0
FB004950,BYR000060,PRD001353,Yes,No,Yes,No,No,No,Not my style,Neutral,NORMAL,0.73,2026-08-04,v1.0
FB004951,BYR000566,PRD001772,Yes,No,Yes,No,No,No,Not my style,Neutral,RARE,0.55,2026-06-23,v1.0
FB004952,BYR000776,PRD001906,Yes,Yes,Yes,No,No,No,"Good match, saved to wishlist",Neutral,BOUNDARY,0.82,2026-06-01,v1.0
FB004953,BYR000822,PRD002446,Yes,No,No,No,Yes,Yes,Not interested,Negative,RARE,0.68,2026-07-16,v1.0
FB004954,BYR000057,PRD001133,Yes,No,No,No,Yes,No,Already purchased elsewhere,Negative,NEGATIVE,0.81,2026-06-14,v1.0
FB004955,BYR000825,PRD001314,Yes,No,No,No,Yes,No,Already purchased elsewhere,Negative,NORMAL,0.85,2026-06-23,v1.0
FB004956,BYR000597,PRD000245,Yes,No,No,No,Yes,No,Duplicate of item I already own,Negative,EDGE,0.87,2026-06-08,v1.0
FB004957,BYR000431,PRD001098,Yes,Yes,Yes,Yes,No,No,Great match! ⭐⭐⭐⭐⭐,Positive,RARE,0.75,2026-08-04,v1.0
FB004958,BYR000994,PRD002990,Yes,Yes,Yes,No,No,No,Too expensive for my budget,Neutral,NORMAL,0.77,2026-06-24,v1.0
FB004959,BYR000615,PRD002675,Yes,No,No,No,Yes,No,Already purchased elsewhere,Negative,NORMAL,0.81,2026-05-10,v1.0
FB004960,BYR000043,PRD002858,Yes,Yes,Yes,No,No,No,"Good match, saved to wishlist",Neutral,NORMAL,0.52,2026-07-15,v1.0
FB004961,BYR000179,PRD000012,Yes,No,Yes,No,No,No,Price too high 😅,Neutral,NORMAL,0.57,2026-07-29,v1.0
FB004962,BYR000828,PRD000429,Yes,No,Yes,No,No,No,Price too high 😅,Neutral,NORMAL,0.64,2026-07-15,v1.0
FB004963,BYR000305,PRD002310,Yes,No,Yes,No,No,No,Price too high 😅,Neutral,NORMAL,0.56,2026-07-12,v1.0
FB004964,BYR000723,PRD000599,Yes,No,No,No,Yes,No,Duplicate of item I already own,Negative,NORMAL,0.74,2026-08-04,v1.0
FB004965,BYR000043,PRD002470,Yes,Yes,Yes,No,No,No,"Good match, saved to wishlist",Neutral,NORMAL,0.88,2026-06-03,v1.0
FB004966,BYR000738,PRD000207,Yes,Yes,Yes,No,No,No,"Good match, saved to wishlist",Neutral,NORMAL,0.69,2026-05-09,v1.0
FB004967,BYR000290,PRD000529,Yes,No,No,No,Yes,No,Not interested,Negative,NORMAL,0.77,2026-06-20,v1.0
FB004968,BYR000066,PRD002269,Yes,No,Yes,No,No,No,Not my style,Neutral,COLD_START,0.86,2026-06-02,v1.0
FB004969,BYR000102,PRD001074,Yes,No,No,No,Yes,Yes,Not interested,Negative,NORMAL,0.69,2026-07-27,v1.0
FB004970,BYR000514,PRD001831,Yes,No,No,No,Yes,No,Not interested,Negative,COLD_START,0.76,2026-07-13,v1.0
FB004971,BYR000098,PRD002210,Yes,No,No,No,Yes,No,Not interested,Negative,NEGATIVE,0.83,2026-05-08,v1.0
FB004972,BYR000075,PRD001107,Yes,No,No,No,Yes,No,Duplicate of item I already own,Negative,NORMAL,0.97,2026-05-15,v1.0
FB004973,BYR000569,PRD002020,Yes,No,No,No,Yes,No,Already purchased elsewhere,Negative,NORMAL,0.58,2026-05-14,v1.0
FB004974,BYR000385,PRD001169,Yes,No,Yes,No,No,No,Price too high 😅,Neutral,NORMAL,0.9,2026-07-28,v1.0
FB004975,BYR000501,PRD001044,Yes,Yes,Yes,No,No,No,Too expensive for my budget,Neutral,NORMAL,0.8,2026-05-14,v1.0
FB004976,BYR000637,PRD001909,Yes,No,No,No,Yes,No,Duplicate of item I already own,Negative,NORMAL,0.99,2026-07-20,v1.0
FB004977,BYR000207,PRD002889,Yes,No,No,No,Yes,Yes,Duplicate of item I already own,Negative,NORMAL,0.51,2026-07-24,v1.0
FB004978,BYR000300,PRD002669,Yes,No,Yes,No,No,No,Irrelevant to my search,Neutral,NORMAL,0.96,2026-06-30,v1.0
FB004979,BYR000479,PRD000132,Yes,No,Yes,No,No,No,Price too high 😅,Neutral,NEGATIVE,0.58,2026-06-21,v1.0
FB004980,BYR000010,PRD000535,Yes,No,No,No,Yes,No,Already purchased elsewhere,Negative,NEGATIVE,0.8,2026-07-03,v1.0
FB004981,BYR000925,PRD001855,Yes,No,Yes,No,No,No,Not my style,Neutral,NORMAL,0.54,2026-07-07,v1.0
FB004982,BYR000193,PRD000534,Yes,No,No,No,Yes,Yes,Already purchased elsewhere,Negative,NORMAL,0.63,2026-07-30,v1.0
FB004983,BYR000339,PRD000849,Yes,No,Yes,No,No,No,Price too high 😅,Neutral,NORMAL,0.9,2026-07-26,v1.0
FB004984,BYR000207,PRD002889,Yes,No,Yes,No,No,No,Irrelevant to my search,Neutral,NORMAL,0.82,2026-07-10,v1.0
FB004985,BYR000688,PRD000543,Yes,No,No,No,Yes,No,Duplicate of item I already own,Negative,NORMAL,0.89,2026-05-24,v1.0
FB004986,BYR000701,PRD000355,Yes,No,Yes,No,No,No,Not my style,Neutral,NORMAL,0.65,2026-06-16,v1.0
FB004987,BYR000709,PRD000342,Yes,No,No,No,Yes,No,Already purchased elsewhere,Negative,NORMAL,0.52,2026-06-25,v1.0
FB004988,BYR000528,PRD002469,Yes,No,No,No,Yes,No,Not interested,Negative,EDGE,0.69,2026-07-13,v1.0
FB004989,BYR000166,PRD000168,Yes,No,No,No,Yes,No,Not interested,Negative,NORMAL,0.95,2026-07-26,v1.0
FB004990,BYR000035,PRD001533,Yes,Yes,Yes,No,No,No,"Good match, saved to wishlist",Neutral,NORMAL,0.55,2026-07-17,v1.0
FB004991,BYR000759,PRD002397,Yes,No,No,No,Yes,No,Already purchased elsewhere,Negative,NORMAL,0.62,2026-06-23,v1.0
FB004992,BYR000720,PRD001812,Yes,Yes,Yes,No,No,No,Relevant recommendation,Neutral,NORMAL,0.63,2026-06-30,v1.0
FB004993,BYR000933,PRD002242,Yes,No,No,No,Yes,No,Not interested,Negative,BOUNDARY,0.61,2026-07-18,v1.0
FB004994,BYR000453,PRD002843,Yes,Yes,Yes,Yes,No,No,Great match! ⭐⭐⭐⭐⭐,Positive,NORMAL,0.94,2026-07-20,v1.0
FB004995,BYR000562,PRD001609,Yes,Yes,Yes,Yes,No,No,Clicked and purchased,Positive,NORMAL,0.93,2026-08-05,v1.0
FB004996,BYR000404,PRD000251,Yes,No,No,No,Yes,Yes,Duplicate of item I already own,Negative,NORMAL,0.65,2026-07-29,v1.0
FB004997,BYR000780,PRD002766,Yes,Yes,Yes,No,No,No,Too expensive for my budget,Neutral,RARE,0.95,2026-07-25,v1.0
FB004998,BYR000762,PRD001137,Yes,Yes,Yes,No,No,No,Relevant recommendation,Neutral,BOUNDARY,0.74,2026-08-01,v1.0
FB004999,BYR000051,PRD000760,Yes,No,No,No,Yes,No,Not interested,Negative,NORMAL,0.55,2026-06-25,v1.0
FB005000,BYR000522,PRD000129,Yes,No,No,No,Yes,No,Duplicate of item I already own,Negative,NORMAL,0.51,2026-07-02,v1.0
